t,lat,lon,alt,vx,vy,vz,ax,ay,az,yaw,mode,ledr,ledg,ledb
10.0,35.72394508084648,51.27649295126567,1300.000113277696,0.0001001742856487894,-1.635428574786578e-05,0.0,1.1368968375231719e-12,-5.684388642299409e-13,0.0,352.5,70.0,0.0,255.0,0.0
10.05,35.72395014152252,51.27649260209912,1300.0001133242622,0.00010017428570563425,-1.6354285776287725e-05,0.0,5.684482832363225e-13,-2.842194253387109e-13,0.0,352.00964285714286,70.0,0.0,255.0,0.0
10.100000000000001,35.72395520546655,51.2764922523701,1300.0001133661717,0.00010017428570563425,-1.6354285776287725e-05,0.0,5.684341886080801e-13,1.1368683772161603e-12,0.0,351.5192857142857,70.0,0.0,255.0,0.0
10.150000000000002,35.72396027267451,51.27649190204437,1300.0001134052873,0.00010017428576247767,-1.6354285662600887e-05,0.0,5.684341886080801e-13,1.1368683772161603e-12,0.0,351.02892857142854,70.0,0.0,255.0,0.0
10.200000000000003,35.72396534314213,51.27649155108767,1300.0001134406775,0.00010017428576247767,-1.6354285662600887e-05,0.0,-5.684341886080801e-13,-1.1368683772161603e-12,0.0,350.5385714285714,70.0,0.0,255.0,0.0
10.250000000000004,35.72397041686489,51.27649119946583,1300.0001134714112,0.00010017428570563425,-1.6354285776287725e-05,0.0,-5.684341886080801e-13,0.0,0.0,350.04821428571427,70.0,0.0,255.0,0.0
10.300000000000004,35.72397549383802,51.27649084714469,1300.0001134993508,0.00010017428570563425,-1.6354285662600887e-05,0.0,0.0,1.1368683772161603e-12,0.0,349.5578571428571,70.0,0.0,255.0,0.0
10.350000000000005,35.7239805740565,51.2764904940902,1300.000113522634,0.00010017428570563425,-1.6354285662600887e-05,0.0,0.0,-1.1368683772161603e-12,0.0,349.06749999999994,70.0,0.0,255.0,0.0
10.400000000000006,35.72398565751512,51.27649014026829,1300.0001135440543,0.00010017428570563425,-1.6354285776287725e-05,0.0,0.0,-1.1368683772161603e-12,0.0,348.5771428571428,70.0,0.0,255.0,0.0
10.450000000000006,35.7239907442084,51.27648978564498,1300.0001135608181,0.00010017428570563425,-1.6354285776287725e-05,0.0,0.0,1.1368683772161603e-12,0.0,348.08678571428567,70.0,0.0,255.0,0.0
10.500000000000007,35.723995834130626,51.27648943018638,1300.0001135766506,0.00010017428570563425,-1.6354285662600887e-05,0.0,5.684341886080801e-13,1.1368683772161603e-12,0.0,347.5964285714285,70.0,0.0,255.0,0.0
10.550000000000008,35.72400092727587,51.27648907385861,1300.0001135878265,0.00010017428576247767,-1.6354285662600887e-05,0.0,5.684341886080801e-13,-1.1368683772161603e-12,0.0,347.10607142857134,70.0,0.0,255.0,0.0
10.600000000000009,35.724006023637905,51.27648871662788,1300.0001135943457,0.00010017428576247767,-1.6354285776287725e-05,0.0,-1.1368683772161603e-12,0.0,0.0,346.6157142857142,70.0,0.0,255.0,0.0
10.65000000000001,35.72401112321035,51.27648835846048,1300.0001135990024,0.00010017428564879083,-1.6354285662600887e-05,0.0,-5.684341886080801e-13,1.1368683772161603e-12,0.0,346.12535714285707,70.0,0.0,255.0,0.0
10.70000000000001,35.72401622598651,51.27648799932272,1300.0001135999337,0.00010017428570563425,-1.6354285662600887e-05,0.0,5.684341886080801e-13,-1.1368683772161603e-12,0.0,345.6349999999999,70.0,0.0,255.0,0.0
10.75000000000001,35.72402133195955,51.27648763918104,1300.0001135971397,0.00010017428570563425,-1.6354285776287725e-05,0.0,0.0,-1.1368683772161603e-12,0.0,345.14464285714274,70.0,0.0,255.0,0.0
10.800000000000011,35.724026441122305,51.2764872780019,1300.0001135934144,0.00010017428570563425,-1.6354285776287725e-05,0.0,0.0,1.1368683772161603e-12,0.0,344.6542857142856,70.0,0.0,255.0,0.0
10.850000000000012,35.724031553467434,51.276486915751875,1300.0001135868952,0.00010017428570563425,-1.6354285662600887e-05,0.0,0.0,0.0,0.0,344.16392857142847,70.0,0.0,255.0,0.0
10.900000000000013,35.72403666898733,51.27648655239759,1300.0001135757193,0.00010017428570563425,-1.6354285776287725e-05,0.0,0.0,0.0,0.0,343.6735714285713,70.0,0.0,255.0,0.0
10.950000000000014,35.72404178767418,51.27648618790579,1300.000113563612,0.00010017428570563425,-1.6354285662600887e-05,0.0,5.684341886080801e-13,1.1368683772161603e-12,0.0,343.18321428571414,70.0,0.0,255.0,0.0
11.000000000000014,35.72404690951994,51.27648582224328,1300.0001135468483,0.00010017428576247767,-1.6354285662600887e-05,0.0,5.684341886080801e-13,-1.1368683772161603e-12,0.0,342.692857142857,70.0,0.0,255.0,0.0
11.050000000000015,35.72405203451633,51.276485455376914,1300.0001135282218,0.00010017428576247767,-1.6354285776287725e-05,0.0,-5.684341886080801e-13,-1.1368683772161603e-12,0.0,342.2024999999999,70.0,0.0,255.0,0.0
11.100000000000016,35.72405716265479,51.276485087273684,1300.0001135077327,0.00010017428570563425,-1.6354285776287725e-05,0.0,-5.684341886080801e-13,1.1368683772161603e-12,0.0,341.7121428571427,70.0,0.0,255.0,0.0
11.150000000000016,35.72406229392663,51.27648471790068,1300.000113485381,0.00010017428570563425,-1.6354285662600887e-05,0.0,0.0,1.1368683772161603e-12,0.0,341.22178571428555,70.0,0.0,255.0,0.0
11.200000000000017,35.72406742832281,51.27648434722506,1300.0001134574413,0.00010017428570563425,-1.6354285662600887e-05,0.0,0.0,-1.1368683772161603e-12,0.0,340.7314285714284,70.0,0.0,255.0,0.0
11.250000000000018,35.72407256583418,51.27648397521405,1300.0001134295017,0.00010017428570563425,-1.6354285776287725e-05,0.0,-5.684341886080801e-13,0.0,0.0,340.2410714285713,70.0,0.0,255.0,0.0
11.300000000000018,35.72407770645127,51.27648360183502,1300.000113398768,0.00010017428564879083,-1.6354285662600887e-05,0.0,0.0,1.1368683772161603e-12,0.0,339.7507142857141,70.0,0.0,255.0,0.0
11.35000000000002,35.72408285016445,51.27648322705542,1300.000113364309,0.00010017428570563425,-1.6354285662600887e-05,0.0,5.684341886080801e-13,-1.1368683772161603e-12,0.0,339.26035714285695,70.0,0.0,255.0,0.0
11.40000000000002,35.7240879969638,51.27648285084284,1300.0001133298501,0.00010017428570563425,-1.6354285776287725e-05,0.0,5.684341886080801e-13,-1.1368683772161603e-12,0.0,338.7699999999998,70.0,0.0,255.0,0.0
11.45000000000002,35.72409314683923,51.276482473164904,1300.0001132925972,0.00010017428576247767,-1.6354285776287725e-05,0.0,5.684341886080801e-13,1.1368683772161603e-12,0.0,338.2796428571427,70.0,0.0,255.0,0.0
11.500000000000021,35.72409829978039,51.276482093989394,1300.000113254413,0.00010017428576247767,-1.6354285662600887e-05,0.0,-5.684341886080801e-13,1.1368683772161603e-12,0.0,337.7892857142855,70.0,0.0,255.0,0.0
11.550000000000022,35.724103455776714,51.276481713284184,1300.0001132134348,0.00010017428570563425,-1.6354285662600887e-05,0.0,-5.684341886080801e-13,0.0,0.0,337.29892857142835,70.0,0.0,255.0,0.0
11.600000000000023,35.724108614817425,51.27648133101727,1300.0001131696627,0.00010017428570563425,-1.6354285662600887e-05,0.0,0.0,-1.1368683772161603e-12,0.0,336.8085714285712,70.0,0.0,255.0,0.0
11.650000000000023,35.72411377689151,51.27648094715677,1300.0001131249592,0.00010017428570563425,-1.6354285776287725e-05,0.0,0.0,-1.1368683772161603e-12,0.0,336.3182142857141,70.0,0.0,255.0,0.0
11.700000000000024,35.724118941987726,51.27648056167088,1300.000113078393,0.00010017428570563425,-1.6354285776287725e-05,0.0,0.0,0.0,0.0,335.8278571428569,70.0,0.0,255.0,0.0
11.750000000000025,35.724124110094614,51.276480174527954,1300.000113029033,0.00010017428570563425,-1.6354285776287725e-05,0.0,0.0,1.1368683772161603e-12,0.0,335.33749999999975,70.0,0.0,255.0,0.0
11.800000000000026,35.72412928120052,51.27647978569646,1300.0001129778102,0.00010017428570563425,-1.6354285662600887e-05,0.0,5.684341886080801e-13,1.1368683772161603e-12,0.0,334.8471428571426,70.0,0.0,255.0,0.0
11.850000000000026,35.72413445529354,51.276479395145,1300.0001129275188,0.00010017428576247767,-1.6354285662600887e-05,0.0,5.684341886080801e-13,-1.1368683772161603e-12,0.0,334.3567857142855,70.0,0.0,255.0,0.0
11.900000000000027,35.724139632361556,51.276479002842244,1300.000112873502,0.00010017428576247767,-1.6354285776287725e-05,0.0,-1.1368683772161603e-12,0.0,0.0,333.8664285714283,70.0,0.0,255.0,0.0
11.950000000000028,35.72414481239225,51.27647860875705,1300.000112818554,0.00010017428564879083,-1.6354285662600887e-05,0.0,-5.684341886080801e-13,1.1368683772161603e-12,0.0,333.37607142857115,70.0,0.0,255.0,0.0
12.000000000000028,35.72414999537305,51.27647821285841,1300.0001127626747,0.00010017428570563425,-1.6354285662600887e-05,0.0,5.684341886080801e-13,-1.1368683772161603e-12,0.0,332.885714285714,70.0,0.0,255.0,0.0
12.05000000000003,35.72415518129122,51.276477815115406,1300.000112705864,0.00010017428570563425,-1.6354285776287725e-05,0.0,0.0,-1.1368683772161603e-12,0.0,332.3953571428568,70.0,0.0,255.0,0.0
12.10000000000003,35.72416037013377,51.27647741549728,1300.0001126462594,0.00010017428570563425,-1.6354285776287725e-05,0.0,0.0,1.1368683772161603e-12,0.0,331.9049999999997,70.0,0.0,255.0,0.0
12.15000000000003,35.7241655618875,51.276477013973405,1300.0001125866547,0.00010017428570563425,-1.6354285662600887e-05,0.0,0.0,1.1368683772161603e-12,0.0,331.41464285714255,70.0,0.0,255.0,0.0
12.200000000000031,35.724170756538996,51.27647661051331,1300.0001125251874,0.00010017428570563425,-1.6354285662600887e-05,0.0,0.0,0.0,0.0,330.9242857142854,70.0,0.0,255.0,0.0
12.250000000000032,35.724175954074674,51.27647620508666,1300.0001124618575,0.00010017428570563425,-1.6354285662600887e-05,0.0,5.684341886080801e-13,-1.1368683772161603e-12,0.0,330.4339285714283,70.0,0.0,255.0,0.0
12.300000000000033,35.72418115448066,51.276475797663224,1300.0001123994589,0.00010017428576247767,-1.6354285776287725e-05,0.0,5.684341886080801e-13,-1.1368683772161603e-12,0.0,329.9435714285711,70.0,0.0,255.0,0.0
12.350000000000033,35.72418635774294,51.276475388212965,1300.0001123351976,0.00010017428576247767,-1.6354285776287725e-05,0.0,-5.684341886080801e-13,1.1368683772161603e-12,0.0,329.45321428571395,70.0,0.0,255.0,0.0
12.400000000000034,35.72419156384726,51.276474976706,1300.0001122709364,0.00010017428570563425,-1.6354285662600887e-05,0.0,-5.684341886080801e-13,1.1368683772161603e-12,0.0,328.9628571428568,70.0,0.0,255.0,0.0
12.450000000000035,35.72419677277917,51.27647456311256,1300.0001122038811,0.00010017428570563425,-1.6354285662600887e-05,0.0,-5.684341886080801e-13,-1.1368683772161603e-12,0.0,328.4724999999996,70.0,0.0,255.0,0.0
12.500000000000036,35.72420198452397,51.27647414740303,1300.0001121386886,0.00010017428564879083,-1.6354285776287725e-05,0.0,0.0,-1.1368683772161603e-12,0.0,327.9821428571425,70.0,0.0,255.0,0.0
12.550000000000036,35.72420719906684,51.27647372954797,1300.0001120725647,0.00010017428570563425,-1.6354285776287725e-05,0.0,5.684341886080801e-13,1.1368683772161603e-12,0.0,327.49178571428536,70.0,0.0,255.0,0.0
12.600000000000037,35.72421241639267,51.27647330951813,1300.0001120036468,0.00010017428570563425,-1.6354285662600887e-05,0.0,0.0,1.1368683772161603e-12,0.0,327.0014285714282,70.0,0.0,255.0,0.0
12.650000000000038,35.72421763648619,51.27647288728432,1300.000111934729,0.00010017428570563425,-1.6354285662600887e-05,0.0,0.0,-1.1368683772161603e-12,0.0,326.51107142857103,70.0,0.0,255.0,0.0
12.700000000000038,35.72422285933192,51.27647246281764,1300.0001118639484,0.00010017428570563425,-1.6354285776287725e-05,0.0,5.684341886080801e-13,-1.1368683772161603e-12,0.0,326.0207142857139,70.0,0.0,255.0,0.0
12.750000000000039,35.72422808491416,51.27647203608923,1300.0001117968932,0.00010017428576247767,-1.6354285776287725e-05,0.0,5.684341886080801e-13,1.1368683772161603e-12,0.0,325.53035714285676,70.0,0.0,255.0,0.0
12.80000000000004,35.72423331321705,51.27647160707048,1300.0001117261127,0.00010017428576247767,-1.6354285662600887e-05,0.0,-5.684341886080801e-13,1.1368683772161603e-12,0.0,325.0399999999996,70.0,0.0,255.0,0.0
12.85000000000004,35.72423854422449,51.27647117573291,1300.0001116571948,0.00010017428570563425,-1.6354285662600887e-05,0.0,-5.684341886080801e-13,0.0,0.0,324.54964285714243,70.0,0.0,255.0,0.0
12.900000000000041,35.7242437779202,51.27647074204823,1300.000111585483,0.00010017428570563425,-1.6354285662600887e-05,0.0,0.0,-1.1368683772161603e-12,0.0,324.0592857142853,70.0,0.0,255.0,0.0
12.950000000000042,35.724249014287714,51.27647030598829,1300.0001115156338,0.00010017428570563425,-1.6354285776287725e-05,0.0,0.0,-1.1368683772161603e-12,0.0,323.56892857142816,70.0,0.0,255.0,0.0
13.000000000000043,35.72425425331034,51.276469867525165,1300.0001114457846,0.00010017428570563425,-1.6354285776287725e-05,0.0,0.0,1.1368683772161603e-12,0.0,323.078571428571,70.0,0.0,255.0,0.0
13.050000000000043,35.72425949497121,51.27646942663105,1300.000111375004,0.00010017428570563425,-1.6354285662600887e-05,0.0,0.0,1.1368683772161603e-12,0.0,322.58821428571383,70.0,0.0,255.0,0.0
13.100000000000044,35.724264739253286,51.27646898327836,1300.0001113042235,0.00010017428570563425,-1.6354285662600887e-05,0.0,-5.684341886080801e-13,-1.1368683772161603e-12,0.0,322.0978571428567,70.0,0.0,255.0,0.0
13.150000000000045,35.72426998613927,51.276468537439676,1300.000111233443,0.00010017428564879083,-1.6354285776287725e-05,0.0,5.684341886080801e-13,-1.1368683772161603e-12,0.0,321.60749999999956,70.0,0.0,255.0,0.0
13.200000000000045,35.72427523561176,51.27646808908775,1300.0001111607999,0.00010017428576247767,-1.6354285776287725e-05,0.0,1.1368683772161603e-12,1.1368683772161603e-12,0.0,321.1171428571424,70.0,0.0,255.0,0.0
13.250000000000046,35.72428048765311,51.27646763819554,1300.0001110928133,0.00010017428576247767,-1.6354285662600887e-05,0.0,-5.684341886080801e-13,1.1368683772161603e-12,0.0,320.62678571428523,70.0,0.0,255.0,0.0
13.300000000000047,35.72428574224549,51.27646718473616,1300.0001110220328,0.00010017428570563425,-1.6354285662600887e-05,0.0,-5.684341886080801e-13,-1.1368683772161603e-12,0.0,320.1364285714281,70.0,0.0,255.0,0.0
13.350000000000048,35.724290999370886,51.27646672868294,1300.0001109521836,0.00010017428570563425,-1.6354285776287725e-05,0.0,0.0,-1.1368683772161603e-12,0.0,319.64607142857096,70.0,0.0,255.0,0.0
13.400000000000048,35.72429625901111,51.27646627000939,1300.0001108832657,0.00010017428570563425,-1.6354285776287725e-05,0.0,0.0,1.1368683772161603e-12,0.0,319.1557142857138,70.0,0.0,255.0,0.0
13.450000000000049,35.724301521147794,51.27646580868921,1300.0001108134165,0.00010017428570563425,-1.6354285662600887e-05,0.0,0.0,1.1368683772161603e-12,0.0,318.66535714285664,70.0,0.0,255.0,0.0
13.50000000000005,35.72430678576236,51.27646534469629,1300.00011074543,0.00010017428570563425,-1.6354285662600887e-05,0.0,0.0,0.0,0.0,318.1749999999995,70.0,0.0,255.0,0.0
13.55000000000005,35.724312052836076,51.276464878004745,1300.0001106765121,0.00010017428570563425,-1.6354285662600887e-05,0.0,5.684341886080801e-13,-1.1368683772161603e-12,0.0,317.68464285714236,70.0,0.0,255.0,0.0
13.600000000000051,35.724317322350004,51.27646440858883,1300.0001106085256,0.00010017428576247767,-1.6354285776287725e-05,0.0,5.684341886080801e-13,-1.1368683772161603e-12,0.0,317.19428571428523,70.0,0.0,255.0,0.0
13.650000000000052,35.72432259428505,51.27646393642306,1300.0001105414703,0.00010017428576247767,-1.6354285776287725e-05,0.0,-5.684341886080801e-13,1.1368683772161603e-12,0.0,316.70392857142804,70.0,0.0,255.0,0.0
13.700000000000053,35.72432786862193,51.27646346148211,1300.000110477209,0.00010017428570563425,-1.6354285662600887e-05,0.0,-5.684341886080801e-13,1.1368683772161603e-12,0.0,316.2135714285709,70.0,0.0,255.0,0.0
13.750000000000053,35.72433314534121,51.27646298374089,1300.0001104120165,0.00010017428570563425,-1.6354285662600887e-05,0.0,-5.684341886080801e-13,-1.1368683772161603e-12,0.0,315.72321428571377,70.0,0.0,255.0,0.0
13.800000000000054,35.72433842442322,51.27646250317447,1300.0001103477553,0.00010017428564879083,-1.6354285776287725e-05,0.0,0.0,-1.1368683772161603e-12,0.0,315.23285714285663,70.0,0.0,255.0,0.0
13.850000000000055,35.724343705848185,51.276462019758185,1300.0001102844253,0.00010017428570563425,-1.6354285776287725e-05,0.0,5.684341886080801e-13,1.1368683772161603e-12,0.0,314.74249999999944,70.0,0.0,255.0,0.0
13.900000000000055,35.72434898959613,51.27646153346754,1300.0001102210954,0.00010017428570563425,-1.6354285662600887e-05,0.0,0.0,1.1368683772161603e-12,0.0,314.2521428571423,70.0,0.0,255.0,0.0
13.950000000000056,35.72435427564692,51.27646104427825,1300.000110159628,0.00010017428570563425,-1.6354285662600887e-05,0.0,0.0,-1.1368683772161603e-12,0.0,313.76178571428517,70.0,0.0,255.0,0.0
14.000000000000057,35.72435956398022,51.27646055216625,1300.0001100990921,0.00010017428570563425,-1.6354285776287725e-05,0.0,5.684341886080801e-13,-1.1368683772161603e-12,0.0,313.27142857142803,70.0,0.0,255.0,0.0
14.050000000000058,35.72436485457555,51.276460057107705,1300.0001100394875,0.00010017428576247767,-1.6354285776287725e-05,0.0,5.684341886080801e-13,1.1368683772161603e-12,0.0,312.78107142857084,70.0,0.0,255.0,0.0
14.100000000000058,35.72437014741227,51.27645955907897,1300.0001099808142,0.00010017428576247767,-1.6354285662600887e-05,0.0,-5.684341886080801e-13,1.1368683772161603e-12,0.0,312.2907142857137,70.0,0.0,255.0,0.0
14.150000000000059,35.72437544246957,51.276459058056645,1300.0001099249348,0.00010017428570563425,-1.6354285662600887e-05,0.0,-5.684341886080801e-13,0.0,0.0,311.80035714285657,70.0,0.0,255.0,0.0
14.20000000000006,35.72438073972648,51.276458554017516,1300.0001098690554,0.00010017428570563425,-1.6354285662600887e-05,0.0,0.0,-1.1368683772161603e-12,0.0,311.3099999999994,70.0,0.0,255.0,0.0
14.25000000000006,35.72438603916186,51.27645804693862,1300.0001098141074,0.00010017428570563425,-1.6354285776287725e-05,0.0,0.0,-1.1368683772161603e-12,0.0,310.81964285714224,70.0,0.0,255.0,0.0
14.300000000000061,35.72439134075442,51.276457536797196,1300.000109761022,0.00010017428570563425,-1.6354285776287725e-05,0.0,0.0,1.1368683772161603e-12,0.0,310.3292857142851,70.0,0.0,255.0,0.0
14.350000000000062,35.7243966444827,51.276457023570714,1300.0001097107306,0.00010017428570563425,-1.6354285662600887e-05,0.0,0.0,1.1368683772161603e-12,0.0,309.83892857142797,70.0,0.0,255.0,0.0
14.400000000000063,35.72440195032511,51.27645650723688,1300.0001096576452,0.00010017428570563425,-1.6354285662600887e-05,0.0,-5.684341886080801e-13,-1.1368683772161603e-12,0.0,309.34857142857084,70.0,0.0,255.0,0.0
14.450000000000063,35.72440725825985,51.27645598777361,1300.000109611079,0.00010017428564879083,-1.6354285776287725e-05,0.0,5.684341886080801e-13,-1.1368683772161603e-12,0.0,308.85821428571364,70.0,0.0,255.0,0.0
14.500000000000064,35.724412568265045,51.27645546515906,1300.000109564513,0.00010017428576247767,-1.6354285776287725e-05,0.0,1.1368683772161603e-12,1.1368683772161603e-12,0.0,308.3678571428565,70.0,0.0,255.0,0.0
14.550000000000065,35.72441788031862,51.276454939371625,1300.0001095188782,0.00010017428576247767,-1.6354285662600887e-05,0.0,-5.684341886080801e-13,1.1368683772161603e-12,0.0,307.8774999999994,70.0,0.0,255.0,0.0
14.600000000000065,35.72442319439834,51.27645441038992,1300.0001094741747,0.00010017428570563425,-1.6354285662600887e-05,0.0,-5.684341886080801e-13,-1.1368683772161603e-12,0.0,307.3871428571422,70.0,0.0,255.0,0.0
14.650000000000066,35.72442851048184,51.27645387819278,1300.0001094331965,0.00010017428570563425,-1.6354285776287725e-05,0.0,0.0,-1.1368683772161603e-12,0.0,306.89678571428504,70.0,0.0,255.0,0.0
14.700000000000067,35.72443382854663,51.27645334275931,1300.0001093903556,0.00010017428570563425,-1.6354285776287725e-05,0.0,0.0,1.1368683772161603e-12,0.0,306.4064285714279,70.0,0.0,255.0,0.0
14.750000000000068,35.72443914857001,51.276452804068825,1300.0001093531027,0.00010017428570563425,-1.6354285662600887e-05,0.0,0.0,1.1368683772161603e-12,0.0,305.9160714285708,70.0,0.0,255.0,0.0
14.800000000000068,35.72444447052922,51.27645226210089,1300.0001093167812,0.00010017428570563425,-1.6354285662600887e-05,0.0,0.0,0.0,0.0,305.42571428571364,70.0,0.0,255.0,0.0
14.850000000000069,35.7244497944013,51.276451716835304,1300.0001092823222,0.00010017428570563425,-1.6354285662600887e-05,0.0,5.684341886080801e-13,-1.1368683772161603e-12,0.0,304.93535714285645,70.0,0.0,255.0,0.0
14.90000000000007,35.72445512016316,51.276451168252116,1300.0001092487946,0.00010017428576247767,-1.6354285776287725e-05,0.0,5.684341886080801e-13,-1.1368683772161603e-12,0.0,304.4449999999993,70.0,0.0,255.0,0.0
14.95000000000007,35.724460447791586,51.276450616331616,1300.0001092189923,0.00010017428576247767,-1.6354285776287725e-05,0.0,-5.684341886080801e-13,1.1368683772161603e-12,0.0,303.9546428571422,70.0,0.0,255.0,0.0
15.000000000000071,35.724465777263205,51.27645006105432,1300.0001091901213,0.00010017428570563425,-1.6354285662600887e-05,0.0,-5.684341886080801e-13,1.1368683772161603e-12,0.0,303.464285714285,70.0,0.0,255.0,0.0
15.050000000000072,35.724471108554546,51.27644950240103,1300.000109163113,0.00010017428570563425,-1.6354285662600887e-05,0.0,-5.684341886080801e-13,-1.1368683772161603e-12,0.0,302.97392857142785,70.0,0.0,255.0,0.0
15.100000000000072,35.724476441641954,51.27644894035274,1300.0001091388986,0.00010017428564879083,-1.6354285776287725e-05,0.0,0.0,0.0,0.0,302.4835714285707,70.0,0.0,255.0,0.0
15.150000000000073,35.724481776501705,51.27644837489076,1300.0001091165468,0.00010017428570563425,-1.6354285662600887e-05,0.0,5.684341886080801e-13,1.1368683772161603e-12,0.0,301.9932142857136,70.0,0.0,255.0,0.0
15.200000000000074,35.72448711310988,51.2764478059966,1300.000109096989,0.00010017428570563425,-1.6354285662600887e-05,0.0,0.0,-1.1368683772161603e-12,0.0,301.50285714285644,70.0,0.0,255.0,0.0
15.250000000000075,35.72449245144249,51.27644723365199,1300.0001090802252,0.00010017428570563425,-1.6354285776287725e-05,0.0,0.0,-1.1368683772161603e-12,0.0,301.01249999999925,70.0,0.0,255.0,0.0
15.300000000000075,35.72449779147536,51.27644665783903,1300.0001090643927,0.00010017428570563425,-1.6354285776287725e-05,0.0,5.684341886080801e-13,0.0,0.0,300.5221428571421,70.0,0.0,255.0,0.0
15.350000000000076,35.72450313318424,51.276446078539955,1300.0001090513542,0.00010017428576247767,-1.6354285776287725e-05,0.0,5.684341886080801e-13,1.1368683772161603e-12,0.0,300.031785714285,70.0,0.0,255.0,0.0
15.400000000000077,35.72450847654476,51.276445495737306,1300.0001090383157,0.00010017428576247767,-1.6354285662600887e-05,0.0,-5.684341886080801e-13,1.1368683772161603e-12,0.0,299.5414285714278,70.0,0.0,255.0,0.0
15.450000000000077,35.724513821532376,51.2764449094139,1300.0001090308651,0.00010017428570563425,-1.6354285662600887e-05,0.0,-5.684341886080801e-13,0.0,0.0,299.05107142857065,70.0,0.0,255.0,0.0
15.500000000000078,35.72451916812248,51.27644431955275,1300.0001090252772,0.00010017428570563425,-1.6354285662600887e-05,0.0,0.0,-1.1368683772161603e-12,0.0,298.5607142857135,70.0,0.0,255.0,0.0
15.550000000000079,35.72452451629029,51.27644372613722,1300.0001090243459,0.00010017428570563425,-1.6354285776287725e-05,0.0,0.0,-1.1368683772161603e-12,0.0,298.0703571428564,70.0,0.0,255.0,0.0
15.60000000000008,35.72452986601097,51.27644312915082,1300.0001090234146,0.00010017428570563425,-1.6354285776287725e-05,0.0,0.0,1.1368683772161603e-12,0.0,297.5799999999992,70.0,0.0,255.0,0.0
15.65000000000008,35.72453521725955,51.276442528577434,1300.0001090224832,0.00010017428570563425,-1.6354285662600887e-05,0.0,0.0,1.1368683772161603e-12,0.0,297.08964285714205,70.0,0.0,255.0,0.0
15.700000000000081,35.72454057001094,51.27644192440113,1300.0001090280712,0.00010017428570563425,-1.6354285662600887e-05,0.0,-5.684341886080801e-13,-1.1368683772161603e-12,0.0,296.5992857142849,70.0,0.0,255.0,0.0
15.750000000000082,35.72454592423991,51.27644131660627,1300.0001090373844,0.00010017428564879083,-1.6354285776287725e-05,0.0,5.684341886080801e-13,0.0,0.0,296.1089285714278,70.0,0.0,255.0,0.0
15.800000000000082,35.72455127992119,51.276440705177464,1300.0001090457663,0.00010017428576247767,-1.6354285662600887e-05,0.0,1.1368683772161603e-12,1.1368683772161603e-12,0.0,295.6185714285706,70.0,0.0,255.0,0.0
15.850000000000083,35.724556637029345,51.27644009009964,1300.0001090588048,0.00010017428576247767,-1.6354285662600887e-05,0.0,-5.684341886080801e-13,-1.1368683772161603e-12,0.0,295.12821428571345,70.0,0.0,255.0,0.0
15.900000000000084,35.72456199553886,51.27643947135793,1300.0001090727746,0.00010017428570563425,-1.6354285776287725e-05,0.0,-5.684341886080801e-13,-1.1368683772161603e-12,0.0,294.6378571428563,70.0,0.0,255.0,0.0
15.950000000000085,35.72456735542414,51.27643884893776,1300.000109091401,0.00010017428570563425,-1.6354285776287725e-05,0.0,0.0,1.1368683772161603e-12,0.0,294.1474999999992,70.0,0.0,255.0,0.0
16.000000000000085,35.7245727166594,51.27643822282483,1300.0001091128215,0.00010017428570563425,-1.6354285662600887e-05,0.0,0.0,1.1368683772161603e-12,0.0,293.657142857142,70.0,0.0,255.0,0.0
16.050000000000086,35.7245780792189,51.27643759300509,1300.0001091379672,0.00010017428570563425,-1.6354285662600887e-05,0.0,0.0,-1.1368683772161603e-12,0.0,293.16678571428486,70.0,0.0,255.0,0.0
16.100000000000087,35.72458344307666,51.27643695946482,1300.0001091621816,0.00010017428570563425,-1.6354285776287725e-05,0.0,0.0,0.0,0.0,292.6764285714277,70.0,0.0,255.0,0.0
16.150000000000087,35.724588808206704,51.276436322190484,1300.000109191984,0.00010017428570563425,-1.6354285662600887e-05,0.0,5.684341886080801e-13,0.0,0.0,292.1860714285706,70.0,0.0,255.0,0.0
16.200000000000088,35.7245941745829,51.27643568116888,1300.0001092255116,0.00010017428576247767,-1.6354285776287725e-05,0.0,5.684341886080801e-13,-1.1368683772161603e-12,0.0,291.6957142857134,70.0,0.0,255.0,0.0
16.25000000000009,35.724599542179064,51.27643503638707,1300.0001092618331,0.00010017428576247767,-1.6354285776287725e-05,0.0,-5.684341886080801e-13,1.1368683772161603e-12,0.0,291.20535714285626,70.0,0.0,255.0,0.0
16.30000000000009,35.72460491096892,51.27643438783238,1300.0001093000174,0.00010017428570563425,-1.6354285662600887e-05,0.0,-5.684341886080801e-13,1.1368683772161603e-12,0.0,290.7149999999991,70.0,0.0,255.0,0.0
16.35000000000009,35.72461028092607,51.27643373549244,1300.0001093409956,0.00010017428570563425,-1.6354285662600887e-05,0.0,-5.684341886080801e-13,-1.1368683772161603e-12,0.0,290.224642857142,70.0,0.0,255.0,0.0
16.40000000000009,35.72461565202408,51.2764330793551,1300.0001093866304,0.00010017428564879083,-1.6354285776287725e-05,0.0,0.0,0.0,0.0,289.7342857142848,70.0,0.0,255.0,0.0
16.45000000000009,35.724621024236406,51.27643241940856,1300.0001094341278,0.00010017428570563425,-1.6354285662600887e-05,0.0,5.684341886080801e-13,1.1368683772161603e-12,0.0,289.24392857142766,70.0,0.0,255.0,0.0
16.500000000000092,35.72462639753639,51.276431755641255,1300.0001094853505,0.00010017428570563425,-1.6354285662600887e-05,0.0,0.0,-1.1368683772161603e-12,0.0,288.7535714285705,70.0,0.0,255.0,0.0
16.550000000000093,35.72463177189736,51.27643108804188,1300.000109538436,0.00010017428570563425,-1.6354285776287725e-05,0.0,0.0,-1.1368683772161603e-12,0.0,288.2632142857134,70.0,0.0,255.0,0.0
16.600000000000094,35.72463714729254,51.27643041659948,1300.000109596178,0.00010017428570563425,-1.6354285776287725e-05,0.0,5.684341886080801e-13,1.1368683772161603e-12,0.0,287.7728571428562,70.0,0.0,255.0,0.0
16.650000000000095,35.72464252369503,51.27642974130332,1300.000109656714,0.00010017428576247767,-1.6354285662600887e-05,0.0,5.684341886080801e-13,1.1368683772161603e-12,0.0,287.28249999999906,70.0,0.0,255.0,0.0
16.700000000000095,35.72464790107796,51.27642906214297,1300.0001097219065,0.00010017428576247767,-1.6354285662600887e-05,0.0,-5.684341886080801e-13,-1.1368683772161603e-12,0.0,286.7921428571419,70.0,0.0,255.0,0.0
16.750000000000096,35.72465327941427,51.27642837910829,1300.0001097880304,0.00010017428570563425,-1.6354285776287725e-05,0.0,-5.684341886080801e-13,0.0,0.0,286.30178571428473,70.0,0.0,255.0,0.0
16.800000000000097,35.724658658676915,51.2764276921894,1300.000109858811,0.00010017428570563425,-1.6354285662600887e-05,0.0,0.0,1.1368683772161603e-12,0.0,285.8114285714276,70.0,0.0,255.0,0.0
16.850000000000097,35.724664038838746,51.27642700137672,1300.0001099323854,0.00010017428570563425,-1.6354285662600887e-05,0.0,0.0,-1.1368683772161603e-12,0.0,285.32107142857046,70.0,0.0,255.0,0.0
16.900000000000098,35.724669419872576,51.27642630666097,1300.0001100078225,0.00010017428570563425,-1.6354285776287725e-05,0.0,0.0,-1.1368683772161603e-12,0.0,284.8307142857133,70.0,0.0,255.0,0.0
16.9500000000001,35.7246748017511,51.27642560803313,1300.0001100879163,0.00010017428570563425,-1.6354285776287725e-05,0.0,0.0,1.1368683772161603e-12,0.0,284.3403571428562,70.0,0.0,255.0,0.0
17.0000000000001,35.72468018444703,51.276424905484475,1300.0001101717353,0.00010017428570563425,-1.6354285662600887e-05,0.0,-5.684341886080801e-13,0.0,0.0,283.849999999999,70.0,0.0,255.0,0.0
17.0500000000001,35.72468556793292,51.27642419900658,1300.0001102592796,0.00010017428564879083,-1.6354285776287725e-05,0.0,5.684341886080801e-13,0.0,0.0,283.35964285714186,70.0,0.0,255.0,0.0
17.1000000000001,35.724690952181355,51.27642348859129,1300.0001103514805,0.00010017428576247767,-1.6354285662600887e-05,0.0,1.1368683772161603e-12,1.1368683772161603e-12,0.0,282.86928571428473,70.0,0.0,255.0,0.0
17.1500000000001,35.724696337164836,51.276422774230745,1300.0001104418188,0.00010017428576247767,-1.6354285662600887e-05,0.0,-5.684341886080801e-13,-1.1368683772161603e-12,0.0,282.37892857142754,70.0,0.0,255.0,0.0
17.200000000000102,35.72470172285578,51.27642205591736,1300.0001105396077,0.00010017428570563425,-1.6354285776287725e-05,0.0,-5.684341886080801e-13,-1.1368683772161603e-12,0.0,281.8885714285704,70.0,0.0,255.0,0.0
17.250000000000103,35.72470710922659,51.276421333643874,1300.0001106401905,0.00010017428570563425,-1.6354285776287725e-05,0.0,0.0,1.1368683772161603e-12,0.0,281.39821428571327,70.0,0.0,255.0,0.0
17.300000000000104,35.724712496249595,51.276420607403296,1300.000110742636,0.00010017428570563425,-1.6354285662600887e-05,0.0,0.0,1.1368683772161603e-12,0.0,280.90785714285613,70.0,0.0,255.0,0.0
17.350000000000104,35.72471788389709,51.27641987718892,1300.000110852532,0.00010017428570563425,-1.6354285662600887e-05,0.0,0.0,-1.1368683772161603e-12,0.0,280.417499999999,70.0,0.0,255.0,0.0
17.400000000000105,35.72472327214131,51.276419142994335,1300.0001109614968,0.00010017428570563425,-1.6354285776287725e-05,0.0,0.0,0.0,0.0,279.9271428571418,70.0,0.0,255.0,0.0
17.450000000000106,35.724728660954476,51.27641840481341,1300.0001110769808,0.00010017428570563425,-1.6354285662600887e-05,0.0,5.684341886080801e-13,1.1368683772161603e-12,0.0,279.43678571428467,70.0,0.0,255.0,0.0
17.500000000000107,35.72473405030874,51.27641766264035,1300.0001111943275,0.00010017428576247767,-1.6354285662600887e-05,0.0,5.684341886080801e-13,-1.1368683772161603e-12,0.0,278.94642857142753,70.0,0.0,255.0,0.0
17.550000000000107,35.72473944017622,51.27641691646961,1300.0001113153994,0.00010017428576247767,-1.6354285776287725e-05,0.0,-1.1368683772161603e-12,-1.1368683772161603e-12,0.0,278.45607142857034,70.0,0.0,255.0,0.0
17.600000000000108,35.72474483052899,51.27641616629593,1300.000111441128,0.00010017428564879083,-1.6354285776287725e-05,0.0,-5.684341886080801e-13,1.1368683772161603e-12,0.0,277.9657142857132,70.0,0.0,255.0,0.0
17.65000000000011,35.72475022133911,51.27641541211437,1300.0001115677878,0.00010017428570563425,-1.6354285662600887e-05,0.0,5.684341886080801e-13,1.1368683772161603e-12,0.0,277.47535714285607,70.0,0.0,255.0,0.0
17.70000000000011,35.72475561257859,51.27641465392029,1300.0001117018983,0.00010017428570563425,-1.6354285662600887e-05,0.0,0.0,0.0,0.0,276.98499999999893,70.0,0.0,255.0,0.0
17.75000000000011,35.72476100421941,51.276413891709325,1300.00011183694,0.00010017428570563425,-1.6354285662600887e-05,0.0,0.0,-1.1368683772161603e-12,0.0,276.4946428571418,70.0,0.0,255.0,0.0
17.80000000000011,35.72476639623352,51.276413125477404,1300.0001119738445,0.00010017428570563425,-1.6354285776287725e-05,0.0,0.0,-1.1368683772161603e-12,0.0,276.0042857142846,70.0,0.0,255.0,0.0
17.85000000000011,35.72477178859286,51.27641235522076,1300.0001121163368,0.00010017428570563425,-1.6354285776287725e-05,0.0,0.0,0.0,0.0,275.51392857142747,70.0,0.0,255.0,0.0
17.900000000000112,35.7247771812693,51.27641158093591,1300.0001122625545,0.00010017428570563425,-1.6354285776287725e-05,0.0,5.684341886080801e-13,1.1368683772161603e-12,0.0,275.02357142857034,70.0,0.0,255.0,0.0
17.950000000000113,35.72478257423474,51.27641080261967,1300.0001124134287,0.00010017428576247767,-1.6354285662600887e-05,0.0,5.684341886080801e-13,1.1368683772161603e-12,0.0,274.53321428571314,70.0,0.0,255.0,0.0
18.000000000000114,35.72478796746104,51.276410020269175,1300.0001125652343,0.00010017428576247767,-1.6354285662600887e-05,0.0,-5.684341886080801e-13,-1.1368683772161603e-12,0.0,274.042857142856,70.0,0.0,255.0,0.0
18.050000000000114,35.724793360920025,51.27640923388182,1300.0001127216965,0.00010017428570563425,-1.6354285776287725e-05,0.0,-5.684341886080801e-13,0.0,0.0,273.5524999999989,70.0,0.0,255.0,0.0
18.100000000000115,35.724798754583524,51.27640844345529,1300.000112881884,0.00010017428570563425,-1.6354285662600887e-05,0.0,0.0,1.1368683772161603e-12,0.0,273.0621428571417,70.0,0.0,255.0,0.0
18.150000000000116,35.72480414842331,51.276407648987615,1300.0001130457968,0.00010017428570563425,-1.6354285662600887e-05,0.0,0.0,-1.1368683772161603e-12,0.0,272.57178571428454,70.0,0.0,255.0,0.0
18.200000000000117,35.72480954241122,51.276406850477095,1300.0001132115722,0.00010017428570563425,-1.6354285776287725e-05,0.0,-5.684341886080801e-13,-1.1368683772161603e-12,0.0,272.0814285714274,70.0,0.0,255.0,0.0
18.250000000000117,35.72481493651902,51.2764060479223,1300.0001133847982,0.00010017428564879083,-1.6354285776287725e-05,0.0,0.0,1.1368683772161603e-12,0.0,271.5910714285703,70.0,0.0,255.0,0.0
18.300000000000118,35.72482033071843,51.27640524132212,1300.0001135589555,0.00010017428570563425,-1.6354285662600887e-05,0.0,5.684341886080801e-13,1.1368683772161603e-12,0.0,271.10071428571314,70.0,0.0,255.0,0.0
18.35000000000012,35.7248257249813,51.27640443067575,1300.000113736838,0.00010017428570563425,-1.6354285662600887e-05,0.0,5.684341886080801e-13,0.0,0.0,270.61035714285595,70.0,0.0,255.0,0.0
18.40000000000012,35.724831119279344,51.2764036159827,1300.0001139175147,0.00010017428576247767,-1.6354285662600887e-05,0.0,5.684341886080801e-13,-1.1368683772161603e-12,0.0,270.1199999999988,70.0,0.0,255.0,0.0
18.45000000000012,35.724836513584314,51.27640279724269,1300.0001141019166,0.00010017428576247767,-1.6354285776287725e-05,0.0,-5.684341886080801e-13,-1.1368683772161603e-12,0.0,269.6296428571417,70.0,0.0,255.0,0.0
18.50000000000012,35.72484190786799,51.27640197445583,1300.000114290975,0.00010017428570563425,-1.6354285776287725e-05,0.0,-5.684341886080801e-13,1.1368683772161603e-12,0.0,269.1392857142845,70.0,0.0,255.0,0.0
18.55000000000012,35.72484730210211,51.27640114762247,1300.0001144828275,0.00010017428570563425,-1.6354285662600887e-05,0.0,0.0,1.1368683772161603e-12,0.0,268.64892857142735,70.0,0.0,255.0,0.0
18.600000000000122,35.72485269625847,51.27640031674331,1300.000114677474,0.00010017428570563425,-1.6354285662600887e-05,0.0,0.0,-1.1368683772161603e-12,0.0,268.1585714285702,70.0,0.0,255.0,0.0
18.650000000000123,35.7248580903088,51.276399481819304,1300.0001148777083,0.00010017428570563425,-1.6354285776287725e-05,0.0,0.0,-1.1368683772161603e-12,0.0,267.6682142857131,70.0,0.0,255.0,0.0
18.700000000000124,35.72486348422489,51.27639864285169,1300.0001150798053,0.00010017428570563425,-1.6354285776287725e-05,0.0,0.0,1.1368683772161603e-12,0.0,267.17785714285594,70.0,0.0,255.0,0.0
18.750000000000124,35.72486887797854,51.27639779984203,1300.0001152865589,0.00010017428570563425,-1.6354285662600887e-05,0.0,5.684341886080801e-13,1.1368683772161603e-12,0.0,266.68749999999875,70.0,0.0,255.0,0.0
18.800000000000125,35.72487427154151,51.2763969527922,1300.0001154951751,0.00010017428576247767,-1.6354285662600887e-05,0.0,5.684341886080801e-13,-1.1368683772161603e-12,0.0,266.1971428571416,70.0,0.0,255.0,0.0
18.850000000000126,35.72487966488567,51.27639610170433,1300.0001157075167,0.00010017428576247767,-1.6354285776287725e-05,0.0,-1.1368683772161603e-12,-1.1368683772161603e-12,0.0,265.7067857142845,70.0,0.0,255.0,0.0
18.900000000000126,35.72488505798279,51.27639524658086,1300.0001159245148,0.00010017428564879083,-1.6354285776287725e-05,0.0,-5.684341886080801e-13,1.1368683772161603e-12,0.0,265.2164285714273,70.0,0.0,255.0,0.0
18.950000000000127,35.72489045080475,51.27639438742454,1300.0001161433756,0.00010017428570563425,-1.6354285662600887e-05,0.0,5.684341886080801e-13,1.1368683772161603e-12,0.0,264.72607142857015,70.0,0.0,255.0,0.0
19.000000000000128,35.7248958433234,51.27639352423839,1300.000116369687,0.00010017428570563425,-1.6354285662600887e-05,0.0,0.0,0.0,0.0,264.235714285713,70.0,0.0,255.0,0.0
19.05000000000013,35.72490123551064,51.27639265702577,1300.0001165932044,0.00010017428570563425,-1.6354285662600887e-05,0.0,0.0,-1.1368683772161603e-12,0.0,263.7453571428559,70.0,0.0,255.0,0.0
19.10000000000013,35.72490662733838,51.27639178579026,1300.0001168241724,0.00010017428570563425,-1.6354285776287725e-05,0.0,0.0,-1.1368683772161603e-12,0.0,263.25499999999874,70.0,0.0,255.0,0.0
19.15000000000013,35.72491201877856,51.27639091053582,1300.0001170579344,0.00010017428570563425,-1.6354285776287725e-05,0.0,0.0,1.1368683772161603e-12,0.0,262.76464285714155,70.0,0.0,255.0,0.0
19.20000000000013,35.72491740980313,51.27639003126665,1300.0001172954217,0.00010017428570563425,-1.6354285662600887e-05,0.0,5.684341886080801e-13,1.1368683772161603e-12,0.0,262.2742857142844,70.0,0.0,255.0,0.0
19.25000000000013,35.72492280038411,51.27638914798726,1300.0001175357029,0.00010017428576247767,-1.6354285662600887e-05,0.0,5.684341886080801e-13,-1.1368683772161603e-12,0.0,261.7839285714273,70.0,0.0,255.0,0.0
19.300000000000132,35.72492819049352,51.27638826070243,1300.000117778778,0.00010017428576247767,-1.6354285776287725e-05,0.0,-5.684341886080801e-13,-1.1368683772161603e-12,0.0,261.2935714285701,70.0,0.0,255.0,0.0
19.350000000000133,35.724933580103425,51.27638736941729,1300.0001180255786,0.00010017428570563425,-1.6354285776287725e-05,0.0,-5.684341886080801e-13,1.1368683772161603e-12,0.0,260.80321428571295,70.0,0.0,255.0,0.0
19.400000000000134,35.72493896918594,51.276386474137205,1300.0001182770357,0.00010017428570563425,-1.6354285662600887e-05,0.0,0.0,1.1368683772161603e-12,0.0,260.3128571428558,70.0,0.0,255.0,0.0
19.450000000000134,35.72494435771318,51.276385574867874,1300.0001185303554,0.00010017428570563425,-1.6354285662600887e-05,0.0,0.0,-1.1368683772161603e-12,0.0,259.8224999999987,70.0,0.0,255.0,0.0
19.500000000000135,35.72494974565734,51.27638467161524,1300.0001187874004,0.00010017428570563425,-1.6354285776287725e-05,0.0,-5.684341886080801e-13,-1.1368683772161603e-12,0.0,259.33214285714155,70.0,0.0,255.0,0.0
19.550000000000136,35.72495513299064,51.2763837643856,1300.000119046308,0.00010017428564879083,-1.6354285776287725e-05,0.0,0.0,1.1368683772161603e-12,0.0,258.84178571428436,70.0,0.0,255.0,0.0
19.600000000000136,35.72496051968535,51.276382853185495,1300.000119311735,0.00010017428570563425,-1.6354285662600887e-05,0.0,5.684341886080801e-13,1.1368683772161603e-12,0.0,258.3514285714272,70.0,0.0,255.0,0.0
19.650000000000137,35.72496590571379,51.27638193802177,1300.000119577162,0.00010017428570563425,-1.6354285662600887e-05,0.0,5.684341886080801e-13,0.0,0.0,257.8610714285701,70.0,0.0,255.0,0.0
19.700000000000138,35.7249712910483,51.27638101890156,1300.0001198472455,0.00010017428576247767,-1.6354285662600887e-05,0.0,5.684341886080801e-13,-1.1368683772161603e-12,0.0,257.3707142857129,70.0,0.0,255.0,0.0
19.75000000000014,35.72497667566134,51.27638009583231,1300.000120120123,0.00010017428576247767,-1.6354285776287725e-05,0.0,-5.684341886080801e-13,-1.1368683772161603e-12,0.0,256.88035714285576,70.0,0.0,255.0,0.0
19.80000000000014,35.724982059525324,51.27637916882172,1300.0001203948632,0.00010017428570563425,-1.6354285776287725e-05,0.0,-5.684341886080801e-13,1.1368683772161603e-12,0.0,256.3899999999986,70.0,0.0,255.0,0.0
19.85000000000014,35.72498744261282,51.276378237877786,1300.0001206723973,0.00010017428570563425,-1.6354285662600887e-05,0.0,0.0,1.1368683772161603e-12,0.0,255.8996428571415,70.0,0.0,255.0,0.0
19.90000000000014,35.72499282489637,51.27637730300883,1300.0001209564507,0.00010017428570563425,-1.6354285662600887e-05,0.0,0.0,-1.1368683772161603e-12,0.0,255.40928571428432,70.0,0.0,255.0,0.0
19.95000000000014,35.72499820634864,51.2763763642234,1300.0001212423667,0.00010017428570563425,-1.6354285776287725e-05,0.0,0.0,-1.1368683772161603e-12,0.0,254.91892857142716,70.0,0.0,255.0,0.0
20.000000000000142,35.72500358694231,51.27637542153039,1300.0001215310767,0.00010017428570563425,-1.6354285776287725e-05,0.0,0.0,1.1368683772161603e-12,0.0,254.42857142857002,70.0,0.0,255.0,0.0
20.050000000000143,35.725008966650165,51.27637447493894,1300.0001218197867,0.00010017428570563425,-1.6354285662600887e-05,0.0,5.684341886080801e-13,1.1368683772161603e-12,0.0,253.9382142857129,70.0,0.0,255.0,0.0
20.100000000000144,35.72501434544499,51.27637352445849,1300.0001221140847,0.00010017428576247767,-1.6354285662600887e-05,0.0,5.684341886080801e-13,-1.1368683772161603e-12,0.0,253.44785714285572,70.0,0.0,255.0,0.0
20.150000000000144,35.725019723299724,51.276372570098765,1300.0001224121079,0.00010017428576247767,-1.6354285776287725e-05,0.0,-1.1368683772161603e-12,-1.1368683772161603e-12,0.0,252.95749999999856,70.0,0.0,255.0,0.0
20.200000000000145,35.7250251001873,51.27637161186978,1300.000122710131,0.00010017428564879083,-1.6354285776287725e-05,0.0,-5.684341886080801e-13,1.1368683772161603e-12,0.0,252.46714285714143,70.0,0.0,255.0,0.0
20.250000000000146,35.725030476080754,51.27637064978181,1300.0001230137423,0.00010017428570563425,-1.6354285662600887e-05,0.0,5.684341886080801e-13,1.1368683772161603e-12,0.0,251.9767857142843,70.0,0.0,255.0,0.0
20.300000000000146,35.72503585095322,51.27636968384545,1300.000123319216,0.00010017428570563425,-1.6354285662600887e-05,0.0,0.0,0.0,0.0,251.48642857142713,70.0,0.0,255.0,0.0
20.350000000000147,35.72504122477784,51.27636871407153,1300.0001236274838,0.00010017428570563425,-1.6354285662600887e-05,0.0,0.0,-1.1368683772161603e-12,0.0,250.99607142856996,70.0,0.0,255.0,0.0
20.400000000000148,35.725046597527886,51.2763677404712,1300.0001239385456,0.00010017428570563425,-1.6354285776287725e-05,0.0,0.0,-1.1368683772161603e-12,0.0,250.50571428571283,70.0,0.0,255.0,0.0
20.45000000000015,35.72505196917672,51.276366763055904,1300.00012425147,0.00010017428570563425,-1.6354285776287725e-05,0.0,0.0,1.1368683772161603e-12,0.0,250.01535714285566,70.0,0.0,255.0,0.0
20.50000000000015,35.72505733969773,51.27636578183729,1300.000124566257,0.00010017428570563425,-1.6354285662600887e-05,0.0,5.684341886080801e-13,1.1368683772161603e-12,0.0,249.5249999999985,70.0,0.0,255.0,0.0
20.55000000000015,35.725062709064396,51.27636479682738,1300.0001248884946,0.00010017428576247767,-1.6354285662600887e-05,0.0,5.684341886080801e-13,-1.1368683772161603e-12,0.0,249.03464285714136,70.0,0.0,255.0,0.0
20.60000000000015,35.72506807725035,51.27636380803839,1300.0001252088696,0.00010017428576247767,-1.6354285776287725e-05,0.0,-5.684341886080801e-13,-1.1368683772161603e-12,0.0,248.54428571428423,70.0,0.0,255.0,0.0
20.65000000000015,35.725073444229224,51.27636281548287,1300.0001255329698,0.00010017428570563425,-1.6354285776287725e-05,0.0,-5.684341886080801e-13,1.1368683772161603e-12,0.0,248.05392857142706,70.0,0.0,255.0,0.0
20.700000000000152,35.72507880997481,51.2763618191736,1300.0001258589327,0.00010017428570563425,-1.6354285662600887e-05,0.0,0.0,1.1368683772161603e-12,0.0,247.5635714285699,70.0,0.0,255.0,0.0
20.750000000000153,35.72508417446094,51.27636081912371,1300.000126188621,0.00010017428570563425,-1.6354285662600887e-05,0.0,0.0,-1.1368683772161603e-12,0.0,247.07321428571277,70.0,0.0,255.0,0.0
20.800000000000153,35.72508953766153,51.27635981534651,1300.0001265192404,0.00010017428570563425,-1.6354285776287725e-05,0.0,-5.684341886080801e-13,-1.1368683772161603e-12,0.0,246.58285714285563,70.0,0.0,255.0,0.0
20.850000000000154,35.72509489955066,51.276358807855644,1300.000126852654,0.00010017428564879083,-1.6354285776287725e-05,0.0,0.0,1.1368683772161603e-12,0.0,246.09249999999847,70.0,0.0,255.0,0.0
20.900000000000155,35.72510026010244,51.276357796665025,1300.000127190724,0.00010017428570563425,-1.6354285662600887e-05,0.0,5.684341886080801e-13,1.1368683772161603e-12,0.0,245.6021428571413,70.0,0.0,255.0,0.0
20.950000000000156,35.72510561929111,51.27635678178879,1300.0001275306568,0.00010017428570563425,-1.6354285662600887e-05,0.0,5.684341886080801e-13,0.0,0.0,245.11178571428417,70.0,0.0,255.0,0.0
21.000000000000156,35.72511097709098,51.276355763241405,1300.0001278696582,0.00010017428576247767,-1.6354285662600887e-05,0.0,5.684341886080801e-13,-1.1368683772161603e-12,0.0,244.62142857142703,70.0,0.0,255.0,0.0
21.050000000000157,35.7251163334765,51.276354741037586,1300.0001282133162,0.00010017428576247767,-1.6354285776287725e-05,0.0,-5.684341886080801e-13,-1.1368683772161603e-12,0.0,244.13107142856987,70.0,0.0,255.0,0.0
21.100000000000158,35.725121688422185,51.27635371519229,1300.0001285569742,0.00010017428570563425,-1.6354285776287725e-05,0.0,-5.684341886080801e-13,1.1368683772161603e-12,0.0,243.6407142857127,70.0,0.0,255.0,0.0
21.15000000000016,35.725127041902695,51.276352685720774,1300.0001289062202,0.00010017428570563425,-1.6354285662600887e-05,0.0,0.0,1.1368683772161603e-12,0.0,243.15035714285557,70.0,0.0,255.0,0.0
21.20000000000016,35.72513239389278,51.276351652638525,1300.0001292554662,0.00010017428570563425,-1.6354285662600887e-05,0.0,0.0,-1.1368683772161603e-12,0.0,242.65999999999843,70.0,0.0,255.0,0.0
21.25000000000016,35.72513774436729,51.27635061596135,1300.000129607506,0.00010017428570563425,-1.6354285776287725e-05,0.0,0.0,0.0,0.0,242.16964285714127,70.0,0.0,255.0,0.0
21.30000000000016,35.72514309330118,51.27634957570527,1300.0001299604774,0.00010017428570563425,-1.6354285662600887e-05,0.0,0.0,1.1368683772161603e-12,0.0,241.6792857142841,70.0,0.0,255.0,0.0
21.35000000000016,35.72514844066955,51.27634853188658,1300.00013031438,0.00010017428570563425,-1.6354285662600887e-05,0.0,5.684341886080801e-13,-1.1368683772161603e-12,0.0,241.18892857142697,70.0,0.0,255.0,0.0
21.400000000000162,35.725153786447564,51.27634748452186,1300.0001306720078,0.00010017428576247767,-1.6354285776287725e-05,0.0,5.684341886080801e-13,-1.1368683772161603e-12,0.0,240.69857142856984,70.0,0.0,255.0,0.0
21.450000000000163,35.72515913061058,51.2763464336279,1300.0001310324296,0.00010017428576247767,-1.6354285776287725e-05,0.0,-1.1368683772161603e-12,0.0,0.0,240.20821428571267,70.0,0.0,255.0,0.0
21.500000000000163,35.72516447313399,51.27634537922181,1300.0001313919201,0.00010017428564879083,-1.6354285776287725e-05,0.0,-5.684341886080801e-13,1.1368683772161603e-12,0.0,239.7178571428555,70.0,0.0,255.0,0.0
21.550000000000164,35.72516981399337,51.27634432132089,1300.000131755136,0.00010017428570563425,-1.6354285662600887e-05,0.0,5.684341886080801e-13,1.1368683772161603e-12,0.0,239.22749999999837,70.0,0.0,255.0,0.0
21.600000000000165,35.72517515316438,51.27634325994278,1300.0001321202144,0.00010017428570563425,-1.6354285662600887e-05,0.0,0.0,0.0,0.0,238.73714285714124,70.0,0.0,255.0,0.0
21.650000000000166,35.7251804906228,51.27634219510529,1300.0001324862242,0.00010017428570563425,-1.6354285662600887e-05,0.0,0.0,-1.1368683772161603e-12,0.0,238.24678571428407,70.0,0.0,255.0,0.0
21.700000000000166,35.72518582634457,51.27634112682653,1300.0001328531653,0.00010017428570563425,-1.6354285776287725e-05,0.0,0.0,-1.1368683772161603e-12,0.0,237.7564285714269,70.0,0.0,255.0,0.0
21.750000000000167,35.725191160305734,51.27634005512485,1300.0001332238317,0.00010017428570563425,-1.6354285776287725e-05,0.0,0.0,1.1368683772161603e-12,0.0,237.26607142856977,70.0,0.0,255.0,0.0
21.800000000000168,35.72519649248248,51.276338980018856,1300.000133591704,0.00010017428570563425,-1.6354285662600887e-05,0.0,5.684341886080801e-13,1.1368683772161603e-12,0.0,236.77571428571264,70.0,0.0,255.0,0.0
21.85000000000017,35.725201822851105,51.276337901527405,1300.000133964233,0.00010017428576247767,-1.6354285662600887e-05,0.0,5.684341886080801e-13,-1.1368683772161603e-12,0.0,236.28535714285547,70.0,0.0,255.0,0.0
21.90000000000017,35.72520715138805,51.27633681966959,1300.0001343376935,0.00010017428576247767,-1.6354285776287725e-05,0.0,-5.684341886080801e-13,0.0,0.0,235.7949999999983,70.0,0.0,255.0,0.0
21.95000000000017,35.725212478069885,51.27633573446475,1300.0001347130165,0.00010017428570563425,-1.6354285662600887e-05,0.0,-5.684341886080801e-13,1.1368683772161603e-12,0.0,235.30464285714118,70.0,0.0,255.0,0.0
22.00000000000017,35.725217802873324,51.2763346459325,1300.000135090202,0.00010017428570563425,-1.6354285662600887e-05,0.0,-5.684341886080801e-13,-1.1368683772161603e-12,0.0,234.81428571428404,70.0,0.0,255.0,0.0
22.05000000000017,35.72522312577524,51.276333554092666,1300.0001354664564,0.00010017428564879083,-1.6354285776287725e-05,0.0,0.0,-1.1368683772161603e-12,0.0,234.32392857142688,70.0,0.0,255.0,0.0
22.100000000000172,35.72522844675257,51.27633245896531,1300.0001358445734,0.00010017428570563425,-1.6354285776287725e-05,0.0,5.684341886080801e-13,1.1368683772161603e-12,0.0,233.8335714285697,70.0,0.0,255.0,0.0
22.150000000000173,35.725233765782484,51.27633136057076,1300.0001362226903,0.00010017428570563425,-1.6354285662600887e-05,0.0,0.0,1.1368683772161603e-12,0.0,233.34321428571258,70.0,0.0,255.0,0.0
22.200000000000173,35.72523908284223,51.276330258929576,1300.0001366036013,0.00010017428570563425,-1.6354285662600887e-05,0.0,0.0,-1.1368683772161603e-12,0.0,232.85285714285544,70.0,0.0,255.0,0.0
22.250000000000174,35.725244397909236,51.276329154062566,1300.0001369854435,0.00010017428570563425,-1.6354285776287725e-05,0.0,5.684341886080801e-13,0.0,0.0,232.36249999999828,70.0,0.0,255.0,0.0
22.300000000000175,35.72524971096106,51.27632804599074,1300.0001373672858,0.00010017428576247767,-1.6354285662600887e-05,0.0,5.684341886080801e-13,0.0,0.0,231.8721428571411,70.0,0.0,255.0,0.0
22.350000000000176,35.72525502197541,51.27632693473539,1300.000137749128,0.00010017428576247767,-1.6354285776287725e-05,0.0,-5.684341886080801e-13,-1.1368683772161603e-12,0.0,231.38178571428398,70.0,0.0,255.0,0.0
22.400000000000176,35.72526033093014,51.27632582031797,1300.000138132833,0.00010017428570563425,-1.6354285776287725e-05,0.0,-5.684341886080801e-13,1.1368683772161603e-12,0.0,230.89142857142684,70.0,0.0,255.0,0.0
22.450000000000177,35.72526563780326,51.27632470276028,1300.0001385193318,0.00010017428570563425,-1.6354285662600887e-05,0.0,0.0,1.1368683772161603e-12,0.0,230.40107142856968,70.0,0.0,255.0,0.0
22.500000000000178,35.725270942572934,51.27632358208423,1300.000138903968,0.00010017428570563425,-1.6354285662600887e-05,0.0,0.0,-1.1368683772161603e-12,0.0,229.91071428571252,70.0,0.0,255.0,0.0
22.55000000000018,35.725276245217486,51.276322458312016,1300.0001392895356,0.00010017428570563425,-1.6354285776287725e-05,0.0,0.0,0.0,0.0,229.42035714285538,70.0,0.0,255.0,0.0
22.60000000000018,35.72528154571538,51.27632133146607,1300.0001396769658,0.00010017428570563425,-1.6354285662600887e-05,0.0,0.0,1.1368683772161603e-12,0.0,228.92999999999824,70.0,0.0,255.0,0.0
22.65000000000018,35.72528684404523,51.27632020156903,1300.0001400634646,0.00010017428570563425,-1.6354285662600887e-05,0.0,-5.684341886080801e-13,-1.1368683772161603e-12,0.0,228.43964285714108,70.0,0.0,255.0,0.0
22.70000000000018,35.725292140185836,51.276319068643765,1300.0001404508948,0.00010017428564879083,-1.6354285776287725e-05,0.0,5.684341886080801e-13,-1.1368683772161603e-12,0.0,227.94928571428392,70.0,0.0,255.0,0.0
22.75000000000018,35.72529743411616,51.27631793271334,1300.0001408373937,0.00010017428576247767,-1.6354285776287725e-05,0.0,1.1368683772161603e-12,1.1368683772161603e-12,0.0,227.45892857142678,70.0,0.0,255.0,0.0
22.800000000000182,35.72530272581527,51.27631679380108,1300.0001412266865,0.00010017428576247767,-1.6354285662600887e-05,0.0,-5.684341886080801e-13,1.1368683772161603e-12,0.0,226.96857142856962,70.0,0.0,255.0,0.0
22.850000000000183,35.72530801526249,51.276315651930524,1300.0001416141167,0.00010017428570563425,-1.6354285662600887e-05,0.0,-5.684341886080801e-13,-1.1368683772161603e-12,0.0,226.47821428571245,70.0,0.0,255.0,0.0
22.900000000000183,35.72531330243722,51.27631450712539,1300.0001420024782,0.00010017428570563425,-1.6354285776287725e-05,0.0,0.0,0.0,0.0,225.98785714285532,70.0,0.0,255.0,0.0
22.950000000000184,35.725318587319094,51.27631335940965,1300.0001423899084,0.00010017428570563425,-1.6354285662600887e-05,0.0,0.0,1.1368683772161603e-12,0.0,225.49749999999818,70.0,0.0,255.0,0.0
23.000000000000185,35.725323869887845,51.27631220880746,1300.0001427792013,0.00010017428570563425,-1.6354285662600887e-05,0.0,0.0,-1.1368683772161603e-12,0.0,225.00714285714102,70.0,0.0,255.0,0.0
23.050000000000185,35.72532915012344,51.27631105534323,1300.0001431675628,0.00010017428570563425,-1.6354285776287725e-05,0.0,0.0,-1.1368683772161603e-12,0.0,224.51678571428386,70.0,0.0,255.0,0.0
23.100000000000186,35.72533442800601,51.27630989904151,1300.0001435540617,0.00010017428570563425,-1.6354285776287725e-05,0.0,5.684341886080801e-13,1.1368683772161603e-12,0.0,224.02642857142672,70.0,0.0,255.0,0.0
23.150000000000187,35.72533970351581,51.276308739927146,1300.0001439405605,0.00010017428576247767,-1.6354285662600887e-05,0.0,5.684341886080801e-13,0.0,0.0,223.53607142856958,70.0,0.0,255.0,0.0
23.200000000000188,35.725344976633295,51.2763075780251,1300.0001443298534,0.00010017428576247767,-1.6354285776287725e-05,0.0,-5.684341886080801e-13,0.0,0.0,223.04571428571242,70.0,0.0,255.0,0.0
23.25000000000019,35.725350247339115,51.2763064133606,1300.000144715421,0.00010017428570563425,-1.6354285662600887e-05,0.0,-5.684341886080801e-13,1.1368683772161603e-12,0.0,222.55535714285529,70.0,0.0,255.0,0.0
23.30000000000019,35.72535551561407,51.27630524595909,1300.0001451047137,0.00010017428570563425,-1.6354285662600887e-05,0.0,-5.684341886080801e-13,-1.1368683772161603e-12,0.0,222.06499999999812,70.0,0.0,255.0,0.0
23.35000000000019,35.72536078143914,51.27630407584613,1300.00014548935,0.00010017428564879083,-1.6354285776287725e-05,0.0,0.0,-1.1368683772161603e-12,0.0,221.574642857141,70.0,0.0,255.0,0.0
23.40000000000019,35.72536604479553,51.276302903047544,1300.0001458749175,0.00010017428570563425,-1.6354285776287725e-05,0.0,5.684341886080801e-13,1.1368683772161603e-12,0.0,221.08428571428382,70.0,0.0,255.0,0.0
23.45000000000019,35.72537130566457,51.27630172758936,1300.0001462614164,0.00010017428570563425,-1.6354285662600887e-05,0.0,0.0,1.1368683772161603e-12,0.0,220.5939285714267,70.0,0.0,255.0,0.0
23.500000000000192,35.72537656402776,51.27630054949778,1300.0001466460526,0.00010017428570563425,-1.6354285662600887e-05,0.0,0.0,-1.1368683772161603e-12,0.0,220.10357142856952,70.0,0.0,255.0,0.0
23.550000000000193,35.725381819866875,51.27629936879918,1300.0001470288262,0.00010017428570563425,-1.6354285776287725e-05,0.0,5.684341886080801e-13,0.0,0.0,219.6132142857124,70.0,0.0,255.0,0.0
23.600000000000193,35.72538707316376,51.276298185520155,1300.0001474106684,0.00010017428576247767,-1.6354285662600887e-05,0.0,5.684341886080801e-13,1.1368683772161603e-12,0.0,219.12285714285522,70.0,0.0,255.0,0.0
23.650000000000194,35.725392323900515,51.276296999687474,1300.0001477943733,0.00010017428576247767,-1.6354285662600887e-05,0.0,-5.684341886080801e-13,-1.1368683772161603e-12,0.0,218.6324999999981,70.0,0.0,255.0,0.0
23.700000000000195,35.725397572059435,51.27629581132813,1300.000148174353,0.00010017428570563425,-1.6354285776287725e-05,0.0,-5.684341886080801e-13,-1.1368683772161603e-12,0.0,218.14214285714093,70.0,0.0,255.0,0.0
23.750000000000195,35.72540281762296,51.27629462046924,1300.0001485552639,0.00010017428570563425,-1.6354285776287725e-05,0.0,0.0,1.1368683772161603e-12,0.0,217.6517857142838,70.0,0.0,255.0,0.0
23.800000000000196,35.72540806057374,51.276293427138135,1300.0001489343122,0.00010017428570563425,-1.6354285662600887e-05,0.0,0.0,1.1368683772161603e-12,0.0,217.16142857142663,70.0,0.0,255.0,0.0
23.850000000000197,35.725413300894644,51.276292231362326,1300.0001493114978,0.00010017428570563425,-1.6354285662600887e-05,0.0,0.0,0.0,0.0,216.6710714285695,70.0,0.0,255.0,0.0
23.900000000000198,35.72541853856866,51.27629103316953,1300.0001496868208,0.00010017428570563425,-1.6354285662600887e-05,0.0,0.0,-1.1368683772161603e-12,0.0,216.18071428571233,70.0,0.0,255.0,0.0
23.9500000000002,35.72542377357908,51.27628983258759,1300.0001500621438,0.00010017428570563425,-1.6354285776287725e-05,0.0,-0.001001742857062307,0.00016354285662698265,0.0,215.69035714285516,70.0,0.0,255.0,0.0
24.0,35.72542900590928,51.27628862964455,1300.0001504365355,0.0,0.0,0.0,14290.155594360873,20510.501597477858,519999.99999584694,215.2,70.0,0.0,255.0,0.0
24.0000000000002,35.72542900590928,51.27628862964455,1300.0001504365355,2.8430545501386216e-09,4.080604616743707e-09,1.0345502232625599e-07,14290.155594360873,20510.501597477858,519999.99999584694,215.2000000000011,70.0,0.0,255.0,0.0
24.0500000000002,35.725425673978705,51.2762860653138,1300.0001500649378,-6.407624999837935e-05,-5.5717916666253586e-05,0.0,-0.0006407909305292858,-0.0005572199727086953,-1.0345502232625452e-06,215.4816666666678,70.0,0.0,255.0,0.0
24.1000000000002,35.7254223411615,51.276283500207946,1300.0001496914774,-6.407624999837935e-05,-5.5717916666253586e-05,0.0,0.0,0.0,0.0,215.76333333333446,70.0,0.0,255.0,0.0
24.1500000000002,35.72541900746079,51.276280934321704,1300.0001493170857,-6.407624999837935e-05,-5.5717916666253586e-05,0.0,0.0,0.0,0.0,216.04500000000112,70.0,0.0,255.0,0.0
24.200000000000202,35.72541567287971,51.27627836764972,1300.0001489380375,-6.407624999837935e-05,-5.5717916666253586e-05,0.0,5.684341886080801e-13,0.0,0.0,216.3266666666678,70.0,0.0,255.0,0.0
24.250000000000203,35.72541233742142,51.27627580018672,1300.0001485561952,-6.407624994153593e-05,-5.5717916666253586e-05,0.0,0.0,0.0,0.0,216.60833333333446,70.0,0.0,255.0,0.0
24.300000000000203,35.72540900108911,51.2762732319274,1300.000148174353,-6.407624999837935e-05,-5.5717916666253586e-05,0.0,-5.684341886080801e-13,0.0,0.0,216.89000000000112,70.0,0.0,255.0,0.0
24.350000000000204,35.725405663885944,51.276270662866516,1300.000147790648,-6.407624999837935e-05,-5.5717916666253586e-05,0.0,-5.684341886080801e-13,0.0,0.0,217.17166666666782,70.0,0.0,255.0,0.0
24.400000000000205,35.7254023258152,51.27626809299882,1300.0001474041492,-6.407625005522277e-05,-5.5717916666253586e-05,0.0,-5.684341886080801e-13,0.0,0.0,217.45333333333448,70.0,0.0,255.0,0.0
24.450000000000205,35.72539898688008,51.276265522319086,1300.000147016719,-6.407625005522277e-05,-5.5717916666253586e-05,0.0,5.684341886080801e-13,0.0,0.0,217.73500000000115,70.0,0.0,255.0,0.0
24.500000000000206,35.72539564708388,51.276262950822144,1300.0001466255635,-6.407624999837935e-05,-5.5717916666253586e-05,0.0,5.684341886080801e-13,0.0,0.0,218.01666666666782,70.0,0.0,255.0,0.0
24.550000000000207,35.72539230642987,51.27626037850278,1300.0001462334767,-6.407624999837935e-05,-5.5717916666253586e-05,0.0,5.684341886080801e-13,0.0,0.0,218.29833333333448,70.0,0.0,255.0,0.0
24.600000000000207,35.72538896492135,51.276257805355854,1300.00014584139,-6.407624994153593e-05,-5.5717916666253586e-05,0.0,0.0,0.0,0.0,218.58000000000115,70.0,0.0,255.0,0.0
24.650000000000208,35.725385622561674,51.27625523137621,1300.0001454465091,-6.407624999837935e-05,-5.5717916666253586e-05,0.0,-5.684341886080801e-13,0.0,0.0,218.86166666666782,70.0,0.0,255.0,0.0
24.70000000000021,35.72538227935416,51.276252656558725,1300.000145047903,-6.407624999837935e-05,-5.5717916666253586e-05,0.0,0.0,0.0,0.0,219.1433333333345,70.0,0.0,255.0,0.0
24.75000000000021,35.7253789353022,51.276250080898315,1300.0001446483657,-6.407624999837935e-05,-5.5717916666253586e-05,0.0,0.0,0.0,0.0,219.42500000000118,70.0,0.0,255.0,0.0
24.80000000000021,35.72537559040918,51.27624750438989,1300.0001442460343,-6.407624999837935e-05,-5.5717916666253586e-05,0.0,5.684341886080801e-13,0.0,0.0,219.70666666666784,70.0,0.0,255.0,0.0
24.85000000000021,35.725372244678496,51.27624492702837,1300.000143843703,-6.407624994153593e-05,-5.5717916666253586e-05,0.0,-5.684341886080801e-13,0.0,0.0,219.9883333333345,70.0,0.0,255.0,0.0
24.90000000000021,35.725368898113565,51.27624234880876,1300.000143439509,-6.407625005522277e-05,-5.5717916666253586e-05,0.0,-1.1368683772161603e-12,0.0,0.0,220.27000000000118,70.0,0.0,255.0,0.0
24.950000000000212,35.725365550717875,51.27623976972599,1300.0001430334523,-6.407625005522277e-05,-5.5717916666253586e-05,0.0,5.684341886080801e-13,0.0,0.0,220.55166666666784,70.0,0.0,255.0,0.0
25.000000000000213,35.72536220249488,51.27623718977512,1300.0001426264644,-6.407624999837935e-05,-5.5717916666253586e-05,0.0,5.684341886080801e-13,0.0,0.0,220.8333333333345,70.0,0.0,255.0,0.0
25.050000000000214,35.725358853448064,51.27623460895111,1300.0001422148198,-6.407624999837935e-05,-5.5717916666253586e-05,0.0,5.684341886080801e-13,0.0,0.0,221.1150000000012,70.0,0.0,255.0,0.0
25.100000000000215,35.72535550358094,51.27623202724905,1300.0001418031752,-6.407624994153593e-05,-5.5717916666253586e-05,0.0,0.0,0.0,0.0,221.39666666666787,70.0,0.0,255.0,0.0
25.150000000000215,35.725352152897045,51.27622944466398,1300.0001413905993,-6.407624999837935e-05,-5.5717916666253586e-05,0.0,-5.684341886080801e-13,0.0,0.0,221.67833333333454,70.0,0.0,255.0,0.0
25.200000000000216,35.72534880139991,51.276226861191,1300.0001409761608,-6.407624999837935e-05,-5.5717916666253586e-05,0.0,0.0,0.0,0.0,221.9600000000012,70.0,0.0,255.0,0.0
25.250000000000217,35.72534544909312,51.276224276825225,1300.0001405589283,-6.407624999837935e-05,-5.5717916666253586e-05,0.0,0.0,0.0,0.0,222.24166666666787,70.0,0.0,255.0,0.0
25.300000000000217,35.72534209598026,51.27622169156176,1300.0001401435584,-6.407624999837935e-05,-5.5717916666253586e-05,0.0,-5.684341886080801e-13,0.0,0.0,222.52333333333453,70.0,0.0,255.0,0.0
25.350000000000218,35.72533874206494,51.27621910539578,1300.0001397244632,-6.407625005522277e-05,-5.5717916666253586e-05,0.0,-5.684341886080801e-13,0.0,0.0,222.80500000000123,70.0,0.0,255.0,0.0
25.40000000000022,35.72533538735079,51.27621651832244,1300.000139302574,-6.407625005522277e-05,-5.5717916666253586e-05,0.0,1.1368683772161603e-12,0.0,0.0,223.0866666666679,70.0,0.0,255.0,0.0
25.45000000000022,35.72533203184144,51.27621393033696,1300.0001388797536,-6.407624994153593e-05,-5.5717916666253586e-05,0.0,5.684341886080801e-13,0.0,0.0,223.36833333333456,70.0,0.0,255.0,0.0
25.50000000000022,35.72532867554057,51.27621134143453,1300.0001384587958,-6.407624999837935e-05,-5.5717916666253586e-05,0.0,-5.684341886080801e-13,0.0,0.0,223.65000000000123,70.0,0.0,255.0,0.0
25.55000000000022,35.72532531845186,51.27620875161041,1300.0001380331814,-6.407624999837935e-05,-5.5717916666253586e-05,0.0,0.0,0.0,0.0,223.9316666666679,70.0,0.0,255.0,0.0
25.60000000000022,35.72532196057903,51.27620616085984,1300.0001376057044,-6.407624999837935e-05,-5.5717916666253586e-05,0.0,0.0,0.0,0.0,224.21333333333456,70.0,0.0,255.0,0.0
25.650000000000222,35.72531860192579,51.27620356917813,1300.000137177296,-6.407624999837935e-05,-5.5717916666253586e-05,0.0,5.684341886080801e-13,0.0,0.0,224.49500000000126,70.0,0.0,255.0,0.0
25.700000000000223,35.72531524249586,51.27620097656055,1300.0001367507502,-6.407624994153593e-05,-5.5717916666253586e-05,0.0,0.0,0.0,0.0,224.77666666666792,70.0,0.0,255.0,0.0
25.750000000000224,35.72531188229305,51.27619838300249,1300.0001363186166,-6.407624999837935e-05,-5.5717916666253586e-05,0.0,-5.684341886080801e-13,0.0,0.0,225.0583333333346,70.0,0.0,255.0,0.0
25.800000000000225,35.725308521321104,51.27619578849923,1300.0001358855516,-6.407624999837935e-05,-5.5717916666253586e-05,0.0,-5.684341886080801e-13,0.0,0.0,225.34000000000125,70.0,0.0,255.0,0.0
25.850000000000225,35.725305159583826,51.2761931930462,1300.000135453418,-6.407625005522277e-05,-5.5717916666253586e-05,0.0,-5.684341886080801e-13,0.0,0.0,225.62166666666792,70.0,0.0,255.0,0.0
25.900000000000226,35.72530179708503,51.27619059663876,1300.0001350194216,-6.407625005522277e-05,-5.5717916666253586e-05,0.0,5.684341886080801e-13,0.0,0.0,225.9033333333346,70.0,0.0,255.0,0.0
25.950000000000227,35.72529843382856,51.27618799927235,1300.000134584494,-6.407624999837935e-05,-5.5717916666253586e-05,0.0,5.684341886080801e-13,0.0,0.0,226.18500000000125,70.0,0.0,255.0,0.0
26.000000000000227,35.725295069818266,51.27618540094243,1300.0001341477036,-6.407624999837935e-05,-5.5717916666253586e-05,0.0,5.684341886080801e-13,0.0,0.0,226.46666666666795,70.0,0.0,255.0,0.0
26.050000000000228,35.72529170505802,51.276182801644424,1300.0001337118447,-6.407624994153593e-05,-5.5717916666253586e-05,0.0,0.0,0.0,0.0,226.7483333333346,70.0,0.0,255.0,0.0
26.10000000000023,35.72528833955172,51.27618020137386,1300.0001332722604,-6.407624999837935e-05,-5.5717916666253586e-05,0.0,-5.684341886080801e-13,0.0,0.0,227.03000000000128,70.0,0.0,255.0,0.0
26.15000000000023,35.72528497330324,51.276177600126246,1300.0001328326762,-6.407624999837935e-05,-5.5717916666253586e-05,0.0,0.0,0.0,0.0,227.31166666666795,70.0,0.0,255.0,0.0
26.20000000000023,35.72528160631655,51.276174997897094,1300.000132393092,-6.407624999837935e-05,-5.5717916666253586e-05,0.0,0.0,0.0,0.0,227.5933333333346,70.0,0.0,255.0,0.0
26.25000000000023,35.725278238595564,51.276172394682,1300.0001319507137,-6.407624999837935e-05,-5.5717916666253586e-05,0.0,5.684341886080801e-13,0.0,0.0,227.87500000000128,70.0,0.0,255.0,0.0
26.30000000000023,35.72527487014427,51.27616979047654,1300.0001315074041,-6.407624994153593e-05,-5.5717916666253586e-05,0.0,-5.684341886080801e-13,0.0,0.0,228.15666666666795,70.0,0.0,255.0,0.0
26.350000000000232,35.7252715009666,51.27616718527629,1300.0001310659572,-6.407625005522277e-05,-5.5717916666253586e-05,0.0,-1.1368683772161603e-12,0.0,0.0,228.43833333333464,70.0,0.0,255.0,0.0
26.400000000000233,35.72526813106659,51.27616457907694,1300.0001306189224,-6.407625005522277e-05,-5.5717916666253586e-05,0.0,5.684341886080801e-13,0.0,0.0,228.7200000000013,70.0,0.0,255.0,0.0
26.450000000000234,35.72526476044825,51.276161971874096,1300.0001301746815,-6.407624999837935e-05,-5.5717916666253586e-05,0.0,5.684341886080801e-13,0.0,0.0,229.00166666666797,70.0,0.0,255.0,0.0
26.500000000000234,35.7252613891156,51.27615936366346,1300.0001297276467,-6.407624999837935e-05,-5.5717916666253586e-05,0.0,5.684341886080801e-13,0.0,0.0,229.28333333333464,70.0,0.0,255.0,0.0
26.550000000000235,35.72525801707269,51.27615675444075,1300.0001292796806,-6.407624994153593e-05,-5.5717916666253586e-05,0.0,0.0,0.0,0.0,229.5650000000013,70.0,0.0,255.0,0.0
26.600000000000236,35.725254644323606,51.276154144201676,1300.0001288326457,-6.407624999837935e-05,-5.5717916666253586e-05,0.0,-5.684341886080801e-13,0.0,0.0,229.84666666666797,70.0,0.0,255.0,0.0
26.650000000000237,35.7252512708724,51.276151532942016,1300.0001283837482,-6.407624999837935e-05,-5.5717916666253586e-05,0.0,0.0,0.0,0.0,230.12833333333467,70.0,0.0,255.0,0.0
26.700000000000237,35.72524789672317,51.276148920657526,1300.0001279339194,-6.407624999837935e-05,-5.5717916666253586e-05,0.0,0.0,0.0,0.0,230.41000000000133,70.0,0.0,255.0,0.0
26.750000000000238,35.72524452188007,51.27614630734403,1300.000127482228,-6.407624999837935e-05,-5.5717916666253586e-05,0.0,-5.684341886080801e-13,0.0,0.0,230.691666666668,70.0,0.0,255.0,0.0
26.80000000000024,35.725241146347194,51.27614369299733,1300.0001270314679,-6.407625005522277e-05,-5.5717916666253586e-05,0.0,-5.684341886080801e-13,0.0,0.0,230.97333333333466,70.0,0.0,255.0,0.0
26.85000000000024,35.725237770128714,51.27614107761331,1300.000126578845,-6.407625005522277e-05,-5.5717916666253586e-05,0.0,1.1368683772161603e-12,0.0,0.0,231.25500000000133,70.0,0.0,255.0,0.0
26.90000000000024,35.72523439322881,51.27613846118785,1300.0001261262223,-6.407624994153593e-05,-5.5717916666253586e-05,0.0,5.684341886080801e-13,0.0,0.0,231.536666666668,70.0,0.0,255.0,0.0
26.95000000000024,35.72523101565163,51.27613584371682,1300.0001256726682,-6.407624999837935e-05,-5.5717916666253586e-05,0.0,-5.684341886080801e-13,0.0,0.0,231.8183333333347,70.0,0.0,255.0,0.0
27.00000000000024,35.72522763740138,51.27613322519618,1300.0001252191141,-6.407624999837935e-05,-5.5717916666253586e-05,0.0,0.0,0.0,0.0,232.10000000000136,70.0,0.0,255.0,0.0
27.050000000000242,35.72522425848231,51.27613060562187,1300.00012476556,-6.407624999837935e-05,-5.5717916666253586e-05,0.0,0.0,0.0,0.0,232.38166666666802,70.0,0.0,255.0,0.0
27.100000000000243,35.7252208788986,51.27612798498989,1300.0001243101433,-6.407624999837935e-05,-5.5717916666253586e-05,0.0,5.684341886080801e-13,0.0,0.0,232.6633333333347,70.0,0.0,255.0,0.0
27.150000000000244,35.725217498654544,51.27612536329623,1300.0001238537952,-6.407624994153593e-05,-5.5717916666253586e-05,0.0,0.0,0.0,0.0,232.94500000000136,70.0,0.0,255.0,0.0
27.200000000000244,35.72521411775438,51.276122740536934,1300.0001233974472,-6.407624999837935e-05,-5.5717916666253586e-05,0.0,-5.684341886080801e-13,0.0,0.0,233.22666666666802,70.0,0.0,255.0,0.0
27.250000000000245,35.72521073620237,51.276120116708036,1300.0001229429618,-6.407624999837935e-05,-5.5717916666253586e-05,0.0,-5.684341886080801e-13,0.0,0.0,233.5083333333347,70.0,0.0,255.0,0.0
27.300000000000246,35.72520735400287,51.27611749180564,1300.0001224828884,-6.407625005522277e-05,-5.5717916666253586e-05,0.0,-5.684341886080801e-13,0.0,0.0,233.79000000000138,70.0,0.0,255.0,0.0
27.350000000000247,35.72520397116013,51.27611486582585,1300.0001220265403,-6.407625005522277e-05,-5.5717916666253586e-05,0.0,1.1368683772161603e-12,0.0,0.0,234.07166666666805,70.0,0.0,255.0,0.0
27.400000000000247,35.725200587678515,51.27611223876481,1300.0001215683296,-6.407624994153593e-05,-5.5717916666253586e-05,0.0,5.684341886080801e-13,0.0,0.0,234.35333333333472,70.0,0.0,255.0,0.0
27.450000000000248,35.72519720356234,51.27610961061867,1300.0001211119816,-6.407624999837935e-05,-5.5717916666253586e-05,0.0,-5.684341886080801e-13,0.0,0.0,234.63500000000138,70.0,0.0,255.0,0.0
27.50000000000025,35.72519381881599,51.27610698138363,1300.0001206519082,-6.407624999837935e-05,-5.5717916666253586e-05,0.0,0.0,0.0,0.0,234.91666666666805,70.0,0.0,255.0,0.0
27.55000000000025,35.72519043344382,51.276104351055864,1300.0001201927662,-6.407624999837935e-05,-5.5717916666253586e-05,0.0,0.0,0.0,0.0,235.19833333333472,70.0,0.0,255.0,0.0
27.60000000000025,35.72518704745021,51.27610171963167,1300.0001197354868,-6.407624999837935e-05,-5.5717916666253586e-05,0.0,0.0,0.0,0.0,235.48000000000138,70.0,0.0,255.0,0.0
27.65000000000025,35.72518366083958,51.27609908710728,1300.0001192735508,-6.407624999837935e-05,-5.5717916666253586e-05,0.0,0.0,0.0,0.0,235.76166666666808,70.0,0.0,255.0,0.0
27.70000000000025,35.725180273616346,51.276096453478985,1300.0001188134775,-6.407624999837935e-05,-5.5717916666253586e-05,0.0,5.684341886080801e-13,0.0,0.0,236.04333333333474,70.0,0.0,255.0,0.0
27.750000000000252,35.72517688578493,51.276093818743135,1300.0001183552667,-6.407624994153593e-05,-5.5717916666253586e-05,0.0,-5.684341886080801e-13,0.0,0.0,236.3250000000014,70.0,0.0,255.0,0.0
27.800000000000253,35.725173497349786,51.276091182896046,1300.000117891468,-6.407625005522277e-05,-5.5717916666253586e-05,0.0,-1.1368683772161603e-12,0.0,0.0,236.60666666666808,70.0,0.0,255.0,0.0
27.850000000000254,35.725170108315375,51.276088545934115,1300.000117432326,-6.407625005522277e-05,-5.5717916666253586e-05,0.0,5.684341886080801e-13,0.0,0.0,236.88833333333474,70.0,0.0,255.0,0.0
27.900000000000254,35.72516671868617,51.276085907853734,1300.0001169722527,-6.407624999837935e-05,-5.5717916666253586e-05,0.0,5.684341886080801e-13,0.0,0.0,237.1700000000014,70.0,0.0,255.0,0.0
27.950000000000255,35.72516332846666,51.27608326865131,1300.0001165121794,-6.407624999837935e-05,-5.5717916666253586e-05,0.0,5.684341886080801e-13,0.0,0.0,237.45166666666807,70.0,0.0,255.0,0.0
28.000000000000256,35.72515993766137,51.276080628323335,1300.0001160502434,-6.407624994153593e-05,-5.5717916666253586e-05,0.0,0.0,0.0,0.0,237.73333333333477,70.0,0.0,255.0,0.0
28.050000000000257,35.725156546274796,51.27607798686627,1300.00011559017,-6.407624999837935e-05,-5.5717916666253586e-05,0.0,-5.684341886080801e-13,0.0,0.0,238.01500000000144,70.0,0.0,255.0,0.0
28.100000000000257,35.725153154311464,51.27607534427661,1300.0001151291654,-6.407624999837935e-05,-5.5717916666253586e-05,0.0,0.0,0.0,0.0,238.2966666666681,70.0,0.0,255.0,0.0
28.150000000000258,35.72514976177597,51.276072700550934,1300.0001146672294,-6.407624999837935e-05,-5.5717916666253586e-05,0.0,0.0,0.0,0.0,238.57833333333477,70.0,0.0,255.0,0.0
28.20000000000026,35.7251463686728,51.276070055685764,1300.000114207156,-6.407624999837935e-05,-5.5717916666253586e-05,0.0,5.684341886080801e-13,0.0,0.0,238.86000000000143,70.0,0.0,255.0,0.0
28.25000000000026,35.7251429750066,51.27606740967773,1300.0001137461513,-6.407624994153593e-05,-5.5717916666253586e-05,0.0,-5.684341886080801e-13,0.0,0.0,239.14166666666813,70.0,0.0,255.0,0.0
28.30000000000026,35.725139580781914,51.276064762523404,1300.0001132842153,-6.407625005522277e-05,-5.5717916666253586e-05,0.0,-1.1368683772161603e-12,0.0,0.0,239.4233333333348,70.0,0.0,255.0,0.0
28.35000000000026,35.725136186003354,51.276062114219485,1300.0001128260046,-6.407625005522277e-05,-5.5717916666253586e-05,0.0,5.684341886080801e-13,0.0,0.0,239.70500000000146,70.0,0.0,255.0,0.0
28.40000000000026,35.72513279067555,51.276059464762604,1300.0001123640686,-6.407624999837935e-05,-5.5717916666253586e-05,0.0,5.684341886080801e-13,0.0,0.0,239.98666666666813,70.0,0.0,255.0,0.0
28.450000000000262,35.72512939480309,51.27605681414949,1300.0001119049266,-6.407624999837935e-05,-5.5717916666253586e-05,0.0,0.0,0.0,0.0,240.2683333333348,70.0,0.0,255.0,0.0
28.500000000000263,35.725125998390666,51.27605416237687,1300.000111443922,-6.407624999837935e-05,-5.5717916666253586e-05,0.0,0.0,0.0,0.0,240.55000000000146,70.0,0.0,255.0,0.0
28.550000000000264,35.725122601442905,51.276051509441494,1300.0001109838486,-6.407624999837935e-05,-5.5717916666253586e-05,0.0,5.684341886080801e-13,0.0,0.0,240.83166666666813,70.0,0.0,255.0,0.0
28.600000000000264,35.72511920396449,51.276048855340164,1300.000110522844,-6.407624994153593e-05,-5.5717916666253586e-05,0.0,0.0,0.0,0.0,241.11333333333482,70.0,0.0,255.0,0.0
28.650000000000265,35.72511580596008,51.276046200069686,1300.0001100646332,-6.407624999837935e-05,-5.5717916666253586e-05,0.0,-5.684341886080801e-13,0.0,0.0,241.3950000000015,70.0,0.0,255.0,0.0
28.700000000000266,35.72511240743437,51.27604354362689,1300.0001096064225,-6.407624999837935e-05,-5.5717916666253586e-05,0.0,-5.684341886080801e-13,0.0,0.0,241.67666666666815,70.0,0.0,255.0,0.0
28.750000000000266,35.72510900839209,51.276040886008666,1300.0001091472805,-6.407625005522277e-05,-5.5717916666253586e-05,0.0,-5.684341886080801e-13,0.0,0.0,241.95833333333482,70.0,0.0,255.0,0.0
28.800000000000267,35.725105608837936,51.276038227211906,1300.0001086881384,-6.407625005522277e-05,-5.5717916666253586e-05,0.0,1.1368683772161603e-12,0.0,0.0,242.2400000000015,70.0,0.0,255.0,0.0
28.850000000000268,35.72510220877664,51.27603556723355,1300.0001082299277,-6.407624994153593e-05,-5.5717916666253586e-05,0.0,5.684341886080801e-13,0.0,0.0,242.52166666666815,70.0,0.0,255.0,0.0
28.90000000000027,35.72509880821297,51.27603290607054,1300.0001077707857,-6.407624999837935e-05,-5.5717916666253586e-05,0.0,-5.684341886080801e-13,0.0,0.0,242.80333333333482,70.0,0.0,255.0,0.0
28.95000000000027,35.725095407151635,51.27603024371985,1300.0001073135063,-6.407624999837935e-05,-5.5717916666253586e-05,0.0,0.0,0.0,0.0,243.08500000000151,70.0,0.0,255.0,0.0
29.00000000000027,35.72509200559744,51.27602758017854,1300.0001068552956,-6.407624999837935e-05,-5.5717916666253586e-05,0.0,0.0,0.0,0.0,243.36666666666818,70.0,0.0,255.0,0.0
29.05000000000027,35.725088603555136,51.27602491544361,1300.0001063998789,-6.407624999837935e-05,-5.5717916666253586e-05,0.0,5.684341886080801e-13,0.0,0.0,243.64833333333485,70.0,0.0,255.0,0.0
29.10000000000027,35.72508520102954,51.276022249512145,1300.0001059444621,-6.407624994153593e-05,-5.5717916666253586e-05,0.0,0.0,0.0,0.0,243.9300000000015,70.0,0.0,255.0,0.0
29.150000000000272,35.72508179802546,51.27601958238127,1300.0001054871827,-6.407624999837935e-05,-5.5717916666253586e-05,0.0,-5.684341886080801e-13,0.0,0.0,244.21166666666818,70.0,0.0,255.0,0.0
29.200000000000273,35.725078394547666,51.276016914048064,1300.0001050336286,-6.407624999837935e-05,-5.5717916666253586e-05,0.0,-5.684341886080801e-13,0.0,0.0,244.49333333333485,70.0,0.0,255.0,0.0
29.250000000000274,35.72507499060102,51.27601424450973,1300.000104578212,-6.407625005522277e-05,-5.5717916666253586e-05,0.0,-5.684341886080801e-13,0.0,0.0,244.7750000000015,70.0,0.0,255.0,0.0
29.300000000000274,35.72507158619035,51.27601157376344,1300.0001041237265,-6.407625005522277e-05,-5.5717916666253586e-05,0.0,5.684341886080801e-13,0.0,0.0,245.0566666666682,70.0,0.0,255.0,0.0
29.350000000000275,35.72506818132051,51.276008901806414,1300.0001036711037,-6.407624999837935e-05,-5.5717916666253586e-05,0.0,5.684341886080801e-13,0.0,0.0,245.33833333333487,70.0,0.0,255.0,0.0
29.400000000000276,35.72506477599634,51.2760062286359,1300.000103218481,-6.407624999837935e-05,-5.5717916666253586e-05,0.0,5.684341886080801e-13,0.0,0.0,245.62000000000154,70.0,0.0,255.0,0.0
29.450000000000276,35.72506137022273,51.276003554249165,1300.0001027658582,-6.407624994153593e-05,-5.5717916666253586e-05,0.0,0.0,0.0,0.0,245.9016666666682,70.0,0.0,255.0,0.0
29.500000000000277,35.72505796400455,51.27600087864351,1300.000102315098,-6.407624999837935e-05,-5.5717916666253586e-05,0.0,-5.684341886080801e-13,0.0,0.0,246.18333333333487,70.0,0.0,255.0,0.0
29.550000000000278,35.72505455734669,51.2759982018163,1300.000101864338,-6.407624999837935e-05,-5.5717916666253586e-05,0.0,0.0,0.0,0.0,246.46500000000157,70.0,0.0,255.0,0.0
29.60000000000028,35.72505115025405,51.27599552376487,1300.0001014135778,-6.407624999837935e-05,-5.5717916666253586e-05,0.0,0.0,0.0,0.0,246.74666666666823,70.0,0.0,255.0,0.0
29.65000000000028,35.72504774273155,51.27599284448664,1300.0001009656116,-6.407624999837935e-05,-5.5717916666253586e-05,0.0,5.684341886080801e-13,0.0,0.0,247.0283333333349,70.0,0.0,255.0,0.0
29.70000000000028,35.72504433478412,51.27599016397899,1300.0001005176455,-6.407624994153593e-05,-5.5717916666253586e-05,0.0,-5.684341886080801e-13,0.0,0.0,247.31000000000157,70.0,0.0,255.0,0.0
29.75000000000028,35.72504092641668,51.2759874822394,1300.000100068748,-6.407625005522277e-05,-5.5717916666253586e-05,0.0,-1.1368683772161603e-12,0.0,0.0,247.59166666666823,70.0,0.0,255.0,0.0
29.80000000000028,35.72503751763419,51.275984799265366,1300.0000996235758,-6.407625005522277e-05,-5.5717916666253586e-05,0.0,5.684341886080801e-13,0.0,0.0,247.8733333333349,70.0,0.0,255.0,0.0
29.850000000000282,35.72503410844158,51.27598211505438,1300.000099176541,-6.407624999837935e-05,-5.5717916666253586e-05,0.0,5.684341886080801e-13,0.0,0.0,248.15500000000156,70.0,0.0,255.0,0.0
29.900000000000283,35.725030698843824,51.27597942960401,1300.0000987313688,-6.407624999837935e-05,-5.5717916666253586e-05,0.0,0.0,0.0,0.0,248.43666666666826,70.0,0.0,255.0,0.0
29.950000000000284,35.725027288845894,51.27597674291178,1300.000098287128,-6.407624999837935e-05,-5.5717916666253586e-05,0.0,0.0,0.0,0.0,248.71833333333493,70.0,0.0,255.0,0.0
30.000000000000284,35.72502387845279,51.27597405497535,1300.000097842887,-6.407624999837935e-05,-5.5717916666253586e-05,0.0,5.684341886080801e-13,0.0,0.0,249.0000000000016,70.0,0.0,255.0,0.0
30.050000000000285,35.72502046766947,51.275971365792316,1300.0000974023715,-6.407624994153593e-05,-5.5717916666253586e-05,0.0,0.0,0.0,0.0,249.28166666666826,70.0,0.0,255.0,0.0
30.100000000000286,35.72501705650096,51.27596867536035,1300.0000969609246,-6.407624999837935e-05,-5.5717916666253586e-05,0.0,-5.684341886080801e-13,0.0,0.0,249.56333333333492,70.0,0.0,255.0,0.0
30.150000000000286,35.72501364495227,51.27596598367716,1300.0000965213403,-6.407624999837935e-05,-5.5717916666253586e-05,0.0,-5.684341886080801e-13,0.0,0.0,249.8450000000016,70.0,0.0,255.0,0.0
30.200000000000287,35.725010233028414,51.27596329074044,1300.0000960826874,-6.407625005522277e-05,-5.5717916666253586e-05,0.0,-5.684341886080801e-13,0.0,0.0,250.12666666666826,70.0,0.0,255.0,0.0
30.250000000000288,35.725006820734436,51.27596059654796,1300.0000956440344,-6.407625005522277e-05,-5.5717916666253586e-05,0.0,1.1368683772161603e-12,0.0,0.0,250.40833333333495,70.0,0.0,255.0,0.0
30.30000000000029,35.72500340807535,51.2759579010975,1300.0000952063128,-6.407624994153593e-05,-5.5717916666253586e-05,0.0,5.684341886080801e-13,0.0,0.0,250.69000000000162,70.0,0.0,255.0,0.0
30.35000000000029,35.72499999505623,51.27595520438688,1300.0000947695225,-6.407624999837935e-05,-5.5717916666253586e-05,0.0,-5.684341886080801e-13,0.0,0.0,250.97166666666828,70.0,0.0,255.0,0.0
30.40000000000029,35.7249965816821,51.27595250641396,1300.000094334595,-6.407624999837935e-05,-5.5717916666253586e-05,0.0,0.0,0.0,0.0,251.25333333333495,70.0,0.0,255.0,0.0
30.45000000000029,35.724993167958054,51.27594980717657,1300.0000939024612,-6.407624999837935e-05,-5.5717916666253586e-05,0.0,0.0,0.0,0.0,251.53500000000162,70.0,0.0,255.0,0.0
30.50000000000029,35.72498975388914,51.27594710667266,1300.0000934693962,-6.407624999837935e-05,-5.5717916666253586e-05,0.0,5.684341886080801e-13,0.0,0.0,251.81666666666828,70.0,0.0,255.0,0.0
30.550000000000292,35.724986339480466,51.27594440490015,1300.0000930381939,-6.407624994153593e-05,-5.5717916666253586e-05,0.0,0.0,0.0,0.0,252.09833333333495,70.0,0.0,255.0,0.0
30.600000000000293,35.724982924737105,51.275941701857,1300.0000926069915,-6.407624999837935e-05,-5.5717916666253586e-05,0.0,-5.684341886080801e-13,0.0,0.0,252.38000000000164,70.0,0.0,255.0,0.0
30.650000000000293,35.724979509664145,51.27593899754123,1300.000092181377,-6.407624999837935e-05,-5.5717916666253586e-05,0.0,-5.684341886080801e-13,0.0,0.0,252.6616666666683,70.0,0.0,255.0,0.0
30.700000000000294,35.72497609426672,51.275936291950835,1300.0000917529687,-6.407625005522277e-05,-5.5717916666253586e-05,0.0,-5.684341886080801e-13,0.0,0.0,252.94333333333498,70.0,0.0,255.0,0.0
30.750000000000295,35.72497267854991,51.275933585083905,1300.0000913254917,-6.407625005522277e-05,-5.5717916666253586e-05,0.0,5.684341886080801e-13,0.0,0.0,253.22500000000164,70.0,0.0,255.0,0.0
30.800000000000296,35.72496926251887,51.2759308769385,1300.0000909008086,-6.407624999837935e-05,-5.5717916666253586e-05,0.0,5.684341886080801e-13,0.0,0.0,253.5066666666683,70.0,0.0,255.0,0.0
30.850000000000296,35.724965846178705,51.275928167512774,1300.0000904779881,-6.407624999837935e-05,-5.5717916666253586e-05,0.0,5.684341886080801e-13,0.0,0.0,253.788333333335,70.0,0.0,255.0,0.0
30.900000000000297,35.72496242953455,51.27592545680487,1300.000090056099,-6.407624994153593e-05,-5.5717916666253586e-05,0.0,0.0,0.0,0.0,254.07000000000164,70.0,0.0,255.0,0.0
30.950000000000298,35.72495901259157,51.27592274481295,1300.0000896332785,-6.407624999837935e-05,-5.5717916666253586e-05,0.0,-5.684341886080801e-13,0.0,0.0,254.35166666666834,70.0,0.0,255.0,0.0
31.0000000000003,35.72495559535489,51.27592003153525,1300.0000892151147,-6.407624999837935e-05,-5.5717916666253586e-05,0.0,0.0,0.0,0.0,254.633333333335,70.0,0.0,255.0,0.0
31.0500000000003,35.72495217782969,51.27591731697001,1300.0000887969509,-6.407624999837935e-05,-5.5717916666253586e-05,0.0,0.0,0.0,0.0,254.91500000000167,70.0,0.0,255.0,0.0
31.1000000000003,35.72494876002112,51.2759146011155,1300.0000883806497,-6.407624999837935e-05,-5.5717916666253586e-05,0.0,5.684341886080801e-13,0.0,0.0,255.19666666666834,70.0,0.0,255.0,0.0
31.1500000000003,35.724945341934365,51.27591188397003,1300.0000879643485,-6.407624994153593e-05,-5.5717916666253586e-05,0.0,-5.684341886080801e-13,0.0,0.0,255.478333333335,70.0,0.0,255.0,0.0
31.2000000000003,35.724941923574576,51.27590916553196,1300.000087552704,-6.407625005522277e-05,-5.5717916666253586e-05,0.0,-1.1368683772161603e-12,0.0,0.0,255.7600000000017,70.0,0.0,255.0,0.0
31.250000000000302,35.72493850494696,51.27590644579962,1300.0000871391967,-6.407625005522277e-05,-5.5717916666253586e-05,0.0,5.684341886080801e-13,0.0,0.0,256.04166666666833,70.0,0.0,255.0,0.0
31.300000000000303,35.724935086056725,51.27590372477144,1300.0000867284834,-6.407624999837935e-05,-5.5717916666253586e-05,0.0,5.684341886080801e-13,0.0,0.0,256.32333333333503,70.0,0.0,255.0,0.0
31.350000000000303,35.72493166690902,51.275901002445835,1300.0000863196328,-6.407624999837935e-05,-5.5717916666253586e-05,0.0,5.684341886080801e-13,0.0,0.0,256.6050000000017,70.0,0.0,255.0,0.0
31.400000000000304,35.7249282475091,51.27589827882129,1300.0000859135762,-6.407624994153593e-05,-5.5717916666253586e-05,0.0,0.0,0.0,0.0,256.88666666666836,70.0,0.0,255.0,0.0
31.450000000000305,35.72492482786215,51.27589555389628,1300.0000855084509,-6.407624999837935e-05,-5.5717916666253586e-05,0.0,-5.684341886080801e-13,0.0,0.0,257.16833333333506,70.0,0.0,255.0,0.0
31.500000000000306,35.724921407973376,51.27589282766935,1300.0000851023942,-6.407624999837935e-05,-5.5717916666253586e-05,0.0,0.0,0.0,0.0,257.4500000000017,70.0,0.0,255.0,0.0
31.550000000000306,35.72491798784802,51.27589010013904,1300.0000847009942,-6.407624999837935e-05,-5.5717916666253586e-05,0.0,0.0,0.0,0.0,257.7316666666684,70.0,0.0,255.0,0.0
31.600000000000307,35.72491456749129,51.27588737130395,1300.0000843005255,-6.407624999837935e-05,-5.5717916666253586e-05,0.0,-5.684341886080801e-13,0.0,0.0,258.013333333335,70.0,0.0,255.0,0.0
31.650000000000308,35.72491114690844,51.2758846411627,1300.000083900988,-6.407625005522277e-05,-5.5717916666253586e-05,0.0,-5.684341886080801e-13,0.0,0.0,258.2950000000017,70.0,0.0,255.0,0.0
31.70000000000031,35.7249077261047,51.27588190971393,1300.0000835033134,-6.407625005522277e-05,-5.5717916666253586e-05,0.0,1.1368683772161603e-12,0.0,0.0,258.5766666666684,70.0,0.0,255.0,0.0
31.75000000000031,35.72490430508533,51.27587917695636,1300.000083109364,-6.407624994153593e-05,-5.5717916666253586e-05,0.0,5.684341886080801e-13,0.0,0.0,258.85833333333505,70.0,0.0,255.0,0.0
31.80000000000031,35.72490088385554,51.27587644288866,1300.0000827144831,-6.407624999837935e-05,-5.5717916666253586e-05,0.0,-5.684341886080801e-13,0.0,0.0,259.14000000000175,70.0,0.0,255.0,0.0
31.85000000000031,35.72489746242062,51.27587370750961,1300.000082321465,-6.407624999837935e-05,-5.5717916666253586e-05,0.0,0.0,0.0,0.0,259.4216666666684,70.0,0.0,255.0,0.0
31.90000000000031,35.72489404078581,51.27587097081796,1300.0000819331035,-6.407624999837935e-05,-5.5717916666253586e-05,0.0,0.0,0.0,0.0,259.7033333333351,70.0,0.0,255.0,0.0
31.950000000000312,35.72489061895638,51.27586823281256,1300.0000815438107,-6.407624999837935e-05,-5.5717916666253586e-05,0.0,5.684341886080801e-13,-1.1368683772161603e-12,-1.8189894035458306e-11,259.9850000000017,70.0,0.0,255.0,0.0
32.00000000000031,35.72488719693761,51.27586549349224,1300.0000811582431,-6.407624994153593e-05,-5.5717916779940424e-05,-1.8189894035458565e-12,0.0,-1.0842021724855044e-19,2.5849394142283217e-24,260.2666666666684,70.0,0.0,255.0,0.0
32.05000000000031,35.72488377473476,51.27586275285585,1300.000080773607,-6.407624999837935e-05,-5.5717916666253586e-05,0.0,-5.684341886080801e-13,1.136868268795943e-12,1.818989403546089e-11,260.54833333333505,70.0,0.0,255.0,0.0
32.100000000000314,35.7248803523531,51.27586001090232,1300.0000803908333,-6.407624999837935e-05,-5.5717916666253586e-05,0.0,0.0,0.0,0.0,260.83000000000175,70.0,0.0,255.0,0.0
32.15000000000032,35.72487692979794,51.27585726763058,1300.000080008991,-6.407624999837935e-05,-5.5717916666253586e-05,0.0,0.0,1.1368684856363775e-12,0.0,261.11166666666844,70.0,0.0,255.0,0.0
32.200000000000315,35.72487350707454,51.27585452303959,1300.000079630874,-6.407624999837935e-05,-5.571791655256675e-05,0.0,0.0,0.0,0.0,261.3933333333351,70.0,0.0,255.0,0.0
32.25000000000031,35.72487008418819,51.27585177712838,1300.0000792536885,-6.407624999837935e-05,-5.5717916666253586e-05,0.0,0.0,-1.1368684856363775e-12,0.0,261.6750000000018,70.0,0.0,255.0,0.0
32.30000000000032,35.72486666114421,51.27584902989596,1300.0000788774341,-6.407624999837935e-05,-5.5717916666253586e-05,0.0,0.0,0.0,0.0,261.9566666666684,70.0,0.0,255.0,0.0
32.35000000000032,35.724863237947865,51.2758462813414,1300.0000785058364,-6.407624999837935e-05,-5.5717916666253586e-05,0.0,-5.684341886080801e-13,-1.136868268795943e-12,0.0,262.2383333333351,70.0,0.0,255.0,0.0
32.40000000000032,35.72485981460449,51.275843531463806,1300.0000781333074,-6.407625005522277e-05,-5.5717916779940424e-05,0.0,0.0,0.0,0.0,262.5200000000018,70.0,0.0,255.0,0.0
32.450000000000315,35.72485639111935,51.27584078026231,1300.0000777663663,-6.407624999837935e-05,-5.5717916666253586e-05,0.0,5.684341886080801e-13,1.136868268795943e-12,0.0,262.80166666666844,70.0,0.0,255.0,0.0
32.50000000000032,35.72485296749781,51.27583802773605,1300.0000773975626,-6.407624999837935e-05,-5.5717916666253586e-05,0.0,0.0,0.0,0.0,263.08333333333513,70.0,0.0,255.0,0.0
32.550000000000324,35.72484954374512,51.27583527388424,1300.0000770334154,-6.407624999837935e-05,-5.5717916666253586e-05,0.0,5.684341886080801e-13,1.0842021724855044e-19,0.0,263.3650000000018,70.0,0.0,255.0,0.0
32.60000000000032,35.72484611986664,51.2758325187061,1300.0000766720623,-6.407624994153593e-05,-5.5717916666253586e-05,0.0,-5.684341886080801e-13,0.0,0.0,263.64666666666847,70.0,0.0,255.0,0.0
32.65000000000032,35.724842695867686,51.2758297622009,1300.0000763107091,-6.407625005522277e-05,-5.5717916666253586e-05,0.0,-5.684341886080801e-13,1.136868268795943e-12,0.0,263.9283333333351,70.0,0.0,255.0,0.0
32.70000000000032,35.724839271753545,51.275827004367905,1300.00007595215,-6.407624999837935e-05,-5.571791655256675e-05,0.0,5.684341886080801e-13,0.0,0.0,264.2100000000018,70.0,0.0,255.0,0.0
32.75000000000033,35.72483584752958,51.27582424520646,1300.0000755954534,-6.407624999837935e-05,-5.5717916666253586e-05,0.0,0.0,-1.136868268795943e-12,0.0,264.4916666666685,70.0,0.0,255.0,0.0
32.800000000000324,35.72483242320109,51.27582148471591,1300.0000752406195,-6.407624999837935e-05,-5.5717916666253586e-05,0.0,5.684341886080801e-13,0.0,0.0,264.77333333333513,70.0,0.0,255.0,0.0
32.85000000000032,35.72482899877342,51.27581872289564,1300.0000748895109,-6.407624994153593e-05,-5.5717916666253586e-05,0.0,-5.684341886080801e-13,-1.1368684856363775e-12,0.0,265.05500000000177,70.0,0.0,255.0,0.0
32.900000000000325,35.724825574251895,51.27581595974506,1300.0000745393336,-6.407625005522277e-05,-5.5717916779940424e-05,0.0,-5.684341886080801e-13,0.0,0.0,265.33666666666846,70.0,0.0,255.0,0.0
32.95000000000033,35.72482214964184,51.27581319526364,1300.0000741928816,-6.407624999837935e-05,-5.5717916666253586e-05,0.0,5.684341886080801e-13,1.1368684856363775e-12,0.0,265.61833333333516,70.0,0.0,255.0,0.0
33.00000000000033,35.72481872494861,51.27581042945085,1300.0000738482922,-6.407624999837935e-05,-5.5717916666253586e-05,0.0,0.0,0.0,0.0,265.9000000000018,70.0,0.0,255.0,0.0
33.050000000000324,35.72481530017753,51.2758076623062,1300.0000735046342,-6.407624999837935e-05,-5.5717916666253586e-05,0.0,5.684341886080801e-13,-1.0842021724855044e-19,0.0,266.1816666666685,70.0,0.0,255.0,0.0
33.10000000000033,35.724811875333955,51.27580489382926,1300.0000731647015,-6.407624994153593e-05,-5.5717916666253586e-05,0.0,0.0,0.0,0.0,266.4633333333352,70.0,0.0,255.0,0.0
33.15000000000033,35.72480845042321,51.275802124019584,1300.0000728257,-6.407624999837935e-05,-5.5717916666253586e-05,0.0,-5.684341886080801e-13,1.1368684856363775e-12,0.0,266.7450000000019,70.0,0.0,255.0,0.0
33.20000000000033,35.724805025450635,51.27579935287679,1300.0000724894926,-6.407624999837935e-05,-5.571791655256675e-05,0.0,-5.684341886080801e-13,0.0,0.0,267.0266666666685,70.0,0.0,255.0,0.0
33.25000000000033,35.724801600421586,51.27579658040053,1300.000072156079,-6.407625005522277e-05,-5.5717916666253586e-05,0.0,0.0,-1.1368684856363775e-12,0.0,267.30833333333516,70.0,0.0,255.0,0.0
33.30000000000033,35.72479817534141,51.27579380659047,1300.0000718245283,-6.407624999837935e-05,-5.5717916666253586e-05,0.0,5.684341886080801e-13,0.0,0.0,267.59000000000185,70.0,0.0,255.0,0.0
33.350000000000335,35.72479475021545,51.27579103144633,1300.0000714967027,-6.407624999837935e-05,-5.5717916666253586e-05,0.0,-5.684341886080801e-13,-1.136868268795943e-12,0.0,267.87166666666855,70.0,0.0,255.0,0.0
33.40000000000033,35.724791325049054,51.27578825496783,1300.0000711698085,-6.407625005522277e-05,-5.5717916779940424e-05,0.0,5.684341886080801e-13,0.0,0.0,268.1533333333352,70.0,0.0,255.0,0.0
33.45000000000033,35.724787899847584,51.27578547715477,1300.0000708457083,-6.407624994153593e-05,-5.5717916666253586e-05,0.0,5.684341886080801e-13,1.136868268795943e-12,0.0,268.4350000000018,70.0,0.0,255.0,0.0
33.500000000000334,35.72478447461637,51.27578269800692,1300.0000705234706,-6.407624999837935e-05,-5.5717916666253586e-05,0.0,-5.684341886080801e-13,0.0,0.0,268.7166666666685,70.0,0.0,255.0,0.0
33.55000000000034,35.72478104936077,51.27577991752414,1300.0000702049583,-6.407624999837935e-05,-5.5717916666253586e-05,0.0,0.0,1.0842021724855044e-19,0.0,268.9983333333352,70.0,0.0,255.0,0.0
33.600000000000335,35.72477762408614,51.275777135706306,1300.0000698873773,-6.407624999837935e-05,-5.5717916666253586e-05,0.0,-5.684341886080801e-13,0.0,0.0,269.28000000000185,70.0,0.0,255.0,0.0
33.65000000000033,35.72477419879783,51.275774352553306,1300.000069571659,-6.407625005522277e-05,-5.5717916666253586e-05,0.0,5.684341886080801e-13,1.136868268795943e-12,0.0,269.56166666666854,70.0,0.0,255.0,0.0
33.70000000000034,35.7247707735012,51.27577156806509,1300.0000692624599,-6.407624994153593e-05,-5.571791655256675e-05,0.0,5.684341886080801e-13,0.0,0.0,269.84333333333524,70.0,0.0,255.0,0.0
33.75000000000034,35.72476734820158,51.27576878224159,1300.0000689523295,-6.407624999837935e-05,-5.5717916666253586e-05,0.0,-5.684341886080801e-13,-1.136868268795943e-12,0.0,270.12500000000193,70.0,0.0,255.0,0.0
33.80000000000034,35.72476392290434,51.27576599508284,1300.0000686459243,-6.407624999837935e-05,-5.5717916666253586e-05,0.0,0.0,0.0,0.0,270.40666666666857,70.0,0.0,255.0,0.0
33.850000000000335,35.72476049761484,51.27576320658885,1300.0000683404505,-6.407624999837935e-05,-5.5717916666253586e-05,0.0,-5.684341886080801e-13,-1.1368684856363775e-12,0.0,270.6883333333352,70.0,0.0,255.0,0.0
33.90000000000034,35.724757072338406,51.275760416759695,1300.0000680405647,-6.407625005522277e-05,-5.5717916779940424e-05,0.0,0.0,0.0,0.0,270.9700000000019,70.0,0.0,255.0,0.0
33.950000000000344,35.72475364708042,51.27575762559545,1300.0000677397475,-6.407624999837935e-05,-5.5717916666253586e-05,0.0,5.684341886080801e-13,1.1368684856363775e-12,0.0,271.2516666666686,70.0,0.0,255.0,0.0
34.00000000000034,35.72475022184621,51.27575483309628,1300.0000674435869,-6.407624999837935e-05,-5.5717916666253586e-05,0.0,5.684341886080801e-13,0.0,0.0,271.53333333333524,70.0,0.0,255.0,0.0
34.05000000000034,35.72474679664114,51.27575203926231,1300.000067149289,-6.407624994153593e-05,-5.5717916666253586e-05,0.0,0.0,-1.0842021724855044e-19,0.0,271.8150000000019,70.0,0.0,255.0,0.0
34.10000000000034,35.72474337147056,51.27574924409374,1300.000066860579,-6.407624999837935e-05,-5.5717916666253586e-05,0.0,-5.684341886080801e-13,0.0,0.0,272.09666666666857,70.0,0.0,255.0,0.0
34.15000000000035,35.72473994633981,51.2757464475908,1300.0000665728003,-6.407624999837935e-05,-5.5717916666253586e-05,0.0,0.0,1.1368684856363775e-12,0.0,272.37833333333526,70.0,0.0,255.0,0.0
34.200000000000344,35.72473652125425,51.275743649753736,1300.0000662850216,-6.407624999837935e-05,-5.571791655256675e-05,0.0,-5.684341886080801e-13,0.0,0.0,272.6600000000019,70.0,0.0,255.0,0.0
34.25000000000034,35.724733096219225,51.275740850582864,1300.0000660018995,-6.407625005522277e-05,-5.5717916666253586e-05,0.0,5.684341886080801e-13,-1.1368684856363775e-12,0.0,272.9416666666686,70.0,0.0,255.0,0.0
34.300000000000345,35.72472967124009,51.27573805007848,1300.0000657225028,-6.407624994153593e-05,-5.5717916666253586e-05,0.0,5.684341886080801e-13,0.0,0.0,273.2233333333353,70.0,0.0,255.0,0.0
34.35000000000035,35.72472624632217,51.275735248240935,1300.0000654440373,-6.407624999837935e-05,-5.5717916666253586e-05,0.0,-1.1368683772161603e-12,-1.136868268795943e-12,0.0,273.5050000000019,70.0,0.0,255.0,0.0
34.40000000000035,35.72472282147081,51.27573244507062,1300.0000651692972,-6.407625005522277e-05,-5.5717916779940424e-05,0.0,0.0,0.0,0.0,273.7866666666686,70.0,0.0,255.0,0.0
34.450000000000344,35.72471939669138,51.275729640567974,1300.0000648964196,-6.407624999837935e-05,-5.5717916666253586e-05,0.0,5.684341886080801e-13,1.136868268795943e-12,0.0,274.06833333333526,70.0,0.0,255.0,0.0
34.50000000000035,35.72471597198916,51.27572683473341,1300.0000646272674,-6.407624999837935e-05,-5.5717916666253586e-05,0.0,5.684341886080801e-13,0.0,0.0,274.35000000000196,70.0,0.0,255.0,0.0
34.55000000000035,35.724712547369556,51.275724027567435,1300.0000643599778,-6.407624994153593e-05,-5.5717916666253586e-05,0.0,0.0,1.0842021724855044e-19,0.0,274.63166666666865,70.0,0.0,255.0,0.0
34.60000000000035,35.72470912283788,51.275721219070554,1300.0000640973449,-6.407624999837935e-05,-5.5717916666253586e-05,0.0,-1.1368683772161603e-12,0.0,0.0,274.9133333333353,70.0,0.0,255.0,0.0
34.65000000000035,35.72470569839944,51.27571840924332,1300.0000638365746,-6.407625005522277e-05,-5.5717916666253586e-05,0.0,0.0,1.136868268795943e-12,0.0,275.1950000000019,70.0,0.0,255.0,0.0
34.70000000000035,35.72470227405962,51.2757155980863,1300.0000635785982,-6.407624999837935e-05,-5.571791655256675e-05,0.0,5.684341886080801e-13,0.0,0.0,275.4766666666686,70.0,0.0,255.0,0.0
34.750000000000355,35.72469884982368,51.27571278560012,1300.0000633234158,-6.407624999837935e-05,-5.5717916666253586e-05,0.0,-5.684341886080801e-13,-1.136868268795943e-12,0.0,275.7583333333353,70.0,0.0,255.0,0.0
34.80000000000035,35.72469542569703,51.2757099717854,1300.0000630691648,-6.407625005522277e-05,-5.5717916666253586e-05,0.0,0.0,0.0,0.0,276.04000000000195,70.0,0.0,255.0,0.0
34.85000000000035,35.724692001684915,51.27570715664284,1300.0000628205016,-6.407624999837935e-05,-5.5717916666253586e-05,0.0,1.1368683772161603e-12,-1.1368684856363775e-12,0.0,276.32166666666865,70.0,0.0,255.0,0.0
34.900000000000354,35.72468857779271,51.27570434017314,1300.0000625727698,-6.407624994153593e-05,-5.5717916779940424e-05,0.0,0.0,0.0,0.0,276.6033333333353,70.0,0.0,255.0,0.0
34.95000000000036,35.72468515402571,51.27570152237703,1300.000062330626,-6.407624999837935e-05,-5.5717916666253586e-05,0.0,-5.684341886080801e-13,1.1368684856363775e-12,0.0,276.885000000002,70.0,0.0,255.0,0.0
35.000000000000355,35.724681730389236,51.27569870325528,1300.000062088482,-6.407624999837935e-05,-5.5717916666253586e-05,0.0,-5.684341886080801e-13,0.0,0.0,277.1666666666687,70.0,0.0,255.0,0.0
35.05000000000035,35.7246783068886,51.27569588280869,1300.0000618509948,-6.407625005522277e-05,-5.5717916666253586e-05,0.0,0.0,-1.0842021724855044e-19,0.0,277.4483333333353,70.0,0.0,255.0,0.0
35.10000000000036,35.72467488352911,51.275693061038126,1300.0000616153702,-6.407624999837935e-05,-5.5717916666253586e-05,0.0,1.7053025658242404e-12,0.0,0.0,277.730000000002,70.0,0.0,255.0,0.0
35.15000000000036,35.72467146031609,51.275690237944424,1300.000061383471,-6.407624988469252e-05,-5.5717916666253586e-05,0.0,0.0,1.1368684856363775e-12,0.0,278.0116666666687,70.0,0.0,255.0,0.0
35.20000000000036,35.72466803725481,51.275687413528495,1300.0000611534342,-6.407624999837935e-05,-5.571791655256675e-05,0.0,-1.7053025658242404e-12,0.0,0.0,278.29333333333534,70.0,0.0,255.0,0.0
35.250000000000355,35.72466461435058,51.275684587791275,1300.0000609280542,-6.407625005522277e-05,-5.5717916666253586e-05,0.0,-5.684341886080801e-13,-1.1368684856363775e-12,0.0,278.575000000002,70.0,0.0,255.0,0.0
35.30000000000036,35.72466119160871,51.2756817607337,1300.0000607036054,-6.407625005522277e-05,-5.5717916666253586e-05,0.0,5.684341886080801e-13,0.0,0.0,278.8566666666687,70.0,0.0,255.0,0.0
35.350000000000364,35.724657769034465,51.27567893235679,1300.0000604847446,-6.407624999837935e-05,-5.5717916666253586e-05,0.0,1.1368683772161603e-12,-1.136868268795943e-12,0.0,279.13833333333537,70.0,0.0,255.0,0.0
35.40000000000036,35.724654346633166,51.27567610266157,1300.0000602658838,-6.407624994153593e-05,-5.5717916779940424e-05,0.0,0.0,0.0,0.0,279.420000000002,70.0,0.0,255.0,0.0
35.45000000000036,35.72465092441007,51.2756732716491,1300.0000600516796,-6.407624999837935e-05,-5.5717916666253586e-05,0.0,-5.684341886080801e-13,1.136868268795943e-12,0.0,279.70166666666864,70.0,0.0,255.0,0.0
35.50000000000036,35.72464750237045,51.275670439320464,1300.0000598412007,-6.407624999837935e-05,-5.5717916666253586e-05,0.0,0.0,0.0,0.0,279.98333333333534,70.0,0.0,255.0,0.0
35.55000000000037,35.724644080519596,51.27566760567677,1300.0000596335158,-6.407624999837935e-05,-5.5717916666253586e-05,0.0,0.0,1.0842021724855044e-19,0.0,280.26500000000203,70.0,0.0,255.0,0.0
35.600000000000364,35.72464065886278,51.275664770719196,1300.0000594295561,-6.407624999837935e-05,-5.5717916666253586e-05,0.0,-5.684341886080801e-13,0.0,0.0,280.54666666666867,70.0,0.0,255.0,0.0
35.65000000000036,35.724637237405254,51.27566193444892,1300.0000592265278,-6.407625005522277e-05,-5.5717916666253586e-05,0.0,0.0,1.136868268795943e-12,0.0,280.82833333333537,70.0,0.0,255.0,0.0
35.700000000000365,35.72463381615229,51.27565909686716,1300.0000590272248,-6.407624999837935e-05,-5.571791655256675e-05,0.0,1.1368683772161603e-12,0.0,0.0,281.11000000000206,70.0,0.0,255.0,0.0
35.75000000000037,35.72463039510912,51.275656257975164,1300.0000588307157,-6.407624994153593e-05,-5.5717916666253586e-05,0.0,-5.684341886080801e-13,-1.136868268795943e-12,0.0,281.3916666666687,70.0,0.0,255.0,0.0
35.80000000000037,35.72462697428103,51.27565341777421,1300.000058640726,-6.407625005522277e-05,-5.5717916666253586e-05,0.0,-5.684341886080801e-13,0.0,0.0,281.6733333333354,70.0,0.0,255.0,0.0
35.850000000000364,35.724623553673226,51.27565057626562,1300.0000584498048,-6.407624999837935e-05,-5.5717916666253586e-05,0.0,5.684341886080801e-13,-1.1368684856363775e-12,0.0,281.95500000000203,70.0,0.0,255.0,0.0
35.90000000000037,35.724620133290976,51.27564773345071,1300.000058262609,-6.407624999837935e-05,-5.5717916779940424e-05,0.0,0.0,-1.1368683772161603e-12,0.0,282.2366666666687,70.0,0.0,255.0,0.0
35.95000000000037,35.7246167131395,51.2756448893309,1300.0000580791384,-6.407624999837935e-05,-5.5717916779940424e-05,0.0,5.684341886080801e-13,1.1368684856363775e-12,0.0,282.5183333333354,70.0,0.0,255.0,0.0
36.00000000000037,35.72461329322404,51.27564204390756,1300.0000578984618,-6.407624994153593e-05,-5.5717916666253586e-05,0.0,-5.684341886080801e-13,2.2737367544323206e-12,0.0,282.80000000000206,70.0,0.0,255.0,0.0
36.05000000000037,35.724609873549795,51.27563919718216,1300.0000577215105,-6.407625005522277e-05,-5.571791655256675e-05,0.0,-5.684341886080801e-13,-1.0842021724855044e-19,0.0,283.0816666666687,70.0,0.0,255.0,0.0
36.10000000000037,35.72460645412199,51.27563634915613,1300.0000575492159,-6.407624999837935e-05,-5.5717916666253586e-05,0.0,5.684341886080801e-13,-1.1368683772161603e-12,0.0,283.3633333333354,70.0,0.0,255.0,0.0
36.150000000000375,35.72460303494586,51.275633499831,1300.0000573778525,-6.407624999837935e-05,-5.5717916666253586e-05,0.0,0.0,1.0842021724855044e-19,0.0,283.6450000000021,70.0,0.0,255.0,0.0
36.20000000000037,35.724599616026566,51.27563064920831,1300.0000572111458,-6.407624999837935e-05,-5.5717916666253586e-05,0.0,5.684341886080801e-13,0.0,0.0,283.9266666666688,70.0,0.0,255.0,0.0
36.25000000000037,35.72459619736935,51.2756277972896,1300.0000570453703,-6.407624994153593e-05,-5.5717916666253586e-05,0.0,-5.684341886080801e-13,1.136868268795943e-12,0.0,284.2083333333354,70.0,0.0,255.0,0.0
36.300000000000374,35.724592778979385,51.27562494407648,1300.0000568851829,-6.407625005522277e-05,-5.571791655256675e-05,0.0,-5.684341886080801e-13,0.0,0.0,284.49000000000206,70.0,0.0,255.0,0.0
36.35000000000038,35.724589360861835,51.27562208957058,1300.0000567277893,-6.407624999837935e-05,-5.5717916666253586e-05,0.0,5.684341886080801e-13,-2.2737366460121033e-12,0.0,284.7716666666688,70.0,0.0,255.0,0.0
36.400000000000375,35.724585943021914,51.275619233773554,1300.0000565731898,-6.407624999837935e-05,-5.5717916779940424e-05,0.0,0.0,0.0,0.0,285.05333333333544,70.0,0.0,255.0,0.0
36.45000000000037,35.72458252546478,51.27561637668709,1300.000056420453,-6.407624999837935e-05,-5.5717916666253586e-05,0.0,0.0,1.136868268795943e-12,0.0,285.3350000000021,70.0,0.0,255.0,0.0
36.50000000000038,35.72457910819562,51.2756135183129,1300.0000562742352,-6.407624999837935e-05,-5.5717916666253586e-05,0.0,0.0,0.0,0.0,285.6166666666688,70.0,0.0,255.0,0.0
36.55000000000038,35.724575691219535,51.275610658652745,1300.0000561298802,-6.407624999837935e-05,-5.5717916666253586e-05,0.0,5.684341886080801e-13,1.0842021724855044e-19,0.0,285.8983333333355,70.0,0.0,255.0,0.0
36.60000000000038,35.72457227454173,51.275607797708425,1300.0000559864566,-6.407624994153593e-05,-5.5717916666253586e-05,0.0,-5.684341886080801e-13,0.0,0.0,286.1800000000021,70.0,0.0,255.0,0.0
36.650000000000375,35.724568858167345,51.27560493548172,1300.0000558486208,-6.407625005522277e-05,-5.5717916666253586e-05,0.0,-5.684341886080801e-13,-1.0842021724855044e-19,0.0,286.46166666666875,70.0,0.0,255.0,0.0
36.70000000000038,35.724565442101486,51.27560207197449,1300.0000557154417,-6.407624999837935e-05,-5.5717916666253586e-05,0.0,5.684341886080801e-13,0.0,0.0,286.74333333333544,70.0,0.0,255.0,0.0
36.750000000000384,35.72456202634931,51.275599207188606,1300.0000555822626,-6.407624999837935e-05,-5.5717916666253586e-05,0.0,-5.684341886080801e-13,1.1368684856363775e-12,0.0,287.02500000000214,70.0,0.0,255.0,0.0
36.80000000000038,35.72455861091592,51.27559634112598,1300.00005545374,-6.407625005522277e-05,-5.571791655256675e-05,0.0,5.684341886080801e-13,0.0,0.0,287.3066666666688,70.0,0.0,255.0,0.0
36.85000000000038,35.72455519580645,51.275593473788575,1300.0000553280115,-6.407624994153593e-05,-5.5717916666253586e-05,0.0,5.684341886080801e-13,-2.273736862852538e-12,0.0,287.5883333333354,70.0,0.0,255.0,0.0
36.90000000000038,35.724551781026,51.2755906051783,1300.0000552069396,-6.407624999837935e-05,-5.5717916779940424e-05,0.0,-5.684341886080801e-13,-1.1368683772161603e-12,0.0,287.87000000000216,70.0,0.0,255.0,0.0
36.95000000000039,35.72454836657965,51.275587735297215,1300.0000550886616,-6.407624999837935e-05,-5.5717916779940424e-05,0.0,0.0,1.1368684856363775e-12,0.0,288.1516666666688,70.0,0.0,255.0,0.0
37.000000000000384,35.72454495247253,51.275584864147305,1300.0000549731776,-6.407624999837935e-05,-5.5717916666253586e-05,0.0,-5.684341886080801e-13,2.2737367544323206e-12,0.0,288.4333333333355,70.0,0.0,255.0,0.0
37.05000000000038,35.72454153870968,51.27558199173066,1300.0000548604876,-6.407625005522277e-05,-5.571791655256675e-05,0.0,5.684341886080801e-13,-1.0842021724855044e-19,0.0,288.71500000000214,70.0,0.0,255.0,0.0
37.100000000000385,35.72453812529619,51.27557911804936,1300.0000547552481,-6.407624994153593e-05,-5.5717916666253586e-05,0.0,5.684341886080801e-13,-1.1368683772161603e-12,0.0,288.99666666666883,70.0,0.0,255.0,0.0
37.15000000000039,35.72453471223713,51.27557624310551,1300.000054648146,-6.407624999837935e-05,-5.5717916666253586e-05,0.0,-5.684341886080801e-13,1.0842021724855044e-19,0.0,289.2783333333355,70.0,0.0,255.0,0.0
37.20000000000039,35.724531299537546,51.27557336690129,1300.0000545466319,-6.407624999837935e-05,-5.5717916666253586e-05,0.0,0.0,0.0,0.0,289.56000000000216,70.0,0.0,255.0,0.0
37.250000000000384,35.724527887202505,51.27557048943887,1300.0000544497743,-6.407624999837935e-05,-5.5717916666253586e-05,0.0,-5.684341886080801e-13,1.136868268795943e-12,0.0,289.8416666666688,70.0,0.0,255.0,0.0
37.30000000000039,35.72452447523703,51.27556761072046,1300.000054353848,-6.407625005522277e-05,-5.571791655256675e-05,0.0,0.0,0.0,0.0,290.1233333333355,70.0,0.0,255.0,0.0
37.35000000000039,35.724521063646165,51.27556473074831,1300.0000542607158,-6.407624999837935e-05,-5.5717916666253586e-05,0.0,5.684341886080801e-13,-2.2737366460121033e-12,0.0,290.4050000000022,70.0,0.0,255.0,0.0
37.40000000000039,35.724517652434905,51.275561849524685,1300.0000541741028,-6.407624999837935e-05,-5.5717916779940424e-05,0.0,5.684341886080801e-13,0.0,0.0,290.6866666666688,70.0,0.0,255.0,0.0
37.45000000000039,35.724514241608304,51.27555896705189,1300.0000540893525,-6.407624994153593e-05,-5.5717916666253586e-05,0.0,0.0,1.136868268795943e-12,0.0,290.9683333333355,70.0,0.0,255.0,0.0
37.50000000000039,35.72451083117132,51.275556083332276,1300.0000540083274,-6.407624999837935e-05,-5.5717916666253586e-05,0.0,-5.684341886080801e-13,0.0,0.0,291.25000000000216,70.0,0.0,255.0,0.0
37.550000000000395,35.724507421128976,51.275553198368186,1300.0000539310277,-6.407624999837935e-05,-5.5717916666253586e-05,0.0,0.0,1.0842021724855044e-19,0.0,291.53166666666885,70.0,0.0,255.0,0.0
37.60000000000039,35.724504011486246,51.27555031216204,1300.0000538574532,-6.407624999837935e-05,-5.5717916666253586e-05,0.0,-5.684341886080801e-13,0.0,0.0,291.81333333333555,70.0,0.0,255.0,0.0
37.65000000000039,35.72450060224811,51.27554742471622,1300.0000537829474,-6.407625005522277e-05,-5.5717916666253586e-05,0.0,5.684341886080801e-13,-1.0842021724855044e-19,0.0,292.0950000000022,70.0,0.0,255.0,0.0
37.700000000000394,35.724497193419516,51.275544536033216,1300.0000537168235,-6.407624994153593e-05,-5.5717916666253586e-05,0.0,5.684341886080801e-13,0.0,0.0,292.3766666666689,70.0,0.0,255.0,0.0
37.7500000000004,35.72449378500544,51.275541646115514,1300.0000536544248,-6.407624999837935e-05,-5.5717916666253586e-05,0.0,-1.1368683772161603e-12,1.1368684856363775e-12,0.0,292.6583333333356,70.0,0.0,255.0,0.0
37.800000000000395,35.72449037701081,51.2755387549656,1300.0000535929576,-6.407625005522277e-05,-5.571791655256675e-05,0.0,0.0,0.0,0.0,292.9400000000022,70.0,0.0,255.0,0.0
37.85000000000039,35.72448696944058,51.27553586258604,1300.0000535361469,-6.407624999837935e-05,-5.5717916666253586e-05,0.0,5.684341886080801e-13,-2.273736862852538e-12,0.0,293.22166666666885,70.0,0.0,255.0,0.0
37.9000000000004,35.724483562299646,51.27553296897939,1300.0000534811988,-6.407624999837935e-05,-5.5717916779940424e-05,0.0,0.0,-1.1368683772161603e-12,0.0,293.50333333333555,70.0,0.0,255.0,0.0
37.9500000000004,35.72448015559295,51.27553007414828,1300.0000534309074,-6.407624999837935e-05,-5.5717916779940424e-05,0.0,0.0,1.1368684856363775e-12,0.0,293.78500000000224,70.0,0.0,255.0,0.0
38.0000000000004,35.724476749325376,51.27552717809531,1300.00005338341,-6.407624999837935e-05,-5.5717916666253586e-05,0.0,0.0,2.2737367544323206e-12,0.0,294.0666666666689,70.0,0.0,255.0,0.0
38.050000000000395,35.72447334350182,51.27552428082317,1300.0000533415005,-6.407624999837935e-05,-5.571791655256675e-05,0.0,0.0,-1.0842021724855044e-19,0.0,294.3483333333355,70.0,0.0,255.0,0.0
38.1000000000004,35.724469938127186,51.275521382334546,1300.0000533005223,-6.407624999837935e-05,-5.5717916666253586e-05,0.0,0.0,-1.1368683772161603e-12,0.0,294.6300000000022,70.0,0.0,255.0,0.0
38.150000000000404,35.72446653320631,51.275518482632144,1300.0000532642007,-6.407624999837935e-05,-5.5717916666253586e-05,0.0,-5.684341886080801e-13,1.0842021724855044e-19,0.0,294.9116666666689,70.0,0.0,255.0,0.0
38.2000000000004,35.72446312874408,51.27551558171872,1300.0000532297418,-6.407625005522277e-05,-5.5717916666253586e-05,0.0,0.0,0.0,0.0,295.19333333333554,70.0,0.0,255.0,0.0
38.2500000000004,35.7244597247453,51.275512679597064,1300.0000532027334,-6.407624999837935e-05,-5.5717916666253586e-05,0.0,1.1368683772161603e-12,1.136868268795943e-12,0.0,295.47500000000224,70.0,0.0,255.0,0.0
38.3000000000004,35.72445632121488,51.27550977626998,1300.000053175725,-6.407624994153593e-05,-5.571791655256675e-05,0.0,0.0,0.0,0.0,295.75666666666893,70.0,0.0,255.0,0.0
38.350000000000406,35.7244529181576,51.275506871740305,1300.000053152442,-6.407624999837935e-05,-5.5717916666253586e-05,0.0,-5.684341886080801e-13,-2.2737366460121033e-12,0.0,296.0383333333356,70.0,0.0,255.0,0.0
38.400000000000404,35.72444951557827,51.2755039660109,1300.0000531338155,-6.407624999837935e-05,-5.5717916779940424e-05,0.0,-5.684341886080801e-13,0.0,0.0,296.32000000000227,70.0,0.0,255.0,0.0
38.4500000000004,35.724446113481726,51.27550105908468,1300.0000531189144,-6.407625005522277e-05,-5.5717916666253586e-05,0.0,0.0,1.136868268795943e-12,0.0,296.6016666666689,70.0,0.0,255.0,0.0
38.500000000000405,35.72444271187271,51.27549815096454,1300.0000531068072,-6.407624999837935e-05,-5.5717916666253586e-05,0.0,1.7053025658242404e-12,0.0,0.0,296.8833333333356,70.0,0.0,255.0,0.0
38.55000000000041,35.72443931075607,51.27549524165347,1300.000053097494,-6.407624988469252e-05,-5.5717916666253586e-05,0.0,0.0,1.0842021724855044e-19,0.0,297.1650000000023,70.0,0.0,255.0,0.0
38.600000000000406,35.72443591013652,51.27549233115441,1300.0000530928373,-6.407624999837935e-05,-5.5717916666253586e-05,0.0,-1.7053025658242404e-12,0.0,0.0,297.44666666666893,70.0,0.0,255.0,0.0
38.650000000000404,35.724432510018836,51.27548941947041,1300.0000530900434,-6.407625005522277e-05,-5.5717916666253586e-05,0.0,-5.684341886080801e-13,-1.0842021724855044e-19,0.0,297.72833333333557,70.0,0.0,255.0,0.0
38.70000000000041,35.724429110407755,51.275486506604494,1300.0000530928373,-6.407625005522277e-05,-5.5717916666253586e-05,0.0,5.684341886080801e-13,0.0,0.0,298.01000000000226,70.0,0.0,255.0,0.0
38.75000000000041,35.724425711308015,51.27548359255972,1300.0000530984253,-6.407624999837935e-05,-5.5717916666253586e-05,0.0,5.684341886080801e-13,1.1368684856363775e-12,0.0,298.29166666666896,70.0,0.0,255.0,0.0
38.80000000000041,35.724422312724336,51.27548067733922,1300.0000531068072,-6.407624999837935e-05,-5.571791655256675e-05,0.0,0.0,0.0,0.0,298.57333333333565,70.0,0.0,255.0,0.0
38.850000000000406,35.72441891466141,51.27547776094608,1300.0000531198457,-6.407624999837935e-05,-5.5717916666253586e-05,0.0,5.684341886080801e-13,-2.273736862852538e-12,0.0,298.8550000000023,70.0,0.0,255.0,0.0
38.90000000000041,35.724415517123965,51.27547484338346,1300.0000531338155,-6.407624994153593e-05,-5.5717916779940424e-05,0.0,0.0,-1.1368683772161603e-12,0.0,299.13666666666893,70.0,0.0,255.0,0.0
38.950000000000415,35.72441212011666,51.275471924654575,1300.0000531561673,-6.407624999837935e-05,-5.5717916779940424e-05,0.0,-5.684341886080801e-13,1.1368684856363775e-12,0.0,299.4183333333357,70.0,0.0,255.0,0.0
39.00000000000041,35.724408723644146,51.2754690047626,1300.0000531766564,-6.407624999837935e-05,-5.5717916666253586e-05,0.0,-5.684341886080801e-13,2.2737367544323206e-12,0.0,299.7000000000023,70.0,0.0,255.0,0.0
39.05000000000041,35.72440532771112,51.27546608371079,1300.000053204596,-6.407625005522277e-05,-5.571791655256675e-05,0.0,0.0,-1.0842021724855044e-19,0.0,299.98166666666896,70.0,0.0,255.0,0.0
39.10000000000041,35.72440193232218,51.27546316150241,1300.000053233467,-6.407624999837935e-05,-5.5717916666253586e-05,0.0,1.1368683772161603e-12,-1.1368683772161603e-12,0.0,300.26333333333565,70.0,0.0,255.0,0.0
39.15000000000042,35.724398537481996,51.27546023814073,1300.000053267926,-6.407624994153593e-05,-5.5717916666253586e-05,0.0,-5.684341886080801e-13,1.0842021724855044e-19,0.0,300.54500000000235,70.0,0.0,255.0,0.0
39.200000000000415,35.72439514319518,51.27545731362911,1300.0000533051789,-6.407625005522277e-05,-5.5717916666253586e-05,0.0,-5.684341886080801e-13,0.0,0.0,300.826666666669,70.0,0.0,255.0,0.0
39.25000000000041,35.72439174946629,51.27545438797088,1300.0000533442944,-6.407624999837935e-05,-5.5717916666253586e-05,0.0,5.684341886080801e-13,1.136868268795943e-12,0.0,301.1083333333356,70.0,0.0,255.0,0.0
39.300000000000416,35.724388356299976,51.275451461169425,1300.0000533899292,-6.407624999837935e-05,-5.571791655256675e-05,0.0,0.0,0.0,0.0,301.3900000000023,70.0,0.0,255.0,0.0
39.35000000000042,35.724384963700764,51.27544853322814,1300.000053438358,-6.407624999837935e-05,-5.5717916666253586e-05,0.0,5.684341886080801e-13,-2.2737366460121033e-12,0.0,301.671666666669,70.0,0.0,255.0,0.0
39.40000000000042,35.72438157167327,51.27544560415047,1300.0000534867868,-6.407624994153593e-05,-5.5717916779940424e-05,0.0,-5.684341886080801e-13,0.0,0.0,301.95333333333565,70.0,0.0,255.0,0.0
39.450000000000415,35.72437818022198,51.27544267393987,1300.0000535426661,-6.407625005522277e-05,-5.5717916666253586e-05,0.0,-5.684341886080801e-13,1.136868268795943e-12,0.0,302.2350000000023,70.0,0.0,255.0,0.0
39.50000000000042,35.72437478935148,51.27543974259982,1300.0000536004081,-6.407624999837935e-05,-5.5717916666253586e-05,0.0,5.684341886080801e-13,0.0,0.0,302.51666666666904,70.0,0.0,255.0,0.0
39.55000000000042,35.724371399066264,51.27543681013386,1300.0000536618754,-6.407624999837935e-05,-5.5717916666253586e-05,0.0,0.0,1.0842021724855044e-19,0.0,302.7983333333357,70.0,0.0,255.0,0.0
39.60000000000042,35.72436800937085,51.275433876545506,1300.0000537279993,-6.407624999837935e-05,-5.5717916666253586e-05,0.0,0.0,0.0,0.0,303.08000000000237,70.0,0.0,255.0,0.0
39.65000000000042,35.724364620269725,51.27543094183833,1300.0000537969172,-6.407624999837935e-05,-5.5717916666253586e-05,0.0,-5.684341886080801e-13,-1.0842021724855044e-19,0.0,303.361666666669,70.0,0.0,255.0,0.0
39.70000000000042,35.72436123176735,51.275428006015936,1300.000053868629,-6.407625005522277e-05,-5.5717916666253586e-05,0.0,5.684341886080801e-13,0.0,0.0,303.6433333333357,70.0,0.0,255.0,0.0
39.750000000000426,35.72435784386823,51.27542506908195,1300.0000539449975,-6.407624994153593e-05,-5.5717916666253586e-05,0.0,5.684341886080801e-13,1.1368684856363775e-12,0.0,303.9250000000024,70.0,0.0,255.0,0.0
39.80000000000042,35.724354456576776,51.27542213104001,1300.0000540232286,-6.407624999837935e-05,-5.571791655256675e-05,0.0,-5.684341886080801e-13,0.0,0.0,304.20666666666904,70.0,0.0,255.0,0.0
39.85000000000042,35.724351069897445,51.27541919189382,1300.0000541061163,-6.407624999837935e-05,-5.5717916666253586e-05,0.0,0.0,-2.273736862852538e-12,0.0,304.4883333333357,70.0,0.0,255.0,0.0
39.900000000000425,35.724347683834644,51.27541625164704,1300.000054191798,-6.407624999837935e-05,-5.5717916779940424e-05,0.0,0.0,-1.1368683772161603e-12,0.0,304.77000000000237,70.0,0.0,255.0,0.0
39.95000000000043,35.72434429839278,51.27541331030345,1300.0000542821363,-6.407624999837935e-05,-5.5717916779940424e-05,0.0,5.684341886080801e-13,1.1368684856363775e-12,0.0,305.05166666666906,70.0,0.0,255.0,0.0
40.000000000000426,35.724340913576235,51.275410367866755,1300.0000543752685,-6.407624994153593e-05,-5.5717916666253586e-05,0.0,-5.684341886080801e-13,2.2737367544323206e-12,0.0,305.3333333333357,70.0,0.0,255.0,0.0
40.05000000000042,35.72433752938941,51.27540742434078,1300.000054472126,-6.407625005522277e-05,-5.571791655256675e-05,0.0,-5.684341886080801e-13,-1.0842021724855044e-19,0.0,305.6150000000024,70.0,0.0,255.0,0.0
40.10000000000043,35.724334145836615,51.27540447972932,1300.0000545736402,-6.407624999837935e-05,-5.5717916666253586e-05,0.0,5.684341886080801e-13,-1.1368683772161603e-12,0.0,305.89666666666903,70.0,0.0,255.0,0.0
40.15000000000043,35.72433076292226,51.2754015340362,1300.0000546779484,-6.407624999837935e-05,-5.5717916666253586e-05,0.0,-5.684341886080801e-13,1.0842021724855044e-19,0.0,306.17833333333573,70.0,0.0,255.0,0.0
40.20000000000043,35.724327380650614,51.2753985872653,1300.0000547831878,-6.407625005522277e-05,-5.5717916666253586e-05,0.0,5.684341886080801e-13,0.0,0.0,306.4600000000024,70.0,0.0,255.0,0.0
40.250000000000426,35.72432399902601,51.275395639420495,1300.0000548949465,-6.407624994153593e-05,-5.5717916666253586e-05,0.0,5.684341886080801e-13,1.136868268795943e-12,0.0,306.74166666666906,70.0,0.0,255.0,0.0
40.30000000000043,35.724320618052765,51.27539269050572,1300.0000550076365,-6.407624999837935e-05,-5.571791655256675e-05,0.0,-5.684341886080801e-13,0.0,0.0,307.02333333333576,70.0,0.0,255.0,0.0
40.350000000000435,35.72431723773513,51.275389740524886,1300.0000551259145,-6.407624999837935e-05,-5.5717916666253586e-05,0.0,0.0,-2.2737366460121033e-12,0.0,307.30500000000245,70.0,0.0,255.0,0.0
40.40000000000043,35.724313858077394,51.27538678948197,1300.0000552479178,-6.407624999837935e-05,-5.5717916779940424e-05,0.0,-5.684341886080801e-13,0.0,0.0,307.5866666666691,70.0,0.0,255.0,0.0
40.45000000000043,35.72431047908378,51.275383837380964,1300.0000553736463,-6.407625005522277e-05,-5.5717916666253586e-05,0.0,0.0,1.136868268795943e-12,0.0,307.8683333333357,70.0,0.0,255.0,0.0
40.50000000000043,35.72430710075856,51.27538088422589,1300.0000555012375,-6.407624999837935e-05,-5.5717916666253586e-05,0.0,5.684341886080801e-13,0.0,0.0,308.1500000000024,70.0,0.0,255.0,0.0
40.55000000000044,35.72430372310592,51.27537793002078,1300.0000556316227,-6.407624999837935e-05,-5.5717916666253586e-05,0.0,5.684341886080801e-13,1.0842021724855044e-19,0.0,308.4316666666691,70.0,0.0,255.0,0.0
40.600000000000435,35.72430034613008,51.27537497476971,1300.000055768527,-6.407624994153593e-05,-5.5717916666253586e-05,0.0,0.0,0.0,0.0,308.71333333333575,70.0,0.0,255.0,0.0
40.65000000000043,35.724296969835194,51.275372018476766,1300.0000559045002,-6.407624999837935e-05,-5.5717916666253586e-05,0.0,-1.1368683772161603e-12,-1.0842021724855044e-19,0.0,308.9950000000024,70.0,0.0,255.0,0.0
40.700000000000436,35.72429359422547,51.27536906114607,1300.0000560488552,-6.407625005522277e-05,-5.5717916666253586e-05,0.0,0.0,0.0,0.0,309.2766666666691,70.0,0.0,255.0,0.0
40.75000000000044,35.72429021930503,51.275366102781774,1300.0000561941415,-6.407624999837935e-05,-5.5717916666253586e-05,0.0,5.684341886080801e-13,1.0842021724855044e-19,0.0,309.5583333333358,70.0,0.0,255.0,0.0
40.80000000000044,35.72428684507803,51.275363143388034,1300.0000563440844,-6.407624999837935e-05,-5.5717916666253586e-05,0.0,5.684341886080801e-13,0.0,0.0,309.8400000000024,70.0,0.0,255.0,0.0
40.850000000000435,35.72428347154859,51.275360182969045,1300.0000564949587,-6.407624994153593e-05,-5.5717916666253586e-05,0.0,0.0,-1.0842021724855044e-19,0.0,310.1216666666691,70.0,0.0,255.0,0.0
40.90000000000044,35.72428009872078,51.27535722152901,1300.0000566504896,-6.407624999837935e-05,-5.5717916666253586e-05,0.0,-5.684341886080801e-13,-1.1368683772161603e-12,0.0,310.4033333333358,70.0,0.0,255.0,0.0
40.95000000000044,35.72427672659872,51.27535425907221,1300.000056810677,-6.407624999837935e-05,-5.5717916779940424e-05,0.0,0.0,1.0842021724855044e-19,0.0,310.68500000000245,70.0,0.0,255.0,0.0
41.00000000000044,35.724273355186455,51.27535129560287,1300.0000569717959,-6.407624999837935e-05,-5.5717916666253586e-05,0.0,-5.684341886080801e-13,1.1368683772161603e-12,0.0,310.96666666666914,70.0,0.0,255.0,0.0
41.05000000000044,35.72426998448804,51.275348331125315,1300.000057139434,-6.407625005522277e-05,-5.5717916666253586e-05,0.0,5.684341886080801e-13,-1.0842021724855044e-19,0.0,311.2483333333358,70.0,0.0,255.0,0.0
41.10000000000044,35.72426661450752,51.27534536564384,1300.0000573080033,-6.407624994153593e-05,-5.5717916666253586e-05,0.0,5.684341886080801e-13,1.1368683772161603e-12,0.0,311.5300000000025,70.0,0.0,255.0,0.0
41.150000000000446,35.7242632452489,51.2753423991628,1300.0000574821606,-6.407624999837935e-05,-5.571791655256675e-05,0.0,-1.1368683772161603e-12,1.0842021724855044e-19,0.0,311.81166666666917,70.0,0.0,255.0,0.0
41.20000000000044,35.72425987671618,51.27533943168654,1300.0000576572493,-6.407625005522277e-05,-5.5717916666253586e-05,0.0,0.0,-1.1368683772161603e-12,0.0,312.0933333333358,70.0,0.0,255.0,0.0
41.25000000000044,35.72425650891334,51.27533646321945,1300.0000578379259,-6.407624999837935e-05,-5.5717916666253586e-05,0.0,5.684341886080801e-13,-1.0842021724855044e-19,0.0,312.37500000000244,70.0,0.0,255.0,0.0
41.300000000000445,35.72425314184434,51.27533349376598,1300.000058020465,-6.407624999837935e-05,-5.5717916666253586e-05,0.0,0.0,0.0,0.0,312.65666666666914,70.0,0.0,255.0,0.0
41.35000000000045,35.72424977551314,51.2753305233305,1300.0000582085922,-6.407624999837935e-05,-5.5717916666253586e-05,0.0,0.0,1.0842021724855044e-19,0.0,312.93833333333583,70.0,0.0,255.0,0.0
41.400000000000446,35.72424640992365,51.27532755191754,1300.0000583967194,-6.407624999837935e-05,-5.5717916666253586e-05,0.0,0.0,0.0,0.0,313.2200000000025,70.0,0.0,255.0,0.0
41.45000000000044,35.724243045079795,51.27532457953154,1300.0000585895032,-6.407624999837935e-05,-5.5717916666253586e-05,0.0,0.0,-1.0842021724855044e-19,0.0,313.50166666666917,70.0,0.0,255.0,0.0
41.50000000000045,35.72423968098545,51.275321606177016,1300.0000587869436,-6.407624999837935e-05,-5.5717916666253586e-05,0.0,0.0,-1.1368683772161603e-12,0.0,313.7833333333358,70.0,0.0,255.0,0.0
41.55000000000045,35.7242363176445,51.2753186318585,1300.0000589881092,-6.407624999837935e-05,-5.5717916779940424e-05,0.0,-5.684341886080801e-13,1.0842021724855044e-19,0.0,314.06500000000256,70.0,0.0,255.0,0.0
41.60000000000045,35.724232955060806,51.275315656580545,1300.0000591902062,-6.407625005522277e-05,-5.5717916666253586e-05,0.0,0.0,2.2737367544323206e-12,0.0,314.3466666666692,70.0,0.0,255.0,0.0
41.650000000000446,35.72422959323818,51.27531268034773,1300.0000593960285,-6.407624999837935e-05,-5.571791655256675e-05,0.0,1.1368683772161603e-12,-1.0842021724855044e-19,0.0,314.62833333333583,70.0,0.0,255.0,0.0
41.70000000000045,35.72422623218046,51.27530970316465,1300.0000596074387,-6.407624994153593e-05,-5.5717916666253586e-05,0.0,0.0,-1.1368683772161603e-12,0.0,314.9100000000025,70.0,0.0,255.0,0.0
41.750000000000455,35.724222871891456,51.27530672503593,1300.0000598225743,-6.407624999837935e-05,-5.5717916666253586e-05,0.0,-5.684341886080801e-13,1.0842021724855044e-19,0.0,315.1916666666692,70.0,0.0,255.0,0.0
41.80000000000045,35.72421951237492,51.27530374596624,1300.0000600377098,-6.407624999837935e-05,-5.5717916666253586e-05,0.0,-5.684341886080801e-13,0.0,0.0,315.47333333333586,70.0,0.0,255.0,0.0
41.85000000000045,35.72421615363464,51.27530076596019,1300.000060257502,-6.407625005522277e-05,-5.5717916666253586e-05,0.0,0.0,-1.0842021724855044e-19,0.0,315.7550000000025,70.0,0.0,255.0,0.0
41.90000000000045,35.72421279567435,51.275297785022524,1300.000060480088,-6.407624999837935e-05,-5.5717916666253586e-05,0.0,5.684341886080801e-13,-1.1368683772161603e-12,0.0,316.0366666666692,70.0,0.0,255.0,0.0
41.95000000000046,35.72420943849779,51.27529480315795,1300.0000607073307,-6.407624999837935e-05,-5.5717916779940424e-05,0.0,0.0,1.0842021724855044e-19,0.0,316.3183333333359,70.0,0.0,255.0,0.0
42.000000000000455,35.72420608210864,51.27529182037117,1300.0000609355047,-6.407624999837935e-05,-5.5717916666253586e-05,0.0,5.684341886080801e-13,1.1368683772161603e-12,0.0,316.6000000000025,70.0,0.0,255.0,0.0
42.05000000000045,35.7242027265106,51.27528883666698,1300.000061170198,-6.407624994153593e-05,-5.5717916666253586e-05,0.0,-5.684341886080801e-13,-1.0842021724855044e-19,0.0,316.88166666666916,70.0,0.0,255.0,0.0
42.100000000000456,35.72419937170734,51.27528585205014,1300.0000614058226,-6.407625005522277e-05,-5.5717916666253586e-05,0.0,-5.684341886080801e-13,1.1368683772161603e-12,0.0,317.1633333333359,70.0,0.0,255.0,0.0
42.15000000000046,35.72419601770251,51.27528286652546,1300.0000616461039,-6.407624999837935e-05,-5.571791655256675e-05,0.0,5.684341886080801e-13,1.0842021724855044e-19,0.0,317.44500000000255,70.0,0.0,255.0,0.0
42.20000000000046,35.72419266449974,51.275279880097756,1300.0000618873164,-6.407624999837935e-05,-5.5717916666253586e-05,0.0,0.0,-1.1368683772161603e-12,0.0,317.7266666666692,70.0,0.0,255.0,0.0
42.250000000000455,35.724189312102624,51.275276892771885,1300.0000621350482,-6.407624999837935e-05,-5.5717916666253586e-05,0.0,5.684341886080801e-13,-1.0842021724855044e-19,0.0,318.0083333333359,70.0,0.0,255.0,0.0
42.30000000000046,35.72418596051478,51.275273904552705,1300.00006238278,-6.407624994153593e-05,-5.5717916666253586e-05,0.0,0.0,0.0,0.0,318.2900000000026,70.0,0.0,255.0,0.0
42.35000000000046,35.72418260973978,51.27527091544512,1300.000062637031,-6.407624999837935e-05,-5.5717916666253586e-05,0.0,-5.684341886080801e-13,1.0842021724855044e-19,0.0,318.5716666666693,70.0,0.0,255.0,0.0
42.40000000000046,35.724179259781124,51.275267925454024,1300.0000628922135,-6.407624999837935e-05,-5.5717916666253586e-05,0.0,-5.684341886080801e-13,0.0,0.0,318.8533333333359,70.0,0.0,255.0,0.0
42.45000000000046,35.72417591064241,51.275264934584364,1300.0000631520525,-6.407625005522277e-05,-5.5717916666253586e-05,0.0,0.0,-1.0842021724855044e-19,0.0,319.13500000000255,70.0,0.0,255.0,0.0
42.50000000000046,35.72417256232709,51.27526194284108,1300.0000634146854,-6.407624999837935e-05,-5.5717916666253586e-05,0.0,1.1368683772161603e-12,-1.1368683772161603e-12,0.0,319.41666666666924,70.0,0.0,255.0,0.0
42.550000000000466,35.72416921483872,51.27525895022915,1300.0000636810437,-6.407624994153593e-05,-5.5717916779940424e-05,0.0,-5.684341886080801e-13,1.0842021724855044e-19,0.0,319.69833333333594,70.0,0.0,255.0,0.0
42.60000000000046,35.72416586818073,51.27525595675358,1300.0000639483333,-6.407625005522277e-05,-5.5717916666253586e-05,0.0,-5.684341886080801e-13,2.2737367544323206e-12,0.0,319.9800000000026,70.0,0.0,255.0,0.0
42.65000000000046,35.72416252235657,51.27525296241939,1300.0000642184168,-6.407624999837935e-05,-5.571791655256675e-05,0.0,5.684341886080801e-13,-1.0842021724855044e-19,0.0,320.26166666666927,70.0,0.0,255.0,0.0
42.700000000000465,35.7241591773697,51.27524996723159,1300.0000644940883,-6.407624999837935e-05,-5.5717916666253586e-05,0.0,0.0,-1.1368683772161603e-12,0.0,320.5433333333359,70.0,0.0,255.0,0.0
42.75000000000047,35.724155833223506,51.275246971195266,1300.000064773485,-6.407624999837935e-05,-5.5717916666253586e-05,0.0,0.0,1.0842021724855044e-19,0.0,320.8250000000026,70.0,0.0,255.0,0.0
42.800000000000466,35.7241524899214,51.27524397431549,1300.0000650538132,-6.407624999837935e-05,-5.5717916666253586e-05,0.0,-5.684341886080801e-13,0.0,0.0,321.1066666666693,70.0,0.0,255.0,0.0
42.85000000000046,35.72414914746672,51.27524097659734,1300.0000653378665,-6.407625005522277e-05,-5.5717916666253586e-05,0.0,5.684341886080801e-13,-1.0842021724855044e-19,0.0,321.38833333333594,70.0,0.0,255.0,0.0
42.90000000000047,35.72414580586286,51.27523797804597,1300.0000656256452,-6.407624994153593e-05,-5.5717916666253586e-05,0.0,5.684341886080801e-13,-1.1368683772161603e-12,0.0,321.67000000000263,70.0,0.0,255.0,0.0
42.95000000000047,35.724142465113125,51.27523497866648,1300.0000659171492,-6.407624999837935e-05,-5.5717916779940424e-05,0.0,-5.684341886080801e-13,1.0842021724855044e-19,0.0,321.9516666666693,70.0,0.0,255.0,0.0
43.00000000000047,35.72413912522082,51.27523197846407,1300.0000662105158,-6.407624999837935e-05,-5.5717916666253586e-05,0.0,0.0,1.1368683772161603e-12,0.0,322.23333333333596,70.0,0.0,255.0,0.0
43.050000000000466,35.724135786189244,51.275228977443895,1300.000066505745,-6.407624999837935e-05,-5.5717916666253586e-05,0.0,-5.684341886080801e-13,-1.0842021724855044e-19,0.0,322.5150000000026,70.0,0.0,255.0,0.0
43.10000000000047,35.72413244802165,51.27522597561114,1300.0000668065622,-6.407625005522277e-05,-5.5717916666253586e-05,0.0,5.684341886080801e-13,1.1368683772161603e-12,0.0,322.7966666666693,70.0,0.0,255.0,0.0
43.150000000000475,35.72412911072132,51.27522297297107,1300.0000671083108,-6.407624994153593e-05,-5.571791655256675e-05,0.0,5.684341886080801e-13,1.0842021724855044e-19,0.0,323.078333333336,70.0,0.0,255.0,0.0
43.20000000000047,35.72412577429145,51.2752199695289,1300.0000674147159,-6.407624999837935e-05,-5.5717916666253586e-05,0.0,-5.684341886080801e-13,-1.1368683772161603e-12,0.0,323.36000000000263,70.0,0.0,255.0,0.0
43.25000000000047,35.72412243873524,51.27521696528985,1300.0000677229837,-6.407624999837935e-05,-5.5717916666253586e-05,0.0,0.0,-1.0842021724855044e-19,0.0,323.64166666666927,70.0,0.0,255.0,0.0
43.30000000000047,35.7241191040559,51.275213960259244,1300.0000680349767,-6.407624999837935e-05,-5.5717916666253586e-05,0.0,0.0,0.0,0.0,323.92333333333596,70.0,0.0,255.0,0.0
43.35000000000048,35.724115770256574,51.27521095444237,1300.000068350695,-6.407624999837935e-05,-5.5717916666253586e-05,0.0,5.684341886080801e-13,1.0842021724855044e-19,0.0,324.20500000000266,70.0,0.0,255.0,0.0
43.400000000000475,35.724112437340395,51.275207947844535,1300.000068668276,-6.407624994153593e-05,-5.5717916666253586e-05,0.0,-5.684341886080801e-13,0.0,0.0,324.4866666666693,70.0,0.0,255.0,0.0
43.45000000000047,35.724109105310525,51.27520494047106,1300.0000689895824,-6.407625005522277e-05,-5.5717916666253586e-05,0.0,-5.684341886080801e-13,-1.0842021724855044e-19,0.0,324.768333333336,70.0,0.0,255.0,0.0
43.500000000000476,35.72410577417001,51.275201932327334,1300.0000693127513,-6.407624999837935e-05,-5.5717916666253586e-05,0.0,5.684341886080801e-13,-1.1368683772161603e-12,0.0,325.0500000000027,70.0,0.0,255.0,0.0
43.55000000000048,35.72410244392196,51.27519892341869,1300.0000696387142,-6.407624999837935e-05,-5.5717916779940424e-05,0.0,-5.684341886080801e-13,1.0842021724855044e-19,0.0,325.3316666666693,70.0,0.0,255.0,0.0
43.60000000000048,35.72409911456942,51.27519591375054,1300.0000699693337,-6.407625005522277e-05,-5.5717916666253586e-05,0.0,0.0,2.2737367544323206e-12,0.0,325.613333333336,70.0,0.0,255.0,0.0
43.650000000000475,35.72409578611543,51.275192903328275,1300.0000703008845,-6.407624999837935e-05,-5.571791655256675e-05,0.0,5.684341886080801e-13,-1.0842021724855044e-19,0.0,325.89500000000265,70.0,0.0,255.0,0.0
43.70000000000048,35.72409245856298,51.27518989215734,1300.0000706380233,-6.407624999837935e-05,-5.5717916666253586e-05,0.0,5.684341886080801e-13,-1.1368683772161603e-12,0.0,326.17666666666935,70.0,0.0,255.0,0.0
43.75000000000048,35.724089131915086,51.27518688024317,1300.0000709742308,-6.407624994153593e-05,-5.5717916666253586e-05,0.0,0.0,1.0842021724855044e-19,0.0,326.45833333333604,70.0,0.0,255.0,0.0
43.80000000000048,35.72408580617471,51.27518386759123,1300.0000713169575,-6.407624999837935e-05,-5.5717916666253586e-05,0.0,-1.1368683772161603e-12,0.0,0.0,326.7400000000027,70.0,0.0,255.0,0.0
43.85000000000048,35.724082481344794,51.27518085420699,1300.0000716606155,-6.407625005522277e-05,-5.5717916666253586e-05,0.0,0.0,-1.0842021724855044e-19,0.0,327.0216666666693,70.0,0.0,255.0,0.0
43.90000000000048,35.724079157428264,51.27517784009596,1300.0000720070675,-6.407624999837935e-05,-5.5717916666253586e-05,0.0,5.684341886080801e-13,-1.1368683772161603e-12,0.0,327.303333333336,70.0,0.0,255.0,0.0
43.950000000000486,35.72407583442803,51.27517482526365,1300.000072358176,-6.407624999837935e-05,-5.5717916779940424e-05,0.0,5.684341886080801e-13,1.0842021724855044e-19,0.0,327.5850000000027,70.0,0.0,255.0,0.0
44.00000000000048,35.72407251234697,51.27517180971559,1300.0000727092847,-6.407624994153593e-05,-5.5717916666253586e-05,0.0,0.0,1.1368683772161603e-12,0.0,327.8666666666694,70.0,0.0,255.0,0.0
44.05000000000048,35.72406919118792,51.27516879345733,1300.0000730641186,-6.407624999837935e-05,-5.5717916666253586e-05,0.0,-1.1368683772161603e-12,-1.0842021724855044e-19,0.0,328.14833333333604,70.0,0.0,255.0,0.0
44.100000000000485,35.72406587095376,51.275165776494454,1300.0000734226778,-6.407625005522277e-05,-5.5717916666253586e-05,0.0,0.0,1.1368683772161603e-12,0.0,328.4300000000027,70.0,0.0,255.0,0.0
44.15000000000049,35.72406255164726,51.27516275883252,1300.0000737858936,-6.407624999837935e-05,-5.571791655256675e-05,0.0,5.684341886080801e-13,1.0842021724855044e-19,0.0,328.71166666666943,70.0,0.0,255.0,0.0
44.200000000000486,35.72405923327123,51.27515974047716,1300.0000741472468,-6.407624999837935e-05,-5.5717916666253586e-05,0.0,5.684341886080801e-13,-1.1368683772161603e-12,0.0,328.99333333333607,70.0,0.0,255.0,0.0
44.25000000000048,35.724055915828444,51.27515672143395,1300.0000745132565,-6.407624994153593e-05,-5.5717916666253586e-05,0.0,0.0,-1.0842021724855044e-19,0.0,329.2750000000027,70.0,0.0,255.0,0.0
44.30000000000049,35.724052599321645,51.27515370170856,1300.0000748820603,-6.407624999837935e-05,-5.5717916666253586e-05,0.0,-5.684341886080801e-13,0.0,0.0,329.5566666666694,70.0,0.0,255.0,0.0
44.35000000000049,35.72404928375353,51.27515068130663,1300.0000752555206,-6.407624999837935e-05,-5.5717916666253586e-05,0.0,0.0,1.0842021724855044e-19,0.0,329.8383333333361,70.0,0.0,255.0,0.0
44.40000000000049,35.72404596912684,51.27514766023383,1300.0000756280497,-6.407624999837935e-05,-5.5717916666253586e-05,0.0,-5.684341886080801e-13,0.0,0.0,330.12000000000273,70.0,0.0,255.0,0.0
44.450000000000486,35.724042655444244,51.275144638495824,1300.000076004304,-6.407625005522277e-05,-5.5717916666253586e-05,0.0,-5.684341886080801e-13,-1.0842021724855044e-19,0.0,330.40166666666937,70.0,0.0,255.0,0.0
44.50000000000049,35.72403934270837,51.27514161609833,1300.0000763870776,-6.407625005522277e-05,-5.5717916666253586e-05,0.0,5.684341886080801e-13,-1.1368683772161603e-12,0.0,330.68333333333607,70.0,0.0,255.0,0.0
44.550000000000495,35.72403603092189,51.27513859304709,1300.0000767679885,-6.407624999837935e-05,-5.5717916779940424e-05,0.0,1.1368683772161603e-12,1.0842021724855044e-19,0.0,330.96500000000276,70.0,0.0,255.0,0.0
44.60000000000049,35.72403272008738,51.27513556934777,1300.0000771526247,-6.407624994153593e-05,-5.5717916666253586e-05,0.0,0.0,2.2737367544323206e-12,0.0,331.2466666666694,70.0,0.0,255.0,0.0
44.65000000000049,35.72402941020744,51.27513254500618,1300.0000775428489,-6.407624999837935e-05,-5.571791655256675e-05,0.0,-5.684341886080801e-13,-1.0842021724855044e-19,0.0,331.52833333333604,70.0,0.0,255.0,0.0
44.70000000000049,35.724026101284636,51.275129520028045,1300.0000779321417,-6.407624999837935e-05,-5.5717916666253586e-05,0.0,0.0,-1.1368683772161603e-12,0.0,331.8100000000028,70.0,0.0,255.0,0.0
44.7500000000005,35.72402279332151,51.275126494419155,1300.0000783251598,-6.407624999837935e-05,-5.5717916666253586e-05,0.0,0.0,1.0842021724855044e-19,0.0,332.0916666666694,70.0,0.0,255.0,0.0
44.800000000000495,35.724019486320564,51.27512346818529,1300.0000787191093,-6.407624999837935e-05,-5.5717916666253586e-05,0.0,0.0,0.0,0.0,332.37333333333606,70.0,0.0,255.0,0.0
44.85000000000049,35.7240161802843,51.275120441332284,1300.0000791177154,-6.407624999837935e-05,-5.5717916666253586e-05,0.0,0.0,-1.0842021724855044e-19,0.0,332.65500000000276,70.0,0.0,255.0,0.0
44.900000000000496,35.7240128752152,51.27511741386595,1300.000079518184,-6.407624999837935e-05,-5.5717916666253586e-05,0.0,0.0,-1.1368683772161603e-12,0.0,332.93666666666945,70.0,0.0,255.0,0.0
44.9500000000005,35.724009571115694,51.27511438579212,1300.0000799214467,-6.407624999837935e-05,-5.5717916779940424e-05,0.0,-5.684341886080801e-13,1.0842021724855044e-19,0.0,333.21833333333615,70.0,0.0,255.0,0.0
45.0000000000005,35.72400626798822,51.27511135711664,1300.000080326572,-6.407625005522277e-05,-5.5717916666253586e-05,0.0,0.0,1.1368683772161603e-12,0.0,333.5000000000028,70.0,0.0,255.0,0.0
45.050000000000495,35.72400296583516,51.275108327845395,1300.00008073356,-6.407624999837935e-05,-5.5717916666253586e-05,0.0,1.1368683772161603e-12,-1.0842021724855044e-19,0.0,333.7816666666694,70.0,0.0,255.0,0.0
45.1000000000005,35.72399966465892,51.275105297984254,1300.000081143342,-6.407624994153593e-05,-5.5717916666253586e-05,0.0,0.0,1.1368683772161603e-12,0.0,334.0633333333361,70.0,0.0,255.0,0.0
45.1500000000005,35.72399636446181,51.27510226753912,1300.0000815568492,-6.407624999837935e-05,-5.571791655256675e-05,0.0,-5.684341886080801e-13,1.0842021724855044e-19,0.0,334.3450000000028,70.0,0.0,255.0,0.0
45.2000000000005,35.7239930652462,51.275099236515906,1300.0000819740817,-6.407624999837935e-05,-5.5717916666253586e-05,0.0,-5.684341886080801e-13,-1.1368683772161603e-12,0.0,334.62666666666945,70.0,0.0,255.0,0.0
45.2500000000005,35.72398976701436,51.275096204920516,1300.0000823922455,-6.407625005522277e-05,-5.5717916666253586e-05,0.0,0.0,-1.0842021724855044e-19,0.0,334.90833333333615,70.0,0.0,255.0,0.0
45.3000000000005,35.723986469768604,51.27509317275891,1300.0000828104094,-6.407624999837935e-05,-5.5717916666253586e-05,0.0,5.684341886080801e-13,0.0,0.0,335.1900000000028,70.0,0.0,255.0,0.0
45.350000000000506,35.72398317351118,51.27509014003703,1300.0000832332298,-6.407624999837935e-05,-5.5717916666253586e-05,0.0,0.0,1.0842021724855044e-19,0.0,335.4716666666695,70.0,0.0,255.0,0.0
45.4000000000005,35.72397987824433,51.27508710676084,1300.000083657913,-6.407624999837935e-05,-5.5717916666253586e-05,0.0,5.684341886080801e-13,0.0,0.0,335.7533333333362,70.0,0.0,255.0,0.0
45.4500000000005,35.723976583970234,51.27508407293633,1300.0000840863213,-6.407624994153593e-05,-5.5717916666253586e-05,0.0,-5.684341886080801e-13,-1.0842021724855044e-19,0.0,336.0350000000028,70.0,0.0,255.0,0.0
45.500000000000504,35.72397329069111,51.275081038569475,1300.000084515661,-6.407625005522277e-05,-5.5717916666253586e-05,0.0,-5.684341886080801e-13,-1.1368683772161603e-12,0.0,336.3166666666695,70.0,0.0,255.0,0.0
45.55000000000051,35.72396999840908,51.27507800366629,1300.0000849450007,-6.407624999837935e-05,-5.5717916779940424e-05,0.0,5.684341886080801e-13,1.0842021724855044e-19,0.0,336.5983333333362,70.0,0.0,255.0,0.0
45.600000000000506,35.72396670712634,51.27507496823278,1300.0000853799284,-6.407624999837935e-05,-5.5717916666253586e-05,0.0,0.0,1.1368683772161603e-12,0.0,336.88000000000284,70.0,0.0,255.0,0.0
45.6500000000005,35.72396341684496,51.275071932275,1300.0000858157873,-6.407624999837935e-05,-5.5717916666253586e-05,0.0,5.684341886080801e-13,-1.0842021724855044e-19,0.0,337.1616666666695,70.0,0.0,255.0,0.0
45.70000000000051,35.72396012756705,51.27506889579897,1300.0000862544402,-6.407624994153593e-05,-5.5717916666253586e-05,0.0,0.0,1.1368683772161603e-12,0.0,337.44333333333617,70.0,0.0,255.0,0.0
45.75000000000051,35.723956839294665,51.27506585881076,1300.0000866958871,-6.407624999837935e-05,-5.571791655256675e-05,0.0,-5.684341886080801e-13,1.0842021724855044e-19,0.0,337.72500000000286,70.0,0.0,255.0,0.0
45.80000000000051,35.72395355202984,51.27506282131644,1300.0000871391967,-6.407624999837935e-05,-5.5717916666253586e-05,0.0,-5.684341886080801e-13,-1.1368683772161603e-12,0.0,338.0066666666695,70.0,0.0,255.0,0.0
45.850000000000506,35.723950265774626,51.275059783322064,1300.0000875843689,-6.407625005522277e-05,-5.5717916666253586e-05,0.0,0.0,-1.0842021724855044e-19,0.0,338.28833333333614,70.0,0.0,255.0,0.0
45.90000000000051,35.72394698053096,51.275056744833755,1300.0000880314037,-6.407624999837935e-05,-5.5717916666253586e-05,0.0,5.684341886080801e-13,-1.1368683772161603e-12,0.0,338.57000000000284,70.0,0.0,255.0,0.0
45.950000000000514,35.72394369630086,51.2750537058576,1300.0000884803012,-6.407624999837935e-05,-5.5717916779940424e-05,0.0,-5.684341886080801e-13,1.0842021724855044e-19,0.0,338.85166666666953,70.0,0.0,255.0,0.0
46.00000000000051,35.72394041308624,51.27505066639973,1300.0000889319927,-6.407625005522277e-05,-5.5717916666253586e-05,0.0,5.684341886080801e-13,1.1368683772161603e-12,0.0,339.13333333333617,70.0,0.0,255.0,0.0
46.05000000000051,35.723937130889034,51.275047626466275,1300.0000893855467,-6.407624994153593e-05,-5.5717916666253586e-05,0.0,5.684341886080801e-13,-1.0842021724855044e-19,0.0,339.41500000000286,70.0,0.0,255.0,0.0
46.10000000000051,35.723933849711145,51.27504458606333,1300.0000898418948,-6.407624999837935e-05,-5.5717916666253586e-05,0.0,-5.684341886080801e-13,0.0,0.0,339.69666666666956,70.0,0.0,255.0,0.0
46.15000000000052,35.72393056955441,51.27504154519711,1300.0000902991742,-6.407624999837935e-05,-5.5717916666253586e-05,0.0,0.0,1.0842021724855044e-19,0.0,339.9783333333362,70.0,0.0,255.0,0.0
46.200000000000514,35.723927290420704,51.27503850387373,1300.0000907583162,-6.407624999837935e-05,-5.5717916666253586e-05,0.0,-5.684341886080801e-13,1.1368683772161603e-12,0.0,340.2600000000029,70.0,0.0,255.0,0.0
46.25000000000051,35.72392401231183,51.275035462099396,1300.000091219321,-6.407625005522277e-05,-5.571791655256675e-05,0.0,5.684341886080801e-13,-1.0842021724855044e-19,0.0,340.5416666666695,70.0,0.0,255.0,0.0
46.300000000000516,35.723920735229584,51.275032419880255,1300.0000916831195,-6.407624994153593e-05,-5.5717916666253586e-05,0.0,5.684341886080801e-13,-1.1368683772161603e-12,0.0,340.8233333333362,70.0,0.0,255.0,0.0
46.35000000000052,35.72391745917576,51.275029377222516,1300.0000921506435,-6.407624999837935e-05,-5.5717916666253586e-05,0.0,-5.684341886080801e-13,1.0842021724855044e-19,0.0,341.1050000000029,70.0,0.0,255.0,0.0
46.40000000000052,35.72391418415207,51.27502633413241,1300.000092617236,-6.407624999837935e-05,-5.5717916666253586e-05,0.0,0.0,0.0,0.0,341.38666666666956,70.0,0.0,255.0,0.0
46.450000000000514,35.72391091016026,51.27502329061612,1300.0000930856913,-6.407624999837935e-05,-5.5717916666253586e-05,0.0,-5.684341886080801e-13,-1.0842021724855044e-19,0.0,341.6683333333362,70.0,0.0,255.0,0.0
46.50000000000052,35.72390763720202,51.27502024667989,1300.0000935588032,-6.407625005522277e-05,-5.5717916666253586e-05,0.0,5.684341886080801e-13,-1.1368683772161603e-12,0.0,341.9500000000029,70.0,0.0,255.0,0.0
46.55000000000052,35.72390436527901,51.27501720232994,1300.0000940309837,-6.407624994153593e-05,-5.5717916779940424e-05,0.0,5.684341886080801e-13,1.0842021724855044e-19,0.0,342.2316666666696,70.0,0.0,255.0,0.0
46.60000000000052,35.723901094392886,51.275014157572535,1300.0000945068896,-6.407624999837935e-05,-5.5717916666253586e-05,0.0,-5.684341886080801e-13,1.1368683772161603e-12,0.0,342.5133333333362,70.0,0.0,255.0,0.0
46.65000000000052,35.72389782454526,51.27501111241392,1300.0000949855894,-6.407624999837935e-05,-5.5717916666253586e-05,0.0,0.0,-1.0842021724855044e-19,0.0,342.7950000000029,70.0,0.0,255.0,0.0
46.70000000000052,35.72389455573776,51.275008066860366,1300.0000954633579,-6.407624999837935e-05,-5.5717916666253586e-05,0.0,0.0,1.1368683772161603e-12,0.0,343.07666666666955,70.0,0.0,255.0,0.0
46.750000000000526,35.72389128797191,51.27500502091814,1300.0000959439203,-6.407624999837935e-05,-5.571791655256675e-05,0.0,0.0,1.0842021724855044e-19,0.0,343.3583333333363,70.0,0.0,255.0,0.0
46.80000000000052,35.72388802124927,51.27500197459354,1300.0000964263454,-6.407624999837935e-05,-5.5717916666253586e-05,0.0,-5.684341886080801e-13,-1.1368683772161603e-12,0.0,343.64000000000294,70.0,0.0,255.0,0.0
46.85000000000052,35.72388475557139,51.27499892789283,1300.0000969097018,-6.407625005522277e-05,-5.5717916666253586e-05,0.0,5.684341886080801e-13,-1.0842021724855044e-19,0.0,343.9216666666696,70.0,0.0,255.0,0.0
46.900000000000524,35.72388149093973,51.27499588082236,1300.0000973967835,-6.407624994153593e-05,-5.5717916666253586e-05,0.0,5.684341886080801e-13,-1.1368683772161603e-12,0.0,344.2033333333363,70.0,0.0,255.0,0.0
46.95000000000053,35.72387822735579,51.27499283338839,1300.0000978838652,-6.407624999837935e-05,-5.5717916779940424e-05,0.0,-1.1368683772161603e-12,1.0842021724855044e-19,0.0,344.48500000000297,70.0,0.0,255.0,0.0
47.000000000000526,35.72387496482097,51.27498978559728,1300.0000983746722,-6.407625005522277e-05,-5.5717916666253586e-05,0.0,0.0,1.1368683772161603e-12,0.0,344.7666666666696,70.0,0.0,255.0,0.0
47.05000000000052,35.723871703336734,51.27498673745535,1300.000098864548,-6.407624999837935e-05,-5.5717916666253586e-05,0.0,5.684341886080801e-13,-1.0842021724855044e-19,0.0,345.04833333333625,70.0,0.0,255.0,0.0
47.10000000000053,35.723868442904454,51.274983688968916,1300.0000993581489,-6.407624999837935e-05,-5.5717916666253586e-05,0.0,5.684341886080801e-13,0.0,0.0,345.33000000000294,70.0,0.0,255.0,0.0
47.15000000000053,35.723865183525504,51.27498064014435,1300.0000998526812,-6.407624994153593e-05,-5.5717916666253586e-05,0.0,0.0,1.0842021724855044e-19,0.0,345.61166666666963,70.0,0.0,255.0,0.0
47.20000000000053,35.72386192520123,51.27497759098799,1300.0001003472134,-6.407624999837935e-05,-5.5717916666253586e-05,0.0,-1.1368683772161603e-12,1.1368683772161603e-12,0.0,345.8933333333363,70.0,0.0,255.0,0.0
47.250000000000526,35.72385866793292,51.27497454150622,1300.0001008464023,-6.407625005522277e-05,-5.571791655256675e-05,0.0,0.0,-1.0842021724855044e-19,0.0,346.1750000000029,70.0,0.0,255.0,0.0
47.30000000000053,35.72385541172192,51.274971491705394,1300.0001013437286,-6.407624999837935e-05,-5.5717916666253586e-05,0.0,5.684341886080801e-13,-1.1368683772161603e-12,0.0,346.45666666666966,70.0,0.0,255.0,0.0
47.350000000000534,35.72385215656944,51.27496844159188,1300.0001018447801,-6.407624999837935e-05,-5.5717916666253586e-05,0.0,5.684341886080801e-13,1.0842021724855044e-19,0.0,346.7383333333363,70.0,0.0,255.0,0.0
47.40000000000053,35.723848902476774,51.274965391172074,1300.000102346763,-6.407624994153593e-05,-5.5717916666253586e-05,0.0,0.0,0.0,0.0,347.02000000000294,70.0,0.0,255.0,0.0
47.45000000000053,35.7238456494451,51.27496234045238,1300.0001028506085,-6.407624999837935e-05,-5.5717916666253586e-05,0.0,-1.1368683772161603e-12,-1.0842021724855044e-19,0.0,347.30166666666963,70.0,0.0,255.0,0.0
47.50000000000053,35.723842397475615,51.27495928943918,1300.0001033563167,-6.407625005522277e-05,-5.5717916666253586e-05,0.0,0.0,-1.1368683772161603e-12,0.0,347.5833333333363,70.0,0.0,255.0,0.0
47.55000000000054,35.72383914656949,51.27495623813889,1300.0001038629562,-6.407624999837935e-05,-5.5717916779940424e-05,0.0,5.684341886080801e-13,1.0842021724855044e-19,0.0,347.86500000000296,70.0,0.0,255.0,0.0
47.600000000000534,35.72383589672786,51.274953186557916,1300.000104370527,-6.407624999837935e-05,-5.5717916666253586e-05,0.0,-5.684341886080801e-13,1.1368683772161603e-12,0.0,348.14666666666966,70.0,0.0,255.0,0.0
47.65000000000053,35.72383264795183,51.2749501347027,1300.000104879029,-6.407625005522277e-05,-5.5717916666253586e-05,0.0,0.0,-1.0842021724855044e-19,0.0,348.4283333333363,70.0,0.0,255.0,0.0
47.700000000000536,35.72382940024251,51.27494708257964,1300.0001053903252,-6.407624999837935e-05,-5.5717916666253586e-05,0.0,1.7053025658242404e-12,1.1368683772161603e-12,0.0,348.710000000003,70.0,0.0,255.0,0.0
47.75000000000054,35.72382615360093,51.274944030195186,1300.00010590069,-6.407624988469252e-05,-5.571791655256675e-05,0.0,0.0,1.0842021724855044e-19,0.0,348.9916666666697,70.0,0.0,255.0,0.0
47.80000000000054,35.72382290802813,51.27494097755579,1300.0001064157113,-6.407624999837935e-05,-5.5717916666253586e-05,0.0,-1.7053025658242404e-12,-1.1368683772161603e-12,0.0,349.2733333333363,70.0,0.0,255.0,0.0
47.850000000000534,35.723819663525134,51.27493792466787,1300.000106931664,-6.407625005522277e-05,-5.5717916666253586e-05,0.0,-5.684341886080801e-13,-1.0842021724855044e-19,0.0,349.555000000003,70.0,0.0,255.0,0.0
47.90000000000054,35.72381642009293,51.274934871537894,1300.0001074466854,-6.407625005522277e-05,-5.5717916666253586e-05,0.0,5.684341886080801e-13,0.0,0.0,349.83666666666966,70.0,0.0,255.0,0.0
47.95000000000054,35.72381317773244,51.27493181817232,1300.0001079635695,-6.407624999837935e-05,-5.5717916666253586e-05,0.0,0.0006407625005626902,0.0005571791666716336,0.0,350.1183333333364,70.0,0.0,255.0,0.0
48.0,35.723809936444646,51.27492876457762,1300.0001084832475,0.0,0.0,0.0,14289.542952587079,20509.967568441658,519999.9999888268,350.4,70.0,0.0,255.0,0.0
48.00000000000054,35.723809936444646,51.27492876457762,1300.0001084832475,7.71653151622578e-09,1.1075638434607534e-08,2.808064891693907e-07,14289.542952587079,20509.967568441658,519999.9999888268,350.39999999999276,70.0,0.0,255.0,0.0
48.05000000000054,35.7238130493755,51.27492877178933,1300.0001075565815,6.0444705866302684e-05,-1.2555882335618662e-05,0.0,0.000604369893347942,-0.00012566958087741715,-2.8080648916942664e-06,349.7314705882281,70.0,0.0,255.0,0.0
48.10000000000054,35.72381616834189,51.27492877766015,1300.000106622465,6.0444705866302684e-05,-1.25558824493055e-05,0.0,5.684341886080801e-13,0.0,0.0,349.0629411764633,70.0,0.0,255.0,0.0
48.150000000000546,35.72381929333066,51.27492878210381,1300.0001056855544,6.04447059231461e-05,-1.2555882335618662e-05,0.0,-1.0842021724855044e-19,1.1368684043212146e-12,0.0,348.3944117646986,70.0,0.0,255.0,0.0
48.20000000000054,35.72382242432786,51.27492878503424,1300.000104737468,6.0444705866302684e-05,-1.2555882335618662e-05,0.0,-5.684341886080801e-13,0.0,0.0,347.7258823529339,70.0,0.0,255.0,0.0
48.25000000000054,35.7238255613186,51.274928786365564,1300.0001037884504,6.0444705866302684e-05,-1.2555882335618662e-05,0.0,1.0842021724855044e-19,-2.710505431213761e-20,0.0,347.05735294116926,70.0,0.0,255.0,0.0
48.300000000000544,35.72382870428732,51.274928786012154,1300.000102831982,6.0444705866302684e-05,-1.2555882335618662e-05,0.0,0.0,0.0,0.0,346.3888235294045,70.0,0.0,255.0,0.0
48.35000000000055,35.723831853217575,51.27492878388857,1300.0001018689945,6.0444705866302684e-05,-1.2555882335618662e-05,0.0,5.684340801878629e-13,2.710505431213761e-20,0.0,345.7202941176397,70.0,0.0,255.0,0.0
48.400000000000546,35.72383500809209,51.27492877990963,1300.0001009022817,6.04447059231461e-05,-1.2555882335618662e-05,0.0,0.0,0.0,0.0,345.05176470587503,70.0,0.0,255.0,0.0
48.45000000000054,35.72383816889283,51.27492877399041,1300.0000999318436,6.0444705866302684e-05,-1.2555882335618662e-05,0.0,-5.684340801878629e-13,-1.1368684043212146e-12,0.0,344.38323529411036,70.0,0.0,255.0,0.0
48.50000000000055,35.72384133560092,51.27492876604625,1300.0000989548862,6.0444705866302684e-05,-1.25558824493055e-05,0.0,5.684341886080801e-13,-1.1368683772161603e-12,0.0,343.7147058823456,70.0,0.0,255.0,0.0
48.55000000000055,35.723844508196706,51.27492875599277,1300.0000979723409,6.04447059231461e-05,-1.25558824493055e-05,0.0,-1.0842021724855044e-19,2.273736781537375e-12,0.0,343.04617647058086,70.0,0.0,255.0,0.0
48.60000000000055,35.72384768665969,51.27492874374585,1300.000096987933,6.0444705866302684e-05,-1.2555882221931824e-05,0.0,-5.684341886080801e-13,2.2737367544323206e-12,0.0,342.3776470588162,70.0,0.0,255.0,0.0
48.650000000000546,35.72385087096863,51.27492872922171,1300.0000959988683,6.0444705866302684e-05,-1.2555882221931824e-05,0.0,1.0842021724855044e-19,-2.273736781537375e-12,0.0,341.7091176470515,70.0,0.0,255.0,0.0
48.70000000000055,35.723854061101456,51.27492871233684,1300.0000950042158,6.0444705866302684e-05,-1.25558824493055e-05,0.0,0.0,-2.2737367544323206e-12,0.0,341.04058823528675,70.0,0.0,255.0,0.0
48.750000000000554,35.7238572570353,51.27492869300808,1300.000094008632,6.0444705866302684e-05,-1.25558824493055e-05,0.0,5.684340801878629e-13,1.1368684043212146e-12,0.0,340.37205882352197,70.0,0.0,255.0,0.0
48.80000000000055,35.723860458746515,51.27492867115259,1300.0000930055976,6.04447059231461e-05,-1.2555882335618662e-05,0.0,0.0,1.1368683772161603e-12,0.0,339.7035294117573,70.0,0.0,255.0,0.0
48.85000000000055,35.72386366621069,51.274928646687876,1300.0000920016319,6.0444705866302684e-05,-1.2555882335618662e-05,0.0,-5.684340801878629e-13,-1.1368684043212146e-12,0.0,339.03499999999264,70.0,0.0,255.0,0.0
48.90000000000055,35.72386687940257,51.2749286195318,1300.0000909958035,6.0444705866302684e-05,-1.25558824493055e-05,0.0,5.684341886080801e-13,0.0,0.0,338.36647058822786,70.0,0.0,255.0,0.0
48.95000000000056,35.723870098296196,51.2749285896026,1300.0000899834558,6.04447059231461e-05,-1.2555882335618662e-05,0.0,-1.0842021724855044e-19,1.1368684043212146e-12,0.0,337.69794117646313,70.0,0.0,255.0,0.0
49.000000000000554,35.72387332286477,51.274928556818864,1300.0000889711082,6.0444705866302684e-05,-1.2555882335618662e-05,0.0,-5.684341886080801e-13,0.0,0.0,337.02941176469847,70.0,0.0,255.0,0.0
49.05000000000055,35.723876553080736,51.27492852109958,1300.0000879550353,6.0444705866302684e-05,-1.2555882335618662e-05,0.0,1.0842021724855044e-19,-2.710505431213761e-20,0.0,336.3608823529338,70.0,0.0,255.0,0.0
49.100000000000556,35.72387978891581,51.274928482364174,1300.0000869370997,6.0444705866302684e-05,-1.2555882335618662e-05,0.0,0.0,-1.1368683772161603e-12,0.0,335.692352941169,70.0,0.0,255.0,0.0
49.15000000000056,35.72388303034089,51.27492844053242,1300.0000859182328,6.0444705866302684e-05,-1.25558824493055e-05,0.0,5.684340801878629e-13,2.710505431213761e-20,0.0,335.02382352940424,70.0,0.0,255.0,0.0
49.20000000000056,35.72388627732614,51.27492839552456,1300.000084896572,6.04447059231461e-05,-1.2555882335618662e-05,0.0,0.0,2.2737367544323206e-12,0.0,334.3552941176396,70.0,0.0,255.0,0.0
49.250000000000554,35.723889529840974,51.27492834726125,1300.0000838730484,6.0444705866302684e-05,-1.2555882221931824e-05,0.0,-5.684340801878629e-13,-1.1368684043212146e-12,0.0,333.6867647058749,70.0,0.0,255.0,0.0
49.30000000000056,35.72389278785402,51.27492829566359,1300.0000828485936,6.0444705866302684e-05,-1.25558824493055e-05,0.0,5.684341886080801e-13,-2.2737367544323206e-12,0.0,333.0182352941102,70.0,0.0,255.0,0.0
49.35000000000056,35.7238960513332,51.27492824065314,1300.0000818241388,6.04447059231461e-05,-1.25558824493055e-05,0.0,-1.0842021724855044e-19,1.1368684043212146e-12,0.0,332.3497058823454,70.0,0.0,255.0,0.0
49.40000000000056,35.72389932024567,51.274928182151896,1300.0000807950273,6.0444705866302684e-05,-1.2555882335618662e-05,0.0,-5.684341886080801e-13,1.1368683772161603e-12,0.0,331.68117647058074,70.0,0.0,255.0,0.0
49.45000000000056,35.72390259455783,51.274928120082386,1300.0000797668472,6.0444705866302684e-05,-1.2555882335618662e-05,0.0,1.0842021724855044e-19,-1.1368684043212146e-12,0.0,331.01264705881607,70.0,0.0,255.0,0.0
49.50000000000056,35.72390587423536,51.27492805436757,1300.000078738667,6.0444705866302684e-05,-1.25558824493055e-05,0.0,0.0,0.0,0.0,330.3441176470513,70.0,0.0,255.0,0.0
49.550000000000566,35.72390915924325,51.27492798493094,1300.0000777095556,6.0444705866302684e-05,-1.2555882335618662e-05,0.0,5.684340801878629e-13,1.1368684043212146e-12,0.0,329.6755882352865,70.0,0.0,255.0,0.0
49.60000000000056,35.723912449545665,51.27492791169648,1300.0000766804442,6.04447059231461e-05,-1.2555882335618662e-05,0.0,5.684341886080801e-13,0.0,0.0,329.00705882352185,70.0,0.0,255.0,0.0
49.65000000000056,35.72391574510617,51.274927834588674,1300.0000756513327,6.04447059231461e-05,-1.2555882335618662e-05,0.0,-5.684340801878629e-13,-2.710505431213761e-20,0.0,328.3385294117572,70.0,0.0,255.0,0.0
49.700000000000564,35.723919045887506,51.27492775353255,1300.000074624084,6.0444705866302684e-05,-1.2555882335618662e-05,0.0,0.0,-1.1368683772161603e-12,0.0,327.66999999999246,70.0,0.0,255.0,0.0
49.75000000000057,35.723922351851776,51.27492766845371,1300.0000735949725,6.04447059231461e-05,-1.25558824493055e-05,0.0,-1.0842021724855044e-19,2.710505431213761e-20,0.0,327.0014705882277,70.0,0.0,255.0,0.0
49.800000000000566,35.723925662960355,51.27492757927821,1300.000072565861,6.0444705866302684e-05,-1.2555882335618662e-05,0.0,-5.684341886080801e-13,2.2737367544323206e-12,0.0,326.332941176463,70.0,0.0,255.0,0.0
49.85000000000056,35.723928979173905,51.27492748593277,1300.000071540475,6.0444705866302684e-05,-1.2555882221931824e-05,0.0,1.0842021724855044e-19,-1.1368684043212146e-12,0.0,325.66441176469834,70.0,0.0,255.0,0.0
49.90000000000057,35.723932300452404,51.27492738834462,1300.00007051602,6.0444705866302684e-05,-1.25558824493055e-05,0.0,0.0,-2.2737367544323206e-12,0.0,324.99588235293356,70.0,0.0,255.0,0.0
49.95000000000057,35.72393562675516,51.27492728644156,1300.0000694897026,6.0444705866302684e-05,-1.25558824493055e-05,0.0,5.684340801878629e-13,1.1368684043212146e-12,0.0,324.3273529411688,70.0,0.0,255.0,0.0
50.00000000000057,35.72393895804075,51.27492718015199,1300.000068466179,6.04447059231461e-05,-1.2555882335618662e-05,0.0,0.0,2.2737367544323206e-12,0.0,323.6588235294041,70.0,0.0,255.0,0.0
50.050000000000566,35.72394229426709,51.27492706940494,1300.0000674463809,6.0444705866302684e-05,-1.2555882221931824e-05,0.0,-5.684340801878629e-13,-1.1368684043212146e-12,0.0,322.99029411763945,70.0,0.0,255.0,0.0
50.10000000000057,35.723945635391466,51.274926954129995,1300.0000664284453,6.0444705866302684e-05,-1.25558824493055e-05,0.0,5.684341886080801e-13,-2.2737367544323206e-12,0.0,322.3217647058747,70.0,0.0,255.0,0.0
50.150000000000574,35.72394898137046,51.274926834257386,1300.000065408647,6.04447059231461e-05,-1.25558824493055e-05,0.0,-1.0842021724855044e-19,1.1368684043212146e-12,0.0,321.65323529410995,70.0,0.0,255.0,0.0
50.20000000000057,35.72395233215997,51.274926709717974,1300.0000643944368,6.0444705866302684e-05,-1.2555882335618662e-05,0.0,-5.684341886080801e-13,1.1368683772161603e-12,0.0,320.9847058823453,70.0,0.0,255.0,0.0
50.25000000000057,35.723955687715296,51.27492658044322,1300.0000633820891,6.0444705866302684e-05,-1.2555882335618662e-05,0.0,1.0842021724855044e-19,-2.710505431213761e-20,0.0,320.3161764705806,70.0,0.0,255.0,0.0
50.30000000000057,35.72395904799105,51.27492644636528,1300.0000623706728,6.0444705866302684e-05,-1.2555882335618662e-05,0.0,0.0,0.0,0.0,319.64764705881583,70.0,0.0,255.0,0.0
50.35000000000058,35.72396241294119,51.27492630741692,1300.0000613639131,6.0444705866302684e-05,-1.2555882335618662e-05,0.0,5.684340801878629e-13,2.710505431213761e-20,0.0,318.9791176470511,70.0,0.0,255.0,0.0
50.400000000000574,35.72396578251908,51.27492616353159,1300.0000603599474,6.04447059231461e-05,-1.2555882335618662e-05,0.0,0.0,0.0,0.0,318.31058823528645,70.0,0.0,255.0,0.0
50.45000000000057,35.723969156677434,51.27492601464341,1300.0000593606383,6.0444705866302684e-05,-1.2555882335618662e-05,0.0,-5.684340801878629e-13,-2.710505431213761e-20,0.0,317.6420588235218,70.0,0.0,255.0,0.0
50.500000000000576,35.723972535368326,51.2749258606872,1300.0000583622605,6.0444705866302684e-05,-1.2555882335618662e-05,0.0,5.684341886080801e-13,-1.1368683772161603e-12,0.0,316.973529411757,70.0,0.0,255.0,0.0
50.55000000000058,35.72397591854323,51.27492570159843,1300.0000573685393,6.04447059231461e-05,-1.25558824493055e-05,0.0,-1.0842021724855044e-19,-1.136868350111106e-12,0.0,316.3049999999922,70.0,0.0,255.0,0.0
50.60000000000058,35.72397930615304,51.27492553731329,1300.0000563794747,6.0444705866302684e-05,-1.25558824493055e-05,0.0,-5.684341886080801e-13,2.2737367544323206e-12,0.0,315.63647058822755,70.0,0.0,255.0,0.0
50.650000000000574,35.72398269814797,51.27492536776868,1300.0000553922728,6.0444705866302684e-05,-1.2555882221931824e-05,0.0,1.0842021724855044e-19,-2.710505431213761e-20,0.0,314.9679411764629,70.0,0.0,255.0,0.0
50.70000000000058,35.72398609447769,51.27492519290221,1300.0000544134527,6.0444705866302684e-05,-1.25558824493055e-05,0.0,0.0,-2.2737367544323206e-12,0.0,314.2994117646981,70.0,0.0,255.0,0.0
50.75000000000058,35.72398949509129,51.27492501265221,1300.00005343277,6.0444705866302684e-05,-1.25558824493055e-05,0.0,5.684340801878629e-13,1.1368684043212146e-12,0.0,313.6308823529334,70.0,0.0,255.0,0.0
50.80000000000058,35.72399289993724,51.274924826957786,1300.0000524641946,6.04447059231461e-05,-1.2555882335618662e-05,0.0,0.0,1.1368683772161603e-12,0.0,312.9623529411687,70.0,0.0,255.0,0.0
50.85000000000058,35.723996308963436,51.274924635758715,1300.0000514956191,6.0444705866302684e-05,-1.2555882335618662e-05,0.0,-5.684340801878629e-13,-2.710505431213761e-20,0.0,312.29382352940405,70.0,0.0,255.0,0.0
50.90000000000058,35.72399972211726,51.27492443899556,1300.000050533563,6.0444705866302684e-05,-1.2555882335618662e-05,0.0,5.684341886080801e-13,0.0,0.0,311.62529411763927,70.0,0.0,255.0,0.0
50.950000000000585,35.724003139345456,51.27492423660965,1300.000049575232,6.04447059231461e-05,-1.2555882335618662e-05,0.0,-1.0842021724855044e-19,2.710505431213761e-20,0.0,310.9567647058745,70.0,0.0,255.0,0.0
51.00000000000058,35.72400656059427,51.27492402854306,1300.0000486243516,6.0444705866302684e-05,-1.2555882335618662e-05,0.0,-5.684341886080801e-13,0.0,0.0,310.2882352941098,70.0,0.0,255.0,0.0
51.05000000000058,35.72400998580937,51.27492381473866,1300.0000476781279,6.0444705866302684e-05,-1.2555882335618662e-05,0.0,1.0842021724855044e-19,-2.710505431213761e-20,0.0,309.61970588234516,70.0,0.0,255.0,0.0
51.100000000000584,35.724013414935904,51.27492359514008,1300.0000467384234,6.0444705866302684e-05,-1.2555882335618662e-05,0.0,0.0,-1.1368683772161603e-12,0.0,308.95117647058044,70.0,0.0,255.0,0.0
51.15000000000059,35.72401684791845,51.27492336969175,1300.0000458033755,6.0444705866302684e-05,-1.25558824493055e-05,0.0,5.684340801878629e-13,-1.136868350111106e-12,0.0,308.28264705881566,70.0,0.0,255.0,0.0
51.200000000000585,35.72402028470112,51.27492313833888,1300.0000448739156,6.04447059231461e-05,-1.25558824493055e-05,0.0,0.0,2.2737367544323206e-12,0.0,307.614117647051,70.0,0.0,255.0,0.0
51.25000000000058,35.724023725227475,51.274922901027516,1300.0000439519063,6.0444705866302684e-05,-1.2555882221931824e-05,0.0,-5.684340801878629e-13,1.136868350111106e-12,0.0,306.9455882352863,70.0,0.0,255.0,0.0
51.30000000000059,35.72402716944055,51.27492265770448,1300.0000430364162,6.0444705866302684e-05,-1.2555882335618662e-05,0.0,5.684341886080801e-13,-2.2737367544323206e-12,0.0,306.27705882352154,70.0,0.0,255.0,0.0
51.35000000000059,35.724030617282885,51.274922408317444,1300.0000421283767,6.04447059231461e-05,-1.25558824493055e-05,0.0,5.684340801878629e-13,-1.136868350111106e-12,0.0,305.60852941175676,70.0,0.0,255.0,0.0
51.40000000000059,35.724034068696575,51.27492215281488,1300.0000412249938,6.04447059231461e-05,-1.25558824493055e-05,0.0,-5.684341886080801e-13,2.2737367544323206e-12,0.0,304.9399999999921,70.0,0.0,255.0,0.0
51.450000000000585,35.72403752362318,51.274921891146114,1300.0000403318554,6.0444705866302684e-05,-1.2555882221931824e-05,0.0,1.0842021724855044e-19,1.136868350111106e-12,0.0,304.27147058822743,70.0,0.0,255.0,0.0
51.50000000000059,35.72404098200377,51.274921623261285,1300.0000394433737,6.04447059231461e-05,-1.2555882335618662e-05,0.0,0.0,-2.2737367544323206e-12,0.0,303.6029411764627,70.0,0.0,255.0,0.0
51.550000000000594,35.72404444377898,51.27492134911141,1300.0000385614112,6.0444705866302684e-05,-1.25558824493055e-05,0.0,-5.684342970282974e-13,2.710505431213761e-20,0.0,302.9344117646979,70.0,0.0,255.0,0.0
51.60000000000059,35.72404790888896,51.274921068648325,1300.0000376896933,6.0444705866302684e-05,-1.2555882335618662e-05,0.0,0.0,1.1368683772161603e-12,0.0,302.26588235293326,70.0,0.0,255.0,0.0
51.65000000000059,35.72405137727346,51.27492078182476,1300.0000368244946,6.0444705866302684e-05,-1.2555882335618662e-05,0.0,1.0842021724855044e-19,-2.710505431213761e-20,0.0,301.5973529411686,70.0,0.0,255.0,0.0
51.70000000000059,35.72405484887169,51.274920488594276,1300.0000359676778,6.0444705866302684e-05,-1.2555882335618662e-05,0.0,5.684341886080801e-13,0.0,0.0,300.9288235294038,70.0,0.0,255.0,0.0
51.7500000000006,35.7240583236225,51.27492018891135,1300.000035119243,6.04447059231461e-05,-1.2555882335618662e-05,0.0,-1.0842021724855044e-19,-1.136868350111106e-12,0.0,300.2602941176391,70.0,0.0,255.0,0.0
51.800000000000594,35.724061801464266,51.2749198827313,1300.000034276396,6.0444705866302684e-05,-1.25558824493055e-05,0.0,-5.684341886080801e-13,0.0,0.0,299.59176470587437,70.0,0.0,255.0,0.0
51.85000000000059,35.724065282334976,51.274919570010326,1300.0000334428623,6.0444705866302684e-05,-1.2555882335618662e-05,0.0,5.684342970282974e-13,1.136868350111106e-12,0.0,298.9232352941097,70.0,0.0,255.0,0.0
51.900000000000595,35.72406876617219,51.274919250705544,1300.0000326195732,6.04447059231461e-05,-1.2555882335618662e-05,0.0,0.0,-1.1368683772161603e-12,0.0,298.254705882345,70.0,0.0,255.0,0.0
51.9500000000006,35.72407225291307,51.274918924774965,1300.000031804666,6.0444705866302684e-05,-1.25558824493055e-05,0.0,-5.684342970282974e-13,-1.136868350111106e-12,0.0,297.5861764705802,70.0,0.0,255.0,0.0
52.0000000000006,35.72407574249434,51.27491859217747,1300.0000309953466,6.0444705866302684e-05,-1.25558824493055e-05,0.0,0.0,2.2737367544323206e-12,0.0,296.91764705881553,70.0,0.0,255.0,0.0
52.050000000000594,35.724079234852425,51.2749182528729,1300.0000301981345,6.0444705866302684e-05,-1.2555882221931824e-05,0.0,1.0842021724855044e-19,1.136868350111106e-12,0.0,296.24911764705087,70.0,0.0,255.0,0.0
52.1000000000006,35.72408272992329,51.274917906821955,1300.000029411167,6.0444705866302684e-05,-1.2555882335618662e-05,0.0,5.684341886080801e-13,-2.2737367544323206e-12,0.0,295.5805882352861,70.0,0.0,255.0,0.0
52.1500000000006,35.72408622764257,51.27491755398627,1300.00002863165,6.04447059231461e-05,-1.25558824493055e-05,0.0,-1.0842021724855044e-19,2.710505431213761e-20,0.0,294.9120588235213,70.0,0.0,255.0,0.0
52.2000000000006,35.72408972794554,51.27491719432844,1300.0000278623775,6.0444705866302684e-05,-1.2555882335618662e-05,0.0,-5.684341886080801e-13,1.1368683772161603e-12,0.0,294.24352941175664,70.0,0.0,255.0,0.0
52.2500000000006,35.7240932307671,51.27491682781195,1300.0000271024182,6.0444705866302684e-05,-1.2555882335618662e-05,0.0,5.684342970282974e-13,-2.710505431213761e-20,0.0,293.574999999992,70.0,0.0,255.0,0.0
52.3000000000006,35.72409673604184,51.274916454401215,1300.0000263499096,6.04447059231461e-05,-1.2555882335618662e-05,0.0,0.0,0.0,0.0,292.90647058822725,70.0,0.0,255.0,0.0
52.350000000000605,35.72410024370398,51.2749160740616,1300.0000256095082,6.0444705866302684e-05,-1.2555882335618662e-05,0.0,-5.684342970282974e-13,-1.136868350111106e-12,0.0,292.23794117646247,70.0,0.0,255.0,0.0
52.4000000000006,35.72410375368745,51.27491568675944,1300.0000248793513,6.0444705866302684e-05,-1.25558824493055e-05,0.0,0.0,0.0,0.0,291.5694117646978,70.0,0.0,255.0,0.0
52.4500000000006,35.72410726592584,51.274915292461976,1300.000024156645,6.0444705866302684e-05,-1.2555882335618662e-05,0.0,1.0842021724855044e-19,1.136868350111106e-12,0.0,290.90088235293314,70.0,0.0,255.0,0.0
52.500000000000604,35.72411078035242,51.27491489113742,1300.0000234479085,6.0444705866302684e-05,-1.2555882335618662e-05,0.0,5.684341886080801e-13,0.0,0.0,290.23235294116836,70.0,0.0,255.0,0.0
52.55000000000061,35.72411429690024,51.27491448275495,1300.0000227484852,6.04447059231461e-05,-1.2555882335618662e-05,0.0,-1.0842021724855044e-19,-1.136868350111106e-12,0.0,289.56382352940363,70.0,0.0,255.0,0.0
52.600000000000605,35.72411781550192,51.27491406728469,1300.0000220593065,6.0444705866302684e-05,-1.25558824493055e-05,0.0,-5.684341886080801e-13,0.0,0.0,288.89529411763897,70.0,0.0,255.0,0.0
52.6500000000006,35.72412133608997,51.27491364469771,1300.000021379441,6.0444705866302684e-05,-1.2555882335618662e-05,0.0,5.684342970282974e-13,2.2737367273272663e-12,0.0,288.2267647058743,70.0,0.0,255.0,0.0
52.70000000000061,35.724124858596475,51.274913214966105,1300.0000207116827,6.04447059231461e-05,-1.2555882221931824e-05,0.0,0.0,-1.1368683772161603e-12,0.0,287.5582352941095,70.0,0.0,255.0,0.0
52.75000000000061,35.72412838295337,51.2749127780629,1300.0000200532377,6.0444705866302684e-05,-1.25558824493055e-05,0.0,-5.684342970282974e-13,-2.2737367273272663e-12,0.0,286.88970588234474,70.0,0.0,255.0,0.0
52.80000000000061,35.724131909092264,51.274912333962085,1300.0000194068998,6.0444705866302684e-05,-1.25558824493055e-05,0.0,0.0,1.1368683772161603e-12,0.0,286.2211764705801,70.0,0.0,255.0,0.0
52.850000000000605,35.724135436944586,51.274911882638676,1300.0000187745318,6.0444705866302684e-05,-1.2555882335618662e-05,0.0,1.0842021724855044e-19,1.136868350111106e-12,0.0,285.5526470588154,70.0,0.0,255.0,0.0
52.90000000000061,35.724138966441465,51.27491142406865,1300.0000181505457,6.0444705866302684e-05,-1.2555882335618662e-05,0.0,5.684341886080801e-13,0.0,0.0,284.88411764705063,70.0,0.0,255.0,0.0
52.950000000000614,35.72414249751389,51.27491095822894,1300.0000175377354,6.04447059231461e-05,-1.2555882335618662e-05,0.0,-1.0842021724855044e-19,2.710505431213761e-20,0.0,284.2155882352859,70.0,0.0,255.0,0.0
53.00000000000061,35.72414603009253,51.27491048509753,1300.0000169370323,6.0444705866302684e-05,-1.2555882335618662e-05,0.0,0.0,0.0,0.0,283.54705882352124,70.0,0.0,255.0,0.0
53.05000000000061,35.72414956410796,51.274910004653336,1300.0000163484365,6.04447059231461e-05,-1.2555882335618662e-05,0.0,5.684342970282974e-13,-2.710505431213761e-20,0.0,282.8785294117566,70.0,0.0,255.0,0.0
53.10000000000061,35.72415309949046,51.27490951687631,1300.0000157719478,6.04447059231461e-05,-1.2555882335618662e-05,0.0,0.0,0.0,0.0,282.2099999999918,70.0,0.0,255.0,0.0
53.15000000000062,35.7241566361702,51.2749090217474,1300.0000152057037,6.04447059231461e-05,-1.2555882335618662e-05,0.0,-5.684342970282974e-13,-1.136868350111106e-12,0.0,281.541470588227,70.0,0.0,255.0,0.0
53.200000000000614,35.72416017407713,51.27490851924851,1300.0000146506354,6.0444705866302684e-05,-1.25558824493055e-05,0.0,-5.684341886080801e-13,0.0,0.0,280.87294117646235,70.0,0.0,255.0,0.0
53.25000000000061,35.72416371314106,51.274908009362605,1300.0000141086057,6.0444705866302684e-05,-1.2555882335618662e-05,0.0,1.0842021724855044e-19,2.2737367273272663e-12,0.0,280.2044117646977,70.0,0.0,255.0,0.0
53.300000000000615,35.7241672532916,51.274907492073645,1300.0000135796145,6.0444705866302684e-05,-1.2555882221931824e-05,0.0,0.0,-1.1368683772161603e-12,0.0,279.53588235293296,70.0,0.0,255.0,0.0
53.35000000000062,35.72417079445826,51.27490696736656,1300.0000130627304,6.0444705866302684e-05,-1.25558824493055e-05,0.0,-1.0842021724855044e-19,-2.2737367273272663e-12,0.0,278.8673529411682,70.0,0.0,255.0,0.0
53.40000000000062,35.724174336570385,51.27490643522733,1300.0000125598162,6.0444705866302684e-05,-1.25558824493055e-05,0.0,0.0,1.1368683772161603e-12,0.0,278.1988235294035,70.0,0.0,255.0,0.0
53.450000000000614,35.724177879557196,51.274905895642924,1300.0000120671466,6.0444705866302684e-05,-1.2555882335618662e-05,0.0,5.684342970282974e-13,1.136868350111106e-12,0.0,277.53029411763885,70.0,0.0,255.0,0.0
53.50000000000062,35.724181423347815,51.27490534860134,1300.0000115865842,6.04447059231461e-05,-1.2555882335618662e-05,0.0,5.684341886080801e-13,0.0,0.0,276.86176470587407,70.0,0.0,255.0,0.0
53.55000000000062,35.72418496787122,51.27490479409156,1300.0000111190602,6.04447059231461e-05,-1.2555882335618662e-05,0.0,-5.684342970282974e-13,2.710505431213761e-20,0.0,276.1932352941093,70.0,0.0,255.0,0.0
53.60000000000062,35.72418851305629,51.27490423210363,1300.0000106636435,6.0444705866302684e-05,-1.2555882335618662e-05,0.0,-5.684341886080801e-13,0.0,0.0,275.5247058823446,70.0,0.0,255.0,0.0
53.65000000000062,35.724192058831854,51.27490366262859,1300.000010223128,6.0444705866302684e-05,-1.2555882335618662e-05,0.0,1.0842021724855044e-19,-2.710505431213761e-20,0.0,274.85617647057995,70.0,0.0,255.0,0.0
53.70000000000062,35.72419560512666,51.274903085658494,1300.0000097937882,6.0444705866302684e-05,-1.2555882335618662e-05,0.0,0.0,0.0,0.0,274.18764705881523,70.0,0.0,255.0,0.0
53.750000000000625,35.7241991518693,51.27490250118641,1300.000009377487,6.0444705866302684e-05,-1.2555882335618662e-05,0.0,-1.0842021724855044e-19,-1.136868350111106e-12,0.0,273.51911764705045,70.0,0.0,255.0,0.0
53.80000000000062,35.72420269898843,51.27490190920648,1300.000008973293,6.0444705866302684e-05,-1.25558824493055e-05,0.0,0.0,0.0,0.0,272.8505882352858,70.0,0.0,255.0,0.0
53.85000000000062,35.72420624641254,51.274901309713776,1300.0000085840002,6.0444705866302684e-05,-1.2555882335618662e-05,0.0,5.684342970282974e-13,2.2737367273272663e-12,0.0,272.1820588235211,70.0,0.0,255.0,0.0
53.900000000000624,35.72420979407015,51.274900702704464,1300.0000082058832,6.04447059231461e-05,-1.2555882221931824e-05,0.0,5.684341886080801e-13,0.0,0.0,271.51352941175634,70.0,0.0,255.0,0.0
53.95000000000063,35.72421334188973,51.27490008817572,1300.000007841736,6.04447059231461e-05,-1.2555882335618662e-05,0.0,-5.684342970282974e-13,-2.2737367273272663e-12,0.0,270.8449999999916,70.0,0.0,255.0,0.0
54.000000000000625,35.724216889799735,51.274899466125746,1300.0000074915588,6.0444705866302684e-05,-1.25558824493055e-05,0.0,-5.684341886080801e-13,-1.1368683772161603e-12,0.0,270.17647058822695,70.0,0.0,255.0,0.0
54.05000000000062,35.72422043772857,51.27489883655374,1300.0000071562827,6.0444705866302684e-05,-1.25558824493055e-05,0.0,1.0842021724855044e-19,2.2737367273272663e-12,0.0,269.5079411764623,70.0,0.0,255.0,0.0
54.10000000000063,35.7242239856047,51.274898199459955,1300.0000068293884,6.0444705866302684e-05,-1.2555882221931824e-05,0.0,0.0,1.1368683772161603e-12,0.0,268.8394117646975,70.0,0.0,255.0,0.0
54.15000000000063,35.72422753335654,51.27489755484565,1300.0000065211207,6.0444705866302684e-05,-1.2555882335618662e-05,0.0,-1.0842021724855044e-19,-1.136868350111106e-12,0.0,268.1708823529327,70.0,0.0,255.0,0.0
54.20000000000063,35.72423108091256,51.27489690271311,1300.00000622496,6.0444705866302684e-05,-1.2555882335618662e-05,0.0,0.0,0.0,0.0,267.50235294116806,70.0,0.0,255.0,0.0
54.250000000000625,35.72423462820123,51.274896243065655,1300.0000059409067,6.0444705866302684e-05,-1.2555882335618662e-05,0.0,5.684342970282974e-13,-2.710505431213761e-20,0.0,266.8338235294034,70.0,0.0,255.0,0.0
54.30000000000063,35.72423817515108,51.27489557590763,1300.0000056708232,6.04447059231461e-05,-1.2555882335618662e-05,0.0,5.684341886080801e-13,0.0,0.0,266.1652941176386,70.0,0.0,255.0,0.0
54.350000000000634,35.72424172169067,51.27489490124437,1300.0000054128468,6.04447059231461e-05,-1.2555882335618662e-05,0.0,-5.684342970282974e-13,2.710505431213761e-20,0.0,265.49676470587383,70.0,0.0,255.0,0.0
54.40000000000063,35.7242452677486,51.27489421908226,1300.0000051716343,6.0444705866302684e-05,-1.2555882335618662e-05,0.0,-5.684341886080801e-13,0.0,0.0,264.82823529410916,70.0,0.0,255.0,0.0
54.45000000000063,35.72424881325358,51.274893529428745,1300.000004942529,6.0444705866302684e-05,-1.2555882335618662e-05,0.0,1.0842021724855044e-19,-2.710505431213761e-20,0.0,264.1597058823445,70.0,0.0,255.0,0.0
54.50000000000063,35.72425235813437,51.27489283229219,1300.000004729256,6.0444705866302684e-05,-1.2555882335618662e-05,0.0,0.0,0.0,0.0,263.4911764705798,70.0,0.0,255.0,0.0
54.55000000000064,35.72425590231981,51.27489212768205,1300.000004527159,6.0444705866302684e-05,-1.2555882335618662e-05,0.0,-1.0842021724855044e-19,-1.136868350111106e-12,0.0,262.822647058815,70.0,0.0,255.0,0.0
54.600000000000634,35.72425944573885,51.27489141560879,1300.0000043381006,6.0444705866302684e-05,-1.25558824493055e-05,0.0,0.0,-1.1368683772161603e-12,0.0,262.1541176470503,70.0,0.0,255.0,0.0
54.65000000000063,35.724262988320525,51.27489069608388,1300.0000041667372,6.0444705866302684e-05,-1.25558824493055e-05,0.0,5.684342970282974e-13,2.2737367273272663e-12,0.0,261.48558823528566,70.0,0.0,255.0,0.0
54.700000000000635,35.72426652999399,51.274889969119805,1300.000004004687,6.04447059231461e-05,-1.2555882221931824e-05,0.0,5.684341886080801e-13,1.1368683772161603e-12,0.0,260.81705882352094,70.0,0.0,255.0,0.0
54.75000000000064,35.72427007068853,51.27488923473008,1300.0000038594007,6.04447059231461e-05,-1.2555882335618662e-05,0.0,-1.0842021724855044e-19,-1.136868350111106e-12,0.0,260.14852941175616,70.0,0.0,255.0,0.0
54.80000000000064,35.724273610333576,51.27488849292919,1300.000003727153,6.04447059231461e-05,-1.2555882335618662e-05,0.0,-5.684341886080801e-13,0.0,0.0,259.4799999999915,70.0,0.0,255.0,0.0
54.850000000000634,35.72427714885866,51.27488774373269,1300.0000036079437,6.0444705866302684e-05,-1.2555882335618662e-05,0.0,-5.684340801878629e-13,-2.710505431213761e-20,0.0,258.8114705882268,70.0,0.0,255.0,0.0
54.90000000000064,35.72428068619354,51.27488698715707,1300.0000035045668,6.0444705866302684e-05,-1.2555882335618662e-05,0.0,0.0,0.0,0.0,258.14294117646205,70.0,0.0,255.0,0.0
54.95000000000064,35.72428422226803,51.27488622321987,1300.0000034151599,6.0444705866302684e-05,-1.2555882335618662e-05,0.0,5.684340801878629e-13,2.710505431213761e-20,0.0,257.47441176469727,70.0,0.0,255.0,0.0
55.00000000000064,35.724287757012206,51.27488545193966,1300.0000033369288,6.04447059231461e-05,-1.2555882335618662e-05,0.0,0.0,0.0,0.0,256.8058823529326,70.0,0.0,255.0,0.0
55.05000000000064,35.72429129035632,51.27488467333593,1300.0000032763928,6.0444705866302684e-05,-1.2555882335618662e-05,0.0,-5.684340801878629e-13,-2.710505431213761e-20,0.0,256.13735294116793,70.0,0.0,255.0,0.0
55.10000000000064,35.724294822230725,51.27488388742925,1300.0000032261014,6.0444705866302684e-05,-1.2555882335618662e-05,0.0,5.684341886080801e-13,0.0,0.0,255.46882352940318,70.0,0.0,255.0,0.0
55.150000000000645,35.72429835256609,51.2748830942411,1300.000003193505,6.04447059231461e-05,-1.2555882335618662e-05,0.0,-1.0842021724855044e-19,2.710505431213761e-20,0.0,254.80029411763843,70.0,0.0,255.0,0.0
55.20000000000064,35.72430188129322,51.27488229379403,1300.0000031720847,6.0444705866302684e-05,-1.2555882335618662e-05,0.0,-5.684341886080801e-13,-1.1368683772161603e-12,0.0,254.13176470587376,70.0,0.0,255.0,0.0
55.25000000000064,35.72430540834317,51.27488148611153,1300.0000031655654,6.0444705866302684e-05,-1.25558824493055e-05,0.0,1.0842021724855044e-19,-2.710505431213761e-20,0.0,253.4632352941091,70.0,0.0,255.0,0.0
55.300000000000644,35.7243089336472,51.274880671218085,1300.0000031720847,6.0444705866302684e-05,-1.2555882335618662e-05,0.0,0.0,2.2737367544323206e-12,0.0,252.79470588234432,70.0,0.0,255.0,0.0
55.35000000000065,35.72431245713685,51.27487984913919,1300.0000031953678,6.0444705866302684e-05,-1.2555882221931824e-05,0.0,5.684340801878629e-13,2.710505431213761e-20,0.0,252.12617647057954,70.0,0.0,255.0,0.0
55.400000000000645,35.72431597874384,51.27487901990128,1300.0000032288954,6.04447059231461e-05,-1.2555882335618662e-05,0.0,0.0,-2.2737367544323206e-12,0.0,251.45764705881487,70.0,0.0,255.0,0.0
55.45000000000064,35.724319498400206,51.27487818353177,1300.0000032791868,6.0444705866302684e-05,-1.25558824493055e-05,0.0,-5.684340801878629e-13,-2.710505431213761e-20,0.0,250.7891176470502,70.0,0.0,255.0,0.0
55.50000000000065,35.72432301603823,51.27487734005907,1300.0000033425167,6.0444705866302684e-05,-1.2555882335618662e-05,0.0,5.684341886080801e-13,1.1368683772161603e-12,0.0,250.12058823528545,70.0,0.0,255.0,0.0
55.55000000000065,35.72432653159046,51.27487648951253,1300.0000034198165,6.04447059231461e-05,-1.2555882335618662e-05,0.0,-1.0842021724855044e-19,2.710505431213761e-20,0.0,249.4520588235207,70.0,0.0,255.0,0.0
55.60000000000065,35.72433004498972,51.274875631922484,1300.0000035101548,6.0444705866302684e-05,-1.2555882335618662e-05,0.0,-5.684341886080801e-13,0.0,0.0,248.78352941175604,70.0,0.0,255.0,0.0
55.650000000000645,35.7243335561692,51.274874767320206,1300.0000036135316,6.0444705866302684e-05,-1.2555882335618662e-05,0.0,1.0842021724855044e-19,-2.710505431213761e-20,0.0,248.11499999999137,70.0,0.0,255.0,0.0
55.70000000000065,35.72433706506226,51.274873895737954,1300.0000037327409,6.0444705866302684e-05,-1.2555882335618662e-05,0.0,0.0,0.0,0.0,247.4464705882266,70.0,0.0,255.0,0.0
55.750000000000654,35.72434057160269,51.274873017208904,1300.0000038649887,6.0444705866302684e-05,-1.2555882335618662e-05,0.0,5.684340801878629e-13,2.710505431213761e-20,0.0,246.77794117646184,70.0,0.0,255.0,0.0
55.80000000000065,35.72434407572454,51.27487213176719,1300.0000040093437,6.04447059231461e-05,-1.2555882335618662e-05,0.0,0.0,-1.1368683772161603e-12,0.0,246.10941176469717,70.0,0.0,255.0,0.0
55.85000000000065,35.72434757736221,51.27487123944789,1300.0000041704625,6.0444705866302684e-05,-1.25558824493055e-05,0.0,-5.684340801878629e-13,-2.710505431213761e-20,0.0,245.4408823529325,70.0,0.0,255.0,0.0
55.90000000000065,35.72435107645043,51.27487034028701,1300.0000043427572,6.0444705866302684e-05,-1.2555882335618662e-05,0.0,5.684341886080801e-13,2.2737367544323206e-12,0.0,244.77235294116775,70.0,0.0,255.0,0.0
55.95000000000066,35.7243545729243,51.274869434321516,1300.000004529953,6.04447059231461e-05,-1.2555882221931824e-05,0.0,-1.0842021724855044e-19,2.710505431213761e-20,0.0,244.10382352940297,70.0,0.0,255.0,0.0
56.000000000000654,35.72435806671923,51.27486852158926,1300.000004729256,6.0444705866302684e-05,-1.2555882335618662e-05,0.0,-5.684341886080801e-13,-2.2737367544323206e-12,0.0,243.4352941176383,70.0,0.0,255.0,0.0
56.05000000000065,35.72436155777102,51.27486760212903,1300.0000049434602,6.0444705866302684e-05,-1.25558824493055e-05,0.0,1.0842021724855044e-19,-2.710505431213761e-20,0.0,242.76676470587364,70.0,0.0,255.0,0.0
56.100000000000655,35.72436504601587,51.27486667598054,1300.0000051725656,6.0444705866302684e-05,-1.2555882335618662e-05,0.0,0.0,1.1368683772161603e-12,0.0,242.09823529410886,70.0,0.0,255.0,0.0
56.15000000000066,35.72436853139031,51.27486574318441,1300.0000054128468,6.0444705866302684e-05,-1.2555882335618662e-05,0.0,5.684340801878629e-13,2.710505431213761e-20,0.0,241.4297058823441,70.0,0.0,255.0,0.0
56.20000000000066,35.72437201383131,51.274864803782144,1300.0000056661665,6.04447059231461e-05,-1.2555882335618662e-05,0.0,0.0,0.0,0.0,240.76117647057944,70.0,0.0,255.0,0.0
56.250000000000654,35.724375493276206,51.27486385781621,1300.0000059334561,6.0444705866302684e-05,-1.2555882335618662e-05,0.0,-5.684340801878629e-13,-2.710505431213761e-20,0.0,240.09264705881478,70.0,0.0,255.0,0.0
56.30000000000066,35.724378969662745,51.274862905329876,1300.0000062137842,6.0444705866302684e-05,-1.2555882335618662e-05,0.0,5.684341886080801e-13,0.0,0.0,239.42411764705002,70.0,0.0,255.0,0.0
56.35000000000066,35.7243824429291,51.27486194636735,1300.0000065080822,6.04447059231461e-05,-1.2555882335618662e-05,0.0,-1.0842021724855044e-19,2.710505431213761e-20,0.0,238.75558823528524,70.0,0.0,255.0,0.0
56.40000000000066,35.72438591301389,51.27486098097376,1300.0000068154186,6.0444705866302684e-05,-1.2555882335618662e-05,0.0,0.0,-1.1368683772161603e-12,0.0,238.08705882352058,70.0,0.0,255.0,0.0
56.45000000000066,35.724389379856106,51.27486000919503,1300.0000071348622,6.04447059231461e-05,-1.25558824493055e-05,0.0,1.0842021724855044e-19,-2.710505431213761e-20,0.0,237.4185294117559,70.0,0.0,255.0,0.0
56.50000000000066,35.72439284339526,51.274859031077995,1300.0000074682757,6.0444705866302684e-05,-1.2555882335618662e-05,0.0,-5.684341886080801e-13,2.2737367544323206e-12,0.0,236.74999999999113,70.0,0.0,255.0,0.0
56.550000000000665,35.72439630357124,51.27485804667034,1300.000007812865,6.0444705866302684e-05,-1.2555882221931824e-05,0.0,5.684340801878629e-13,1.1368684043212146e-12,0.0,236.0814705882264,70.0,0.0,255.0,0.0
56.60000000000066,35.72439976032443,51.27485705602064,1300.0000081714243,6.04447059231461e-05,-1.2555882221931824e-05,0.0,0.0,-2.2737367544323206e-12,0.0,235.41294117646174,70.0,0.0,255.0,0.0
56.65000000000066,35.72440321359567,51.274856059178276,1300.0000085420907,6.0444705866302684e-05,-1.25558824493055e-05,0.0,-5.684340801878629e-13,-2.273736781537375e-12,0.0,234.74441176469705,70.0,0.0,255.0,0.0
56.700000000000664,35.72440666332633,51.2748550561935,1300.0000089257956,6.0444705866302684e-05,-1.25558824493055e-05,0.0,5.684341886080801e-13,1.1368683772161603e-12,0.0,234.0758823529323,70.0,0.0,255.0,0.0
56.75000000000067,35.72441010945813,51.27485404711739,1300.0000093216076,6.04447059231461e-05,-1.2555882335618662e-05,0.0,-1.0842021724855044e-19,1.1368684043212146e-12,0.0,233.40735294116752,70.0,0.0,255.0,0.0
56.800000000000665,35.72441355193339,51.274853032001836,1300.000009732321,6.0444705866302684e-05,-1.2555882335618662e-05,0.0,-5.684341886080801e-13,0.0,0.0,232.73882352940285,70.0,0.0,255.0,0.0
56.85000000000066,35.72441699069492,51.274852010899565,1300.0000101523474,6.0444705866302684e-05,-1.2555882335618662e-05,0.0,1.0842021724855044e-19,-2.710505431213761e-20,0.0,232.07029411763818,70.0,0.0,255.0,0.0
56.90000000000067,35.724420425686006,51.27485098386417,1300.000010587275,6.0444705866302684e-05,-1.2555882335618662e-05,0.0,0.0,0.0,0.0,231.40176470587343,70.0,0.0,255.0,0.0
56.95000000000067,35.724423856850436,51.27484995094995,1300.000011031516,6.0444705866302684e-05,-1.2555882335618662e-05,0.0,5.684340801878629e-13,2.710505431213761e-20,0.0,230.73323529410868,70.0,0.0,255.0,0.0
57.00000000000067,35.72442728413254,51.27484891221209,1300.000011490658,6.04447059231461e-05,-1.2555882335618662e-05,0.0,0.0,0.0,0.0,230.06470588234401,70.0,0.0,255.0,0.0
57.050000000000665,35.72443070747718,51.274847867706534,1300.0000119609758,6.0444705866302684e-05,-1.2555882335618662e-05,0.0,-5.684340801878629e-13,-2.710505431213761e-20,0.0,229.39617647057935,70.0,0.0,255.0,0.0
57.10000000000067,35.72443412682976,51.27484681749,1300.000012440607,6.0444705866302684e-05,-1.2555882335618662e-05,0.0,5.684341886080801e-13,0.0,0.0,228.72764705881457,70.0,0.0,255.0,0.0
57.150000000000674,35.72443754213621,51.27484576161999,1300.0000129360706,6.04447059231461e-05,-1.2555882335618662e-05,0.0,-1.0842021724855044e-19,1.1368684043212146e-12,0.0,228.0591176470498,70.0,0.0,255.0,0.0
57.20000000000067,35.724440953343,51.27484470015481,1300.000013439916,6.0444705866302684e-05,-1.2555882221931824e-05,0.0,-5.684341886080801e-13,-1.1368683772161603e-12,0.0,227.39058823528512,70.0,0.0,255.0,0.0
57.25000000000067,35.724444360397214,51.27484363315347,1300.0000139568,6.0444705866302684e-05,-1.25558824493055e-05,0.0,1.0842021724855044e-19,-2.273736781537375e-12,0.0,226.72205882352046,70.0,0.0,255.0,0.0
57.30000000000067,35.72444776324641,51.27484256067579,1300.0000144867226,6.0444705866302684e-05,-1.25558824493055e-05,0.0,0.0,1.1368683772161603e-12,0.0,226.0535294117557,70.0,0.0,255.0,0.0
57.350000000000676,35.72445116183881,51.27484148278231,1300.0000150240958,6.0444705866302684e-05,-1.2555882335618662e-05,0.0,5.684340801878629e-13,1.1368684043212146e-12,0.0,225.38499999999095,70.0,0.0,255.0,0.0
57.400000000000674,35.724454556123135,51.27484039953429,1300.0000155754387,6.04447059231461e-05,-1.2555882335618662e-05,0.0,0.0,0.0,0.0,224.7164705882263,70.0,0.0,255.0,0.0
57.45000000000067,35.72445794604879,51.27483931099373,1300.0000161370263,6.0444705866302684e-05,-1.2555882335618662e-05,0.0,-5.684340801878629e-13,-2.710505431213761e-20,0.0,224.04794117646162,70.0,0.0,255.0,0.0
57.500000000000675,35.72446133156567,51.274838217223376,1300.000016710721,6.0444705866302684e-05,-1.2555882335618662e-05,0.0,5.684341886080801e-13,0.0,0.0,223.37941176469684,70.0,0.0,255.0,0.0
57.55000000000068,35.724464712624346,51.274837118286655,1300.000017293729,6.04447059231461e-05,-1.2555882335618662e-05,0.0,-1.0842021724855044e-19,2.710505431213761e-20,0.0,222.7108823529321,70.0,0.0,255.0,0.0
57.600000000000676,35.72446808917595,51.27483601424771,1300.000017888844,6.0444705866302684e-05,-1.2555882335618662e-05,0.0,-5.684341886080801e-13,0.0,0.0,222.04235294116742,70.0,0.0,255.0,0.0
57.650000000000674,35.72447146117225,51.274834905171396,1300.0000184960663,6.0444705866302684e-05,-1.2555882335618662e-05,0.0,1.0842021724855044e-19,-2.710505431213761e-20,0.0,221.37382352940276,70.0,0.0,255.0,0.0
57.70000000000068,35.724474828565626,51.27483379112322,1300.0000191107392,6.0444705866302684e-05,-1.2555882335618662e-05,0.0,0.0,0.0,0.0,220.70529411763798,70.0,0.0,255.0,0.0
57.75000000000068,35.724478191309096,51.27483267216936,1300.0000197375193,6.0444705866302684e-05,-1.2555882335618662e-05,0.0,5.684340801878629e-13,1.1368684043212146e-12,0.0,220.03676470587322,70.0,0.0,255.0,0.0
57.80000000000068,35.7244815493563,51.27483154837672,1300.0000203726813,6.04447059231461e-05,-1.2555882221931824e-05,0.0,0.0,0.0,0.0,219.36823529410856,70.0,0.0,255.0,0.0
57.850000000000676,35.72448490266151,51.2748304198128,1300.0000210190192,6.0444705866302684e-05,-1.2555882335618662e-05,0.0,-5.684340801878629e-13,-2.273736781537375e-12,0.0,218.6997058823439,70.0,0.0,255.0,0.0
57.90000000000068,35.72448825117965,51.27482928654579,1300.0000216774642,6.0444705866302684e-05,-1.25558824493055e-05,0.0,5.684341886080801e-13,-1.1368683772161603e-12,0.0,218.0311764705791,70.0,0.0,255.0,0.0
57.950000000000685,35.72449159486632,51.27482814864449,1300.0000223424286,6.04447059231461e-05,-1.25558824493055e-05,0.0,-1.0842021724855044e-19,2.273736781537375e-12,0.0,217.36264705881436,70.0,0.0,255.0,0.0
58.00000000000068,35.724494933677754,51.27482700617838,1300.0000230195,6.0444705866302684e-05,-1.2555882221931824e-05,0.0,-5.684341886080801e-13,1.1368683772161603e-12,0.0,216.6941176470497,70.0,0.0,255.0,0.0
58.05000000000068,35.724498267570844,51.27482585921748,1300.0000237049535,6.0444705866302684e-05,-1.2555882335618662e-05,0.0,1.0842021724855044e-19,-2.273736781537375e-12,0.0,216.02558823528503,70.0,0.0,255.0,0.0
58.10000000000068,35.72450159650316,51.274824707832494,1300.0000244006515,6.0444705866302684e-05,-1.25558824493055e-05,0.0,0.0,0.0,0.0,215.35705882352028,70.0,0.0,255.0,0.0
58.15000000000069,35.72450492043293,51.27482355209472,1300.0000251038,6.0444705866302684e-05,-1.2555882335618662e-05,0.0,1.136868268795943e-12,1.1368684043212146e-12,0.0,214.6885294117555,70.0,0.0,255.0,0.0
58.200000000000685,35.72450823931913,51.27482239207601,1300.0000258181244,6.044470597998952e-05,-1.2555882335618662e-05,0.0,0.0,0.0,0.0,214.01999999999083,70.0,0.0,255.0,0.0
58.25000000000068,35.72451155312134,51.27482122784883,1300.000026541762,6.0444705866302684e-05,-1.2555882335618662e-05,0.0,-1.136868268795943e-12,-2.710505431213761e-20,0.0,213.35147058822616,70.0,0.0,255.0,0.0
58.300000000000686,35.72451486179985,51.27482005948622,1300.000027271919,6.0444705866302684e-05,-1.2555882335618662e-05,0.0,5.684341886080801e-13,0.0,0.0,212.6829411764614,70.0,0.0,255.0,0.0
58.35000000000069,35.7245181653157,51.27481888706177,1300.0000280095264,6.04447059231461e-05,-1.2555882335618662e-05,0.0,-1.0842021724855044e-19,2.710505431213761e-20,0.0,212.01441176469663,70.0,0.0,255.0,0.0
58.40000000000069,35.724521463630566,51.27481771064959,1300.000028759241,6.0444705866302684e-05,-1.2555882335618662e-05,0.0,-5.684341886080801e-13,0.0,0.0,211.34588235293197,70.0,0.0,255.0,0.0
58.450000000000685,35.72452475670688,51.27481653032443,1300.0000295173377,6.0444705866302684e-05,-1.2555882335618662e-05,0.0,5.684342970282974e-13,-1.1368684043212146e-12,0.0,210.6773529411673,70.0,0.0,255.0,0.0
58.50000000000069,35.724528044507764,51.27481534616147,1300.0000302810222,6.04447059231461e-05,-1.25558824493055e-05,0.0,0.0,-1.1368683772161603e-12,0.0,210.00882352940255,70.0,0.0,255.0,0.0
58.55000000000069,35.72453132699706,51.27481415823646,1300.00003105402,6.0444705866302684e-05,-1.25558824493055e-05,0.0,-5.684342970282974e-13,2.273736781537375e-12,0.0,209.34029411763777,70.0,0.0,255.0,0.0
58.60000000000069,35.72453460413932,51.274812966625674,1300.0000318353996,6.0444705866302684e-05,-1.2555882221931824e-05,0.0,0.0,1.1368683772161603e-12,0.0,208.6717647058731,70.0,0.0,255.0,0.0
58.65000000000069,35.7245378758999,51.274811771405865,1300.0000326232985,6.0444705866302684e-05,-1.2555882335618662e-05,0.0,1.0842021724855044e-19,-2.273736781537375e-12,0.0,208.00323529410844,70.0,0.0,255.0,0.0
58.70000000000069,35.72454114224476,51.27481057265427,1300.0000334205106,6.0444705866302684e-05,-1.25558824493055e-05,0.0,5.684341886080801e-13,0.0,0.0,207.33470588234368,70.0,0.0,255.0,0.0
58.750000000000696,35.7245444031407,51.27480937044863,1300.0000342223793,6.04447059231461e-05,-1.2555882335618662e-05,0.0,-1.0842021724855044e-19,1.1368684043212146e-12,0.0,206.6661764705789,70.0,0.0,255.0,0.0
58.80000000000069,35.72454765855524,51.27480816486716,1300.0000350344926,6.0444705866302684e-05,-1.2555882335618662e-05,0.0,-5.684341886080801e-13,0.0,0.0,205.99764705881424,70.0,0.0,255.0,0.0
58.85000000000069,35.7245509084566,51.27480695598849,1300.0000358503312,6.0444705866302684e-05,-1.2555882335618662e-05,0.0,5.684342970282974e-13,-2.710505431213761e-20,0.0,205.32911764704957,70.0,0.0,255.0,0.0
58.900000000000695,35.7245541528138,51.27480574389175,1300.0000366773456,6.04447059231461e-05,-1.2555882335618662e-05,0.0,0.0,0.0,0.0,204.66058823528482,70.0,0.0,255.0,0.0
58.9500000000007,35.72455739159661,51.27480452865649,1300.0000375080854,6.0444705866302684e-05,-1.2555882335618662e-05,0.0,-5.684342970282974e-13,2.710505431213761e-20,0.0,203.99205882352007,70.0,0.0,255.0,0.0
59.000000000000696,35.724560624775535,51.27480331036268,1300.0000383453444,6.0444705866302684e-05,-1.2555882335618662e-05,0.0,0.0,0.0,0.0,203.32352941175537,70.0,0.0,255.0,0.0
59.05000000000069,35.72456385232188,51.274802089090706,1300.000039190054,6.0444705866302684e-05,-1.2555882335618662e-05,0.0,1.0842021724855044e-19,-2.710505431213761e-20,0.0,202.6549999999907,70.0,0.0,255.0,0.0
59.1000000000007,35.72456707420766,51.27480086492137,1300.0000400403515,6.0444705866302684e-05,-1.2555882335618662e-05,0.0,5.684341886080801e-13,-1.1368683772161603e-12,0.0,201.98647058822596,70.0,0.0,255.0,0.0
59.1500000000007,35.72457029040573,51.27479963793586,1300.0000408943743,6.04447059231461e-05,-1.25558824493055e-05,0.0,-1.0842021724855044e-19,2.710505431213761e-20,0.0,201.3179411764612,70.0,0.0,255.0,0.0
59.2000000000007,35.72457350088965,51.274798408215744,1300.0000417586416,6.0444705866302684e-05,-1.2555882335618662e-05,0.0,-5.684341886080801e-13,2.2737367544323206e-12,0.0,200.64941176469654,70.0,0.0,255.0,0.0
59.250000000000696,35.72457670563382,51.27479717584299,1300.0000426275656,6.0444705866302684e-05,-1.2555882221931824e-05,0.0,5.684342970282974e-13,-1.1368684043212146e-12,0.0,199.98088235293187,70.0,0.0,255.0,0.0
59.3000000000007,35.724579904613364,51.27479594089991,1300.0000434992835,6.04447059231461e-05,-1.25558824493055e-05,0.0,0.0,-2.2737367544323206e-12,0.0,199.3123529411671,70.0,0.0,255.0,0.0
59.350000000000705,35.72458309780424,51.27479470346913,1300.000044378452,6.0444705866302684e-05,-1.25558824493055e-05,0.0,-5.684342970282974e-13,1.1368684043212146e-12,0.0,198.64382352940234,70.0,0.0,255.0,0.0
59.4000000000007,35.72458628518317,51.274793463633664,1300.0000452632084,6.0444705866302684e-05,-1.2555882335618662e-05,0.0,0.0,1.1368683772161603e-12,0.0,197.97529411763767,70.0,0.0,255.0,0.0
59.4500000000007,35.72458946672768,51.274792221476844,1300.0000461507589,6.0444705866302684e-05,-1.2555882335618662e-05,0.0,1.0842021724855044e-19,-1.1368684043212146e-12,0.0,197.306764705873,70.0,0.0,255.0,0.0
59.5000000000007,35.72459264241605,51.2747909770823,1300.0000470438972,6.0444705866302684e-05,-1.25558824493055e-05,0.0,5.684341886080801e-13,0.0,0.0,196.63823529410823,70.0,0.0,255.0,0.0
59.55000000000071,35.72459581222743,51.27478973053398,1300.0000479416922,6.04447059231461e-05,-1.2555882335618662e-05,0.0,-1.0842021724855044e-19,1.1368684043212146e-12,0.0,195.96970588234348,70.0,0.0,255.0,0.0
59.600000000000705,35.72459897614169,51.27478848191613,1300.0000488432124,6.0444705866302684e-05,-1.2555882335618662e-05,0.0,-5.684341886080801e-13,0.0,0.0,195.3011764705788,70.0,0.0,255.0,0.0
59.6500000000007,35.724602134139566,51.274787231313255,1300.0000497503206,6.0444705866302684e-05,-1.2555882335618662e-05,0.0,5.684342970282974e-13,-2.710505431213761e-20,0.0,194.63264705881414,70.0,0.0,255.0,0.0
59.700000000000706,35.724605286202575,51.27478597881015,1300.000050661154,6.04447059231461e-05,-1.2555882335618662e-05,0.0,0.0,-1.1368683772161603e-12,0.0,193.96411764704936,70.0,0.0,255.0,0.0
59.75000000000071,35.72460843231303,51.27478472449187,1300.0000515738502,6.0444705866302684e-05,-1.25558824493055e-05,0.0,-5.684342970282974e-13,2.710505431213761e-20,0.0,193.2955882352846,70.0,0.0,255.0,0.0
59.80000000000071,35.724611572454066,51.2747834684437,1300.0000524921343,6.0444705866302684e-05,-1.2555882335618662e-05,0.0,1.1368683772161603e-12,2.2737367544323206e-12,0.0,192.62705882351995,70.0,0.0,255.0,0.0
59.850000000000705,35.72461470660966,51.27478221075119,1300.0000534132123,6.044470597998952e-05,-1.2555882221931824e-05,0.0,1.0842021724855044e-19,-1.1368684043212146e-12,0.0,191.95852941175528,70.0,0.0,255.0,0.0
59.90000000000071,35.72461783476454,51.274780951500084,1300.0000543370843,6.0444705866302684e-05,-1.25558824493055e-05,0.0,-1.1368683772161603e-12,-2.2737367544323206e-12,0.0,191.2899999999905,70.0,0.0,255.0,0.0
59.95000000000071,35.72462095690429,51.27477969077635,1300.0000552637503,6.0444705866302684e-05,-1.25558824493055e-05,0.0,-1.0842021724855044e-19,1.1368684043212146e-12,0.0,190.62147058822575,70.0,0.0,255.0,0.0
60.00000000000071,35.72462407301535,51.27477842866616,1300.0000561941415,6.0444705866302684e-05,-1.2555882335618662e-05,0.0,0.0,1.1368683772161603e-12,0.0,189.95294117646108,70.0,0.0,255.0,0.0
60.05000000000071,35.72462718308487,51.274777165255855,1300.0000571273267,6.0444705866302684e-05,-1.2555882335618662e-05,0.0,5.684342970282974e-13,-1.1368684043212146e-12,0.0,189.28441176469642,70.0,0.0,255.0,0.0
60.10000000000071,35.72463028710094,51.274775900631994,1300.0000580614433,6.04447059231461e-05,-1.25558824493055e-05,0.0,5.684341886080801e-13,0.0,0.0,188.61588235293166,70.0,0.0,255.0,0.0
60.150000000000716,35.72463338505242,51.27477463488126,1300.0000589974225,6.04447059231461e-05,-1.2555882335618662e-05,0.0,-5.684342970282974e-13,1.1368684043212146e-12,0.0,187.94735294116688,70.0,0.0,255.0,0.0
60.20000000000071,35.72463647692898,51.274773368090514,1300.0000599380583,6.0444705866302684e-05,-1.2555882335618662e-05,0.0,-5.684341886080801e-13,0.0,0.0,187.27882352940222,70.0,0.0,255.0,0.0
60.25000000000071,35.724639562721165,51.27477210034673,1300.0000608805567,6.0444705866302684e-05,-1.2555882335618662e-05,0.0,1.0842021724855044e-19,-2.710505431213761e-20,0.0,186.61029411763755,70.0,0.0,255.0,0.0
60.300000000000715,35.72464264242033,51.27477083173707,1300.0000618221238,6.0444705866302684e-05,-1.2555882335618662e-05,0.0,0.0,-1.1368683772161603e-12,0.0,185.9417647058728,70.0,0.0,255.0,0.0
60.35000000000072,35.724645716018614,51.27476956234874,1300.0000627655536,6.0444705866302684e-05,-1.25558824493055e-05,0.0,-1.0842021724855044e-19,2.710505431213761e-20,0.0,185.27323529410802,70.0,0.0,255.0,0.0
60.400000000000716,35.724648783509046,51.2747682922691,1300.0000637127087,6.0444705866302684e-05,-1.2555882335618662e-05,0.0,0.0,2.2737367544323206e-12,0.0,184.60470588234335,70.0,0.0,255.0,0.0
60.45000000000071,35.72465184488547,51.274767021585596,1300.0000646570697,6.0444705866302684e-05,-1.2555882221931824e-05,0.0,5.684342970282974e-13,-2.710505431213761e-20,0.0,183.9361764705787,70.0,0.0,255.0,0.0
60.50000000000072,35.724654900142546,51.274765750385754,1300.0000656060874,6.04447059231461e-05,-1.2555882335618662e-05,0.0,5.684341886080801e-13,-2.2737367544323206e-12,0.0,183.26764705881394,70.0,0.0,255.0,0.0
60.55000000000072,35.724657949275795,51.274764478757156,1300.0000665523112,6.04447059231461e-05,-1.25558824493055e-05,0.0,-5.684342970282974e-13,-1.136868350111106e-12,0.0,182.59911764704916,70.0,0.0,255.0,0.0
60.60000000000072,35.724660992281535,51.274763206787476,1300.0000675022602,6.0444705866302684e-05,-1.25558824493055e-05,0.0,-5.684341886080801e-13,2.2737367544323206e-12,0.0,181.9305882352845,70.0,0.0,255.0,0.0
60.650000000000716,35.72466402915695,51.27476193456439,1300.0000684503466,6.0444705866302684e-05,-1.2555882221931824e-05,0.0,1.0842021724855044e-19,-2.710505431213761e-20,0.0,181.26205882351982,70.0,0.0,255.0,0.0
60.70000000000072,35.72466705990004,51.27476066217564,1300.0000693993643,6.0444705866302684e-05,-1.25558824493055e-05,0.0,0.0,-2.2737367544323206e-12,0.0,180.59352941175507,70.0,0.0,255.0,0.0
60.750000000000725,35.72467008450966,51.27475938970898,1300.0000703474507,6.0444705866302684e-05,-1.25558824493055e-05,0.0,-1.0842021724855044e-19,1.1368684043212146e-12,0.0,179.9249999999903,70.0,0.0,255.0,0.0
60.80000000000072,35.72467310298547,51.27475811725218,1300.000071295537,6.0444705866302684e-05,-1.2555882335618662e-05,0.0,0.0,1.1368683772161603e-12,0.0,179.25647058822562,70.0,0.0,255.0,0.0
60.85000000000072,35.72467611532798,51.27475684489302,1300.0000722408295,6.0444705866302684e-05,-1.2555882335618662e-05,0.0,5.684342970282974e-13,-2.710505431213761e-20,0.0,178.58794117646096,70.0,0.0,255.0,0.0
60.90000000000072,35.724679121538564,51.27475557271923,1300.0000731898472,6.04447059231461e-05,-1.2555882335618662e-05,0.0,5.684341886080801e-13,0.0,0.0,177.9194117646962,70.0,0.0,255.0,0.0
60.95000000000073,35.72468212161938,51.274754300818564,1300.0000741351396,6.04447059231461e-05,-1.2555882335618662e-05,0.0,-5.684342970282974e-13,2.710505431213761e-20,0.0,177.25088235293146,70.0,0.0,255.0,0.0
61.000000000000725,35.72468511557344,51.27475302927868,1300.0000750795007,6.0444705866302684e-05,-1.2555882335618662e-05,0.0,-5.684341886080801e-13,0.0,0.0,176.58235294116676,70.0,0.0,255.0,0.0
61.05000000000072,35.724688103404624,51.27475175818722,1300.0000760229304,6.0444705866302684e-05,-1.2555882335618662e-05,0.0,1.0842021724855044e-19,-2.710505431213761e-20,0.0,175.9138235294021,70.0,0.0,255.0,0.0
61.100000000000726,35.72469108511758,51.27475048763179,1300.000076962635,6.0444705866302684e-05,-1.2555882335618662e-05,0.0,0.0,-1.1368683772161603e-12,0.0,175.24529411763734,70.0,0.0,255.0,0.0
61.15000000000073,35.72469406071783,51.27474921769989,1300.000077904202,6.0444705866302684e-05,-1.25558824493055e-05,0.0,-1.0842021724855044e-19,-1.136868350111106e-12,0.0,174.5767647058726,70.0,0.0,255.0,0.0
61.20000000000073,35.72469703021176,51.27474794847893,1300.0000788411126,6.0444705866302684e-05,-1.25558824493055e-05,0.0,0.0,2.2737367544323206e-12,0.0,173.90823529410793,70.0,0.0,255.0,0.0
61.250000000000725,35.7246999936065,51.27474668005624,1300.0000797789544,6.0444705866302684e-05,-1.2555882221931824e-05,0.0,5.684342970282974e-13,-2.710505431213761e-20,0.0,173.23970588234326,70.0,0.0,255.0,0.0
61.30000000000073,35.724702950910114,51.27474541251904,1300.0000807112083,6.04447059231461e-05,-1.25558824493055e-05,0.0,5.684341886080801e-13,-2.2737367544323206e-12,0.0,172.57117647057848,70.0,0.0,255.0,0.0
61.35000000000073,35.72470590213138,51.274744145954415,1300.0000816425309,6.04447059231461e-05,-1.25558824493055e-05,0.0,-5.684342970282974e-13,1.1368684043212146e-12,0.0,171.90264705881373,70.0,0.0,255.0,0.0
61.40000000000073,35.72470884728002,51.27474288044935,1300.0000825710595,6.0444705866302684e-05,-1.2555882335618662e-05,0.0,-5.684341886080801e-13,1.1368683772161603e-12,0.0,171.23411764704906,70.0,0.0,255.0,0.0
61.45000000000073,35.72471178636649,51.274741616090644,1300.0000834940001,6.0444705866302684e-05,-1.2555882335618662e-05,0.0,1.0842021724855044e-19,-2.710505431213761e-20,0.0,170.5655882352844,70.0,0.0,255.0,0.0
61.50000000000073,35.72471471940215,51.27474035296497,1300.0000844178721,6.0444705866302684e-05,-1.2555882335618662e-05,0.0,0.0,0.0,0.0,169.89705882351961,70.0,0.0,255.0,0.0
61.550000000000736,35.7247176463991,51.27473909115882,1300.0000853361562,6.0444705866302684e-05,-1.2555882335618662e-05,0.0,1.136868268795943e-12,2.710505431213761e-20,0.0,169.22852941175486,70.0,0.0,255.0,0.0
61.60000000000073,35.72472056737034,51.27473783075852,1300.0000862516463,6.044470597998952e-05,-1.2555882335618662e-05,0.0,0.0,0.0,0.0,168.5599999999902,70.0,0.0,255.0,0.0
61.65000000000073,35.72472348232966,51.27473657185017,1300.0000871615484,6.0444705866302684e-05,-1.2555882335618662e-05,0.0,-1.136868268795943e-12,-2.710505431213761e-20,0.0,167.89147058822553,70.0,0.0,255.0,0.0
61.700000000000735,35.72472639129162,51.27473531451971,1300.000088069588,6.0444705866302684e-05,-1.2555882335618662e-05,0.0,5.684341886080801e-13,0.0,0.0,167.22294117646075,70.0,0.0,255.0,0.0
61.75000000000074,35.724729294271675,51.27473405885284,1300.0000889720395,6.04447059231461e-05,-1.2555882335618662e-05,0.0,-1.0842021724855044e-19,-1.136868350111106e-12,0.0,166.554411764696,70.0,0.0,255.0,0.0
61.800000000000736,35.72473219128605,51.27473280493505,1300.0000898707658,6.0444705866302684e-05,-1.25558824493055e-05,0.0,-5.684341886080801e-13,0.0,0.0,165.88588235293133,70.0,0.0,255.0,0.0
61.85000000000073,35.72473508235181,51.27473155285157,1300.0000907648355,6.0444705866302684e-05,-1.2555882335618662e-05,0.0,1.0842021724855044e-19,1.136868350111106e-12,0.0,165.21735294116667,70.0,0.0,255.0,0.0
61.90000000000074,35.72473796748679,51.2747303026874,1300.0000916542485,6.0444705866302684e-05,-1.2555882335618662e-05,0.0,0.0,-1.1368683772161603e-12,0.0,164.5488235294019,70.0,0.0,255.0,0.0
61.95000000000074,35.72474084670968,51.27472905452727,1300.000092539005,6.0444705866302684e-05,-1.25558824493055e-05,0.0,5.684340801878629e-13,-1.136868350111106e-12,0.0,163.88029411763713,70.0,0.0,255.0,0.0
62.00000000000074,35.724743720039925,51.27472780845562,1300.0000934181735,6.04447059231461e-05,-1.25558824493055e-05,0.0,0.0,2.2737367544323206e-12,0.0,163.21176470587247,70.0,0.0,255.0,0.0
62.050000000000736,35.72474658749782,51.27472656455666,1300.0000942926854,6.0444705866302684e-05,-1.2555882221931824e-05,0.0,-5.684340801878629e-13,1.136868350111106e-12,0.0,162.5432352941078,70.0,0.0,255.0,0.0
62.10000000000074,35.724749449104415,51.274725322914236,1300.000095160678,6.0444705866302684e-05,-1.2555882335618662e-05,0.0,5.684341886080801e-13,-2.2737367544323206e-12,0.0,161.87470588234305,70.0,0.0,255.0,0.0
62.150000000000745,35.72475230488159,51.27472408361192,1300.0000960230827,6.04447059231461e-05,-1.25558824493055e-05,0.0,-1.0842021724855044e-19,2.710505431213761e-20,0.0,161.20617647057827,70.0,0.0,255.0,0.0
62.20000000000074,35.724755154851984,51.274722846732985,1300.0000968798995,6.0444705866302684e-05,-1.2555882335618662e-05,0.0,-5.684341886080801e-13,1.1368683772161603e-12,0.0,160.5376470588136,70.0,0.0,255.0,0.0
62.25000000000074,35.7247579990391,51.27472161236035,1300.0000977311283,6.0444705866302684e-05,-1.2555882335618662e-05,0.0,1.0842021724855044e-19,-2.710505431213761e-20,0.0,159.86911764704894,70.0,0.0,255.0,0.0
62.30000000000074,35.72476083746714,51.274720380576575,1300.0000985767692,6.0444705866302684e-05,-1.2555882335618662e-05,0.0,0.0,0.0,0.0,159.2005882352842,70.0,0.0,255.0,0.0
62.35000000000075,35.724763670161146,51.27471915146391,1300.0000994121656,6.0444705866302684e-05,-1.2555882335618662e-05,0.0,5.684340801878629e-13,-1.136868350111106e-12,0.0,158.5320588235194,70.0,0.0,255.0,0.0
62.400000000000745,35.72476649714689,51.274717925104206,1300.0001002438366,6.04447059231461e-05,-1.25558824493055e-05,0.0,0.0,0.0,0.0,157.86352941175474,70.0,0.0,255.0,0.0
62.45000000000074,35.72476931845099,51.27471670157895,1300.0001010699198,6.0444705866302684e-05,-1.2555882335618662e-05,0.0,-5.684340801878629e-13,1.136868350111106e-12,0.0,157.19499999999007,70.0,0.0,255.0,0.0
62.500000000000746,35.72477213410079,51.27471548096927,1300.0001018866897,6.0444705866302684e-05,-1.2555882335618662e-05,0.0,5.684341886080801e-13,-1.1368683772161603e-12,0.0,156.52647058822532,70.0,0.0,255.0,0.0
62.55000000000075,35.724774944124405,51.27471426335586,1300.000102698803,6.04447059231461e-05,-1.25558824493055e-05,0.0,-1.0842021724855044e-19,-1.136868350111106e-12,0.0,155.85794117646054,70.0,0.0,255.0,0.0
62.60000000000075,35.72477774855073,51.274713048819,1300.0001035006717,6.0444705866302684e-05,-1.25558824493055e-05,0.0,-5.684341886080801e-13,2.2737367544323206e-12,0.0,155.18941176469588,70.0,0.0,255.0,0.0
62.650000000000745,35.72478054740944,51.2747118374386,1300.0001042941585,6.0444705866302684e-05,-1.2555882221931824e-05,0.0,1.0842021724855044e-19,1.136868350111106e-12,0.0,154.5208823529312,70.0,0.0,255.0,0.0
62.70000000000075,35.7247833407309,51.2747106292941,1300.0001050857827,6.0444705866302684e-05,-1.2555882335618662e-05,0.0,0.0,-2.2737367544323206e-12,0.0,153.85235294116646,70.0,0.0,255.0,0.0
62.75000000000075,35.72478612854631,51.2747094244645,1300.000105863437,6.0444705866302684e-05,-1.25558824493055e-05,0.0,5.684340801878629e-13,2.710505431213761e-20,0.0,153.18382352940168,70.0,0.0,255.0,0.0
62.80000000000075,35.72478891088759,51.27470822302837,1300.0001066345721,6.04447059231461e-05,-1.2555882335618662e-05,0.0,0.0,1.1368683772161603e-12,0.0,152.515294117637,70.0,0.0,255.0,0.0
62.85000000000075,35.72479168778739,51.27470702506381,1300.0001073982567,6.0444705866302684e-05,-1.2555882335618662e-05,0.0,-5.684340801878629e-13,-2.710505431213761e-20,0.0,151.84676470587235,70.0,0.0,255.0,0.0
62.90000000000075,35.72479445927908,51.27470583064843,1300.0001081544906,6.0444705866302684e-05,-1.2555882335618662e-05,0.0,5.684341886080801e-13,0.0,0.0,151.1782352941076,70.0,0.0,255.0,0.0
62.950000000000756,35.72479722539684,51.27470463985939,1300.00010890048,6.04447059231461e-05,-1.2555882335618662e-05,0.0,-1.0842021724855044e-19,2.710505431213761e-20,0.0,150.50970588234284,70.0,0.0,255.0,0.0
63.00000000000075,35.72479998617553,51.27470345277332,1300.0001096380875,6.0444705866302684e-05,-1.2555882335618662e-05,0.0,-5.684341886080801e-13,0.0,0.0,149.84117647057815,70.0,0.0,255.0,0.0
63.05000000000075,35.724802741650734,51.27470226946638,1300.000110367313,6.0444705866302684e-05,-1.2555882335618662e-05,0.0,1.0842021724855044e-19,-2.710505431213761e-20,0.0,149.17264705881348,70.0,0.0,255.0,0.0
63.100000000000755,35.72480549185876,51.27470109001418,1300.0001110844314,6.0444705866302684e-05,-1.2555882335618662e-05,0.0,0.0,0.0,0.0,148.50411764704873,70.0,0.0,255.0,0.0
63.15000000000076,35.72480823683665,51.27469991449184,1300.0001117968932,6.0444705866302684e-05,-1.2555882335618662e-05,0.0,5.684340801878629e-13,-1.136868350111106e-12,0.0,147.83558823528398,70.0,0.0,255.0,0.0
63.200000000000756,35.724810976622166,51.274698742973925,1300.0001124972478,6.04447059231461e-05,-1.25558824493055e-05,0.0,5.684341886080801e-13,0.0,0.0,147.1670588235193,70.0,0.0,255.0,0.0
63.25000000000075,35.72481371125376,51.27469757553445,1300.0001131901518,6.04447059231461e-05,-1.2555882335618662e-05,0.0,-5.684340801878629e-13,2.2737367273272663e-12,0.0,146.49852941175465,70.0,0.0,255.0,0.0
63.30000000000076,35.72481644077056,51.27469641224689,1300.0001138718799,6.0444705866302684e-05,-1.2555882221931824e-05,0.0,0.0,-1.1368683772161603e-12,0.0,145.82999999998987,70.0,0.0,255.0,0.0
63.35000000000076,35.72481916521244,51.27469525318416,1300.0001145415008,6.04447059231461e-05,-1.25558824493055e-05,0.0,-1.0842021724855044e-19,-2.2737367273272663e-12,0.0,145.16147058822511,70.0,0.0,255.0,0.0
63.40000000000076,35.72482188461995,51.27469409841856,1300.0001152027398,6.0444705866302684e-05,-1.25558824493055e-05,0.0,-5.684341886080801e-13,1.1368683772161603e-12,0.0,144.49294117646045,70.0,0.0,255.0,0.0
63.450000000000756,35.72482459903428,51.274692948021865,1300.0001158546656,6.0444705866302684e-05,-1.2555882335618662e-05,0.0,1.0842021724855044e-19,1.136868350111106e-12,0.0,143.82441176469578,70.0,0.0,255.0,0.0
63.50000000000076,35.72482730849736,51.274691802065206,1300.0001164954156,6.0444705866302684e-05,-1.2555882335618662e-05,0.0,0.0,0.0,0.0,143.155882352931,70.0,0.0,255.0,0.0
63.550000000000765,35.72483001305179,51.27469066061912,1300.0001171268523,6.0444705866302684e-05,-1.2555882335618662e-05,0.0,5.684340801878629e-13,2.710505431213761e-20,0.0,142.48735294116625,70.0,0.0,255.0,0.0
63.60000000000076,35.7248327127408,51.27468952375356,1300.0001177452505,6.04447059231461e-05,-1.2555882335618662e-05,0.0,0.0,0.0,0.0,141.81882352940158,70.0,0.0,255.0,0.0
63.65000000000076,35.72483540760829,51.274688391537815,1300.000118356198,6.0444705866302684e-05,-1.2555882335618662e-05,0.0,-5.684340801878629e-13,-2.710505431213761e-20,0.0,141.15029411763692,70.0,0.0,255.0,0.0
63.70000000000076,35.72483809769887,51.274687264040544,1300.0001189531758,6.0444705866302684e-05,-1.2555882335618662e-05,0.0,5.684341886080801e-13,0.0,0.0,140.48176470587214,70.0,0.0,255.0,0.0
63.75000000000077,35.72484078305772,51.274686141329816,1300.000119539909,6.04447059231461e-05,-1.2555882335618662e-05,0.0,-1.0842021724855044e-19,-1.136868350111106e-12,0.0,139.8132352941074,70.0,0.0,255.0,0.0
63.800000000000765,35.7248434637307,51.27468502347299,1300.000120117329,6.0444705866302684e-05,-1.25558824493055e-05,0.0,-5.684341886080801e-13,0.0,0.0,139.14470588234272,70.0,0.0,255.0,0.0
63.85000000000076,35.72484613976434,51.27468391053677,1300.000120679848,6.0444705866302684e-05,-1.2555882335618662e-05,0.0,1.0842021724855044e-19,2.2737367273272663e-12,0.0,138.47617647057805,70.0,0.0,255.0,0.0
63.900000000000766,35.72484881120575,51.27468280258724,1300.0001212311909,6.0444705866302684e-05,-1.2555882221931824e-05,0.0,0.0,-1.1368683772161603e-12,0.0,137.80764705881327,70.0,0.0,255.0,0.0
63.95000000000077,35.72485147810271,51.27468169968974,1300.0001217722893,6.0444705866302684e-05,-1.25558824493055e-05,0.0,5.684340801878629e-13,-2.2737367273272663e-12,0.0,137.13911764704852,70.0,0.0,255.0,0.0
64.00000000000077,35.72485414050357,51.27468060190895,1300.0001223012805,6.04447059231461e-05,-1.25558824493055e-05,0.0,0.0,1.1368683772161603e-12,0.0,136.47058823528386,70.0,0.0,255.0,0.0
64.05000000000076,35.72485679845734,51.27467950930887,1300.0001228181645,6.0444705866302684e-05,-1.2555882335618662e-05,0.0,-5.684341886080801e-13,1.1368683772161603e-12,-1.81898940354596e-11,135.8020588235192,70.0,0.0,255.0,0.0
64.10000000000076,35.7248594520136,51.27467842195278,1300.0001233238727,6.0444705866302684e-05,-1.2555882335618662e-05,-1.8189894035458565e-12,0.0,-1.136868350111106e-12,1.8189894035441504e-11,135.13352941175452,70.0,0.0,255.0,0.0
64.15000000000077,35.72486210122255,51.274677339903235,1300.0001238174736,6.0444705866302684e-05,-1.25558824493055e-05,1.8189894035458565e-12,0.0,-2.710505431213761e-20,1.8189894035441504e-11,134.46499999998966,70.0,0.0,255.0,0.0
64.20000000000077,35.72486474613496,51.274676263222105,1300.0001242971048,6.0444705866302684e-05,-1.2555882335618662e-05,0.0,0.0,1.1368683772161603e-12,-3.63797880709192e-11,133.796470588225,70.0,0.0,255.0,0.0
64.25000000000077,35.72486738680222,51.27467519197046,1300.0001247646287,6.0444705866302684e-05,-1.2555882335618662e-05,-1.8189894035458565e-12,5.684341886080801e-13,2.710505431213761e-20,1.8189894035441504e-11,133.12794117646033,70.0,0.0,255.0,0.0
64.30000000000078,35.72487002327627,51.274674126208694,1300.0001252191141,6.04447059231461e-05,-1.2555882335618662e-05,1.8189894035458565e-12,5.684341886080801e-13,-2.710505431213761e-20,1.8189894035441504e-11,132.45941176469546,70.0,0.0,255.0,0.0
64.35000000000078,35.72487265560962,51.27467306599644,1300.0001256614923,6.04447059231461e-05,-1.2555882335618662e-05,0.0,0.0,0.0,-1.81898940354596e-11,131.7908823529308,70.0,0.0,255.0,0.0
64.40000000000077,35.724875283855376,51.27467201139258,1300.0001260926947,6.04447059231461e-05,-1.2555882335618662e-05,0.0,-5.684341886080801e-13,0.0,0.0,131.12235294116613,70.0,0.0,255.0,0.0
64.45000000000077,35.72487790806715,51.2746709624552,1300.0001265108585,6.0444705866302684e-05,-1.2555882335618662e-05,0.0,-5.684341886080801e-13,0.0,-1.81898940354596e-11,130.45382352940146,70.0,0.0,255.0,0.0
64.50000000000077,35.724880528299146,51.274669919241624,1300.0001269141212,6.0444705866302684e-05,-1.2555882335618662e-05,-1.8189894035458565e-12,0.0,2.710505431213761e-20,1.8189894035441504e-11,129.7852941176368,70.0,0.0,255.0,0.0
64.55000000000078,35.724883144606075,51.27466888180844,1300.000127303414,6.0444705866302684e-05,-1.2555882335618662e-05,1.8189894035458565e-12,0.0,-1.1368684043212146e-12,1.8189894035441504e-11,129.11676470587193,70.0,0.0,255.0,0.0
64.60000000000078,35.724885757043225,51.27466785021139,1300.0001276824623,6.0444705866302684e-05,-1.25558824493055e-05,0.0,0.0,0.0,-3.63797880709192e-11,128.44823529410726,70.0,0.0,255.0,0.0
64.65000000000077,35.72488836566636,51.274666824505466,1300.0001280456781,6.0444705866302684e-05,-1.2555882335618662e-05,-1.8189894035458565e-12,5.684341886080801e-13,1.1368684043212146e-12,1.8189894035441504e-11,127.7797058823426,70.0,0.0,255.0,0.0
64.70000000000078,35.72489097053182,51.27466580474483,1300.0001283967867,6.04447059231461e-05,-1.2555882335618662e-05,1.8189894035458565e-12,5.684341886080801e-13,-1.1368684043212146e-12,1.8189894035441504e-11,127.11117647057776,70.0,0.0,255.0,0.0
64.75000000000078,35.724893571696406,51.27466479098286,1300.0001287348568,6.04447059231461e-05,-1.25558824493055e-05,0.0,0.0,0.0,-1.81898940354596e-11,126.44264705881307,70.0,0.0,255.0,0.0
64.80000000000078,35.72489616921745,51.27466378327208,1300.0001290570945,6.04447059231461e-05,-1.2555882335618662e-05,0.0,-5.684341886080801e-13,2.2737367544323206e-12,0.0,125.7741176470484,70.0,0.0,255.0,0.0
64.85000000000078,35.724898763152765,51.274662781664254,1300.0001293662935,6.0444705866302684e-05,-1.2555882221931824e-05,0.0,-5.684341886080801e-13,0.0,-1.81898940354596e-11,125.10558823528373,70.0,0.0,255.0,0.0
64.90000000000077,35.724901353560675,51.27466178621023,1300.0001296615228,6.0444705866302684e-05,-1.2555882335618662e-05,-1.8189894035458565e-12,5.684341886080801e-13,-2.2737367273272663e-12,-1.0339757656911083e-23,124.43705882351907,70.0,0.0,255.0,0.0
64.95000000000078,35.72490394049995,51.27466079696008,1300.0001299446449,6.04447059231461e-05,-1.25558824493055e-05,0.0,-0.0006044470586773201,0.0001255588233591557,1.8189894035309672e-11,123.76852941175423,70.0,0.0,255.0,0.0
65.0,35.724906524029876,51.274659813963005,1300.0001302110031,0.0,0.0,0.0,14289.952063062556,20509.88376902265,519999.99998380186,123.1,70.0,0.0,255.0,0.0
65.00000000000078,35.724906524029876,51.274659813963005,1300.0001302110031,1.1168983796220665e-08,1.603046381594992e-08,4.064304448484702e-07,14289.952063062556,20509.88376902265,519999.99998380186,123.1,70.0,0.0,255.0,0.0
65.05000000000078,35.724904762800406,51.27466313811889,1300.0001299297437,-3.522461543070676e-05,6.648307692103117e-05,-1.8189894035458565e-12,-0.00035235784357666574,0.0006646704645722844,-4.064286258591475e-06,123.1,70.0,0.0,255.0,0.0
65.10000000000079,35.72490300157091,51.27466646227477,1300.0001296494156,-3.5224615373863344e-05,6.648307692103117e-05,1.8189894035458565e-12,0.0,0.0,1.8189894035441504e-11,123.1,70.0,0.0,255.0,0.0
65.15000000000079,35.724901240341424,51.274669786430664,1300.0001293672249,-3.522461543070676e-05,6.648307692103117e-05,0.0,5.684341886080801e-13,0.0,-1.81898940354596e-11,123.1,70.0,0.0,255.0,0.0
65.20000000000078,35.72489947911195,51.274673110586555,1300.0001290859655,-3.5224615317019925e-05,6.648307692103117e-05,0.0,1.1368683772161603e-12,0.0,0.0,123.1,70.0,0.0,255.0,0.0
65.25000000000078,35.72489771788247,51.274676434742446,1300.000128804706,-3.5224615317019925e-05,6.648307692103117e-05,0.0,-1.1368683772161603e-12,0.0,-1.81898940354596e-11,123.1,70.0,0.0,255.0,0.0
65.30000000000078,35.72489595665299,51.27467975889833,1300.0001285234466,-3.522461543070676e-05,6.648307692103117e-05,-1.8189894035458565e-12,-5.684341886080801e-13,1.1368683772161603e-12,1.8189894035441504e-11,123.1,70.0,0.0,255.0,0.0
65.35000000000079,35.72489419542349,51.27468308305421,1300.0001282440498,-3.5224615373863344e-05,6.648307703471801e-05,1.8189894035458565e-12,5.684341886080801e-13,0.0,1.8189894035441504e-11,123.1,70.0,0.0,255.0,0.0
65.40000000000079,35.72489243419401,51.274686407210105,1300.0001279609278,-3.5224615373863344e-05,6.648307692103117e-05,0.0,-5.684341886080801e-13,-1.1368683772161603e-12,-3.63797880709192e-11,123.1,70.0,0.0,255.0,0.0
65.45000000000078,35.724890672964534,51.274689731365996,1300.000127678737,-3.522461543070676e-05,6.648307692103117e-05,-1.8189894035458565e-12,0.0,0.0,1.8189894035441504e-11,123.1,70.0,0.0,255.0,0.0
65.5000000000008,35.72488891173504,51.27469305552188,1300.000127398409,-3.5224615373863344e-05,6.648307692103117e-05,1.8189894035458565e-12,0.0,1.1368683772161603e-12,1.8189894035441504e-11,123.1,70.0,0.0,255.0,0.0
65.5500000000008,35.72488715050556,51.274696379677756,1300.0001271180809,-3.522461543070676e-05,6.648307703471801e-05,0.0,5.684341886080801e-13,0.0,-1.81898940354596e-11,123.1,70.0,0.0,255.0,0.0
65.60000000000079,35.724885389276075,51.274699703833654,1300.0001268368214,-3.5224615317019925e-05,6.648307692103117e-05,0.0,1.1368683772161603e-12,-2.2737367544323206e-12,0.0,123.1,70.0,0.0,255.0,0.0
65.65000000000079,35.7248836280466,51.274703027989545,1300.0001265546307,-3.5224615317019925e-05,6.648307680734433e-05,0.0,-1.1368683772161603e-12,0.0,-1.81898940354596e-11,123.1,70.0,0.0,255.0,0.0
65.70000000000078,35.72488186681711,51.27470635214543,1300.0001262743026,-3.522461543070676e-05,6.648307692103117e-05,-1.8189894035458565e-12,-5.684341886080801e-13,0.0,1.8189894035441504e-11,123.1,70.0,0.0,255.0,0.0
65.7500000000008,35.72488010558763,51.27470967630131,1300.0001259930432,-3.5224615373863344e-05,6.648307680734433e-05,1.8189894035458565e-12,5.684341886080801e-13,0.0,1.8189894035441504e-11,123.1,70.0,0.0,255.0,0.0
65.8000000000008,35.72487834435815,51.2747130004572,1300.000125712715,-3.5224615373863344e-05,6.648307692103117e-05,0.0,-5.684341886080801e-13,2.2737367544323206e-12,-3.63797880709192e-11,123.1,70.0,0.0,255.0,0.0
65.85000000000079,35.72487658312866,51.27471632461309,1300.000125429593,-3.522461543070676e-05,6.648307703471801e-05,-1.8189894035458565e-12,0.0,0.0,1.8189894035441504e-11,123.1,70.0,0.0,255.0,0.0
65.9000000000008,35.724874821899164,51.27471964876897,1300.000125149265,-3.5224615373863344e-05,6.648307692103117e-05,1.8189894035458565e-12,5.684341886080801e-13,-2.2737367544323206e-12,1.8189894035441504e-11,123.1,70.0,0.0,255.0,0.0
65.9500000000008,35.724873060669694,51.274722972924856,1300.0001248680055,-3.5224615373863344e-05,6.648307680734433e-05,0.0,5.684341886080801e-13,0.0,-1.81898940354596e-11,123.1,70.0,0.0,255.0,0.0
66.0000000000008,35.72487129944021,51.27472629708074,1300.000124586746,-3.5224615317019925e-05,6.648307692103117e-05,0.0,0.0,2.2737367544323206e-12,0.0,123.1,70.0,0.0,255.0,0.0
66.0500000000008,35.72486953821073,51.27472962123663,1300.0001243045554,-3.5224615373863344e-05,6.648307703471801e-05,0.0,-1.1368683772161603e-12,0.0,-1.81898940354596e-11,123.1,70.0,0.0,255.0,0.0
66.10000000000079,35.72486777698125,51.27473294539252,1300.000124023296,-3.522461543070676e-05,6.648307692103117e-05,-1.8189894035458565e-12,0.0,-2.2737367544323206e-12,1.8189894035441504e-11,123.1,70.0,0.0,255.0,0.0
66.1500000000008,35.72486601575177,51.27473626954841,1300.0001237438992,-3.5224615373863344e-05,6.648307680734433e-05,1.8189894035458565e-12,0.0,0.0,1.8189894035441504e-11,123.1,70.0,0.0,255.0,0.0
66.2000000000008,35.72486425452228,51.2747395937043,1300.000123460777,-3.522461543070676e-05,6.648307692103117e-05,0.0,-5.684341886080801e-13,2.2737367544323206e-12,-3.63797880709192e-11,123.1,70.0,0.0,255.0,0.0
66.2500000000008,35.72486249329279,51.27474291786018,1300.000123180449,-3.522461543070676e-05,6.648307703471801e-05,-1.8189894035458565e-12,5.684341886080801e-13,0.0,1.8189894035441504e-11,123.1,70.0,0.0,255.0,0.0
66.30000000000081,35.72486073206332,51.27474624201607,1300.0001228991896,-3.5224615373863344e-05,6.648307692103117e-05,1.8189894035458565e-12,5.684341886080801e-13,-1.1368683772161603e-12,1.8189894035441504e-11,123.1,70.0,0.0,255.0,0.0
66.3500000000008,35.724858970833814,51.27474956617196,1300.0001226179302,-3.5224615373863344e-05,6.648307692103117e-05,0.0,0.0,0.0,-1.81898940354596e-11,123.1,70.0,0.0,255.0,0.0
66.4000000000008,35.724857209604345,51.274752890327846,1300.0001223385334,-3.5224615373863344e-05,6.648307692103117e-05,0.0,5.684341886080801e-13,-1.1368683772161603e-12,0.0,123.1,70.0,0.0,255.0,0.0
66.4500000000008,35.72485544837486,51.27475621448372,1300.0001220563427,-3.5224615317019925e-05,6.648307680734433e-05,0.0,-5.684341886080801e-13,1.1368683772161603e-12,-1.81898940354596e-11,123.1,70.0,0.0,255.0,0.0
66.5000000000008,35.72485368714538,51.274759538639614,1300.000121774152,-3.522461543070676e-05,6.648307703471801e-05,-1.8189894035458565e-12,-5.684341886080801e-13,1.1368683772161603e-12,1.8189894035441504e-11,123.1,70.0,0.0,255.0,0.0
66.55000000000081,35.7248519259159,51.27476286279551,1300.0001214938238,-3.5224615373863344e-05,6.648307692103117e-05,1.8189894035458565e-12,0.0,-1.1368683772161603e-12,1.8189894035441504e-11,123.1,70.0,0.0,255.0,0.0
66.6000000000008,35.72485016468641,51.274766186951396,1300.000121211633,-3.522461543070676e-05,6.648307692103117e-05,0.0,-5.684341886080801e-13,0.0,-3.63797880709192e-11,123.1,70.0,0.0,255.0,0.0
66.6500000000008,35.72484840345693,51.27476951110727,1300.0001209322363,-3.522461543070676e-05,6.648307692103117e-05,-1.8189894035458565e-12,5.684341886080801e-13,0.0,1.8189894035441504e-11,123.1,70.0,0.0,255.0,0.0
66.70000000000081,35.72484664222744,51.274772835263164,1300.0001206500456,-3.5224615373863344e-05,6.648307692103117e-05,1.8189894035458565e-12,0.0,1.1368683772161603e-12,1.8189894035441504e-11,123.1,70.0,0.0,255.0,0.0
66.75000000000081,35.724844880997956,51.27477615941905,1300.0001203678548,-3.522461543070676e-05,6.648307703471801e-05,0.0,5.684341886080801e-13,0.0,-1.81898940354596e-11,123.1,70.0,0.0,255.0,0.0
66.80000000000081,35.72484311976848,51.27477948357494,1300.0001200875267,-3.5224615317019925e-05,6.648307692103117e-05,0.0,1.1368683772161603e-12,-1.1368683772161603e-12,0.0,123.1,70.0,0.0,255.0,0.0
66.8500000000008,35.724841358538995,51.27478280773082,1300.0001198062673,-3.5224615317019925e-05,6.648307692103117e-05,0.0,-1.1368683772161603e-12,0.0,-1.81898940354596e-11,123.1,70.0,0.0,255.0,0.0
66.9000000000008,35.72483959730951,51.274786131886714,1300.0001195240766,-3.522461543070676e-05,6.648307692103117e-05,-1.8189894035458565e-12,-5.684341886080801e-13,-1.1368683772161603e-12,1.8189894035441504e-11,123.1,70.0,0.0,255.0,0.0
66.95000000000081,35.72483783608003,51.2747894560426,1300.0001192456111,-3.5224615373863344e-05,6.648307680734433e-05,1.8189894035458565e-12,5.684341886080801e-13,0.0,1.8189894035441504e-11,123.1,70.0,0.0,255.0,0.0
67.00000000000081,35.72483607485054,51.27479278019849,1300.000118962489,-3.5224615373863344e-05,6.648307692103117e-05,0.0,-5.684341886080801e-13,2.2737367544323206e-12,-3.63797880709192e-11,123.1,70.0,0.0,255.0,0.0
67.05000000000081,35.72483431362106,51.27479610435438,1300.0001186812297,-3.522461543070676e-05,6.648307703471801e-05,-1.8189894035458565e-12,0.0,-1.1368683772161603e-12,1.8189894035441504e-11,123.1,70.0,0.0,255.0,0.0
67.10000000000082,35.724832552391575,51.27479942851026,1300.0001183999702,-3.5224615373863344e-05,6.648307680734433e-05,1.8189894035458565e-12,0.0,-2.2737367544323206e-12,1.8189894035441504e-11,123.1,70.0,0.0,255.0,0.0
67.15000000000082,35.724830791162084,51.27480275266615,1300.0001181205735,-3.522461543070676e-05,6.648307680734433e-05,0.0,5.684341886080801e-13,1.1368683772161603e-12,-1.81898940354596e-11,123.1,70.0,0.0,255.0,0.0
67.20000000000081,35.72482902993261,51.27480607682204,1300.00011783652,-3.5224615317019925e-05,6.648307692103117e-05,0.0,1.1368683772161603e-12,2.2737367544323206e-12,0.0,123.1,70.0,0.0,255.0,0.0
67.25000000000081,35.72482726870312,51.27480940097793,1300.0001175571233,-3.5224615317019925e-05,6.648307703471801e-05,0.0,-1.1368683772161603e-12,0.0,-1.81898940354596e-11,123.1,70.0,0.0,255.0,0.0
67.30000000000081,35.724825507473646,51.27481272513381,1300.0001172758639,-3.522461543070676e-05,6.648307692103117e-05,-1.8189894035458565e-12,-5.684341886080801e-13,-1.1368683772161603e-12,1.8189894035441504e-11,123.1,70.0,0.0,255.0,0.0
67.35000000000082,35.72482374624416,51.274816049289704,1300.0001169927418,-3.5224615373863344e-05,6.648307692103117e-05,1.8189894035458565e-12,5.684341886080801e-13,0.0,1.8189894035441504e-11,123.1,70.0,0.0,255.0,0.0
67.40000000000082,35.72482198501468,51.27481937344559,1300.0001167124137,-3.5224615373863344e-05,6.648307692103117e-05,0.0,-5.684341886080801e-13,0.0,-3.63797880709192e-11,123.1,70.0,0.0,255.0,0.0
67.45000000000081,35.72482022378519,51.274822697601465,1300.0001164320856,-3.522461543070676e-05,6.648307692103117e-05,-1.8189894035458565e-12,0.0,0.0,1.8189894035441504e-11,123.1,70.0,0.0,255.0,0.0
67.50000000000082,35.72481846255571,51.274826021757356,1300.0001161508262,-3.5224615373863344e-05,6.648307692103117e-05,1.8189894035458565e-12,5.684341886080801e-13,0.0,1.8189894035441504e-11,123.1,70.0,0.0,255.0,0.0
67.55000000000082,35.72481670132622,51.27482934591324,1300.0001158677042,-3.5224615373863344e-05,6.648307692103117e-05,0.0,5.684341886080801e-13,0.0,-1.81898940354596e-11,123.1,70.0,0.0,255.0,0.0
67.60000000000082,35.72481494009673,51.27483267006914,1300.000115587376,-3.5224615317019925e-05,6.648307692103117e-05,0.0,0.0,-1.1368683772161603e-12,0.0,123.1,70.0,0.0,255.0,0.0
67.65000000000082,35.72481317886726,51.27483599422502,1300.000115307048,-3.5224615373863344e-05,6.648307680734433e-05,0.0,-1.1368683772161603e-12,1.1368683772161603e-12,-1.81898940354596e-11,123.1,70.0,0.0,255.0,0.0
67.70000000000081,35.72481141763778,51.274839318380906,1300.0001150248572,-3.522461543070676e-05,6.648307703471801e-05,-1.8189894035458565e-12,0.0,1.1368683772161603e-12,1.8189894035441504e-11,123.1,70.0,0.0,255.0,0.0
67.75000000000082,35.7248096564083,51.2748426425368,1300.0001147426665,-3.5224615373863344e-05,6.648307692103117e-05,1.8189894035458565e-12,0.0,-1.1368683772161603e-12,1.8189894035441504e-11,123.1,70.0,0.0,255.0,0.0
67.80000000000082,35.724807895178806,51.27484596669268,1300.000114464201,-3.522461543070676e-05,6.648307692103117e-05,0.0,-5.684341886080801e-13,0.0,-3.63797880709192e-11,123.1,70.0,0.0,255.0,0.0
67.85000000000082,35.72480613394932,51.274849290848564,1300.0001141801476,-3.522461543070676e-05,6.648307692103117e-05,-1.8189894035458565e-12,5.684341886080801e-13,0.0,1.8189894035441504e-11,123.1,70.0,0.0,255.0,0.0
67.90000000000083,35.724804372719845,51.274852615004455,1300.0001139007509,-3.5224615373863344e-05,6.648307692103117e-05,1.8189894035458565e-12,5.684341886080801e-13,0.0,1.8189894035441504e-11,123.1,70.0,0.0,255.0,0.0
67.95000000000083,35.724802611490354,51.27485593916033,1300.0001136194915,-3.5224615373863344e-05,6.648307692103117e-05,0.0,0.0,0.0,-1.81898940354596e-11,123.1,70.0,0.0,255.0,0.0
68.00000000000082,35.72480085026086,51.27485926331623,1300.0001133373007,-3.5224615373863344e-05,6.648307692103117e-05,0.0,5.684341886080801e-13,0.0,0.0,123.1,70.0,0.0,255.0,0.0
68.05000000000082,35.72479908903139,51.274862587472114,1300.0001130560413,-3.5224615317019925e-05,6.648307692103117e-05,0.0,-5.684341886080801e-13,0.0,-1.81898940354596e-11,123.1,70.0,0.0,255.0,0.0
68.10000000000082,35.72479732780191,51.274865911628,1300.0001127747819,-3.522461543070676e-05,6.648307692103117e-05,-1.8189894035458565e-12,-5.684341886080801e-13,0.0,1.8189894035441504e-11,123.1,70.0,0.0,255.0,0.0
68.15000000000083,35.72479556657243,51.27486923578388,1300.0001124935225,-3.5224615373863344e-05,6.648307692103117e-05,1.8189894035458565e-12,0.0,0.0,1.8189894035441504e-11,123.1,70.0,0.0,255.0,0.0
68.20000000000083,35.724793805342934,51.27487255993978,1300.0001122131944,-3.522461543070676e-05,6.648307692103117e-05,0.0,-5.684341886080801e-13,0.0,-3.63797880709192e-11,123.1,70.0,0.0,255.0,0.0
68.25000000000082,35.72479204411346,51.274875884095664,1300.000111931935,-3.522461543070676e-05,6.648307692103117e-05,-1.8189894035458565e-12,5.684341886080801e-13,-1.1368683772161603e-12,1.8189894035441504e-11,123.1,70.0,0.0,255.0,0.0
68.30000000000084,35.72479028288398,51.274879208251555,1300.0001116506755,-3.5224615373863344e-05,6.648307680734433e-05,1.8189894035458565e-12,0.0,0.0,1.8189894035441504e-11,123.1,70.0,0.0,255.0,0.0
68.35000000000083,35.72478852165448,51.27488253240743,1300.0001113703474,-3.522461543070676e-05,6.648307692103117e-05,0.0,-5.684341886080801e-13,2.2737367544323206e-12,-1.81898940354596e-11,123.1,70.0,0.0,255.0,0.0
68.40000000000083,35.724786760425005,51.27488585656332,1300.000111089088,-3.522461543070676e-05,6.648307703471801e-05,0.0,1.1368683772161603e-12,0.0,0.0,123.1,70.0,0.0,255.0,0.0
68.45000000000083,35.72478499919551,51.27488918071921,1300.0001108078286,-3.5224615317019925e-05,6.648307692103117e-05,0.0,5.684341886080801e-13,-1.1368683772161603e-12,-1.81898940354596e-11,123.1,70.0,0.0,255.0,0.0
68.50000000000082,35.724783237966044,51.274892504875105,1300.0001105256379,-3.5224615373863344e-05,6.648307692103117e-05,-1.8189894035458565e-12,-5.684341886080801e-13,0.0,1.8189894035441504e-11,123.1,70.0,0.0,255.0,0.0
68.55000000000084,35.72478147673656,51.27489582903099,1300.0001102453098,-3.5224615373863344e-05,6.648307692103117e-05,1.8189894035458565e-12,0.0,0.0,1.8189894035441504e-11,123.1,70.0,0.0,255.0,0.0
68.60000000000083,35.724779715507076,51.274899153186865,1300.0001099621877,-3.5224615373863344e-05,6.648307692103117e-05,0.0,-5.684341886080801e-13,0.0,-3.63797880709192e-11,123.1,70.0,0.0,255.0,0.0
68.65000000000083,35.72477795427759,51.27490247734275,1300.000109682791,-3.522461543070676e-05,6.648307692103117e-05,-1.8189894035458565e-12,0.0,0.0,1.8189894035441504e-11,123.1,70.0,0.0,255.0,0.0
68.70000000000084,35.724776193048115,51.274905801498655,1300.0001094006002,-3.5224615373863344e-05,6.648307692103117e-05,1.8189894035458565e-12,0.0,0.0,1.8189894035441504e-11,123.1,70.0,0.0,255.0,0.0
68.75000000000084,35.72477443181862,51.27490912565453,1300.0001091193408,-3.522461543070676e-05,6.648307692103117e-05,0.0,0.0,0.0,-1.81898940354596e-11,123.1,70.0,0.0,255.0,0.0
68.80000000000084,35.72477267058914,51.274912449810415,1300.000108839944,-3.5224615373863344e-05,6.648307692103117e-05,0.0,1.1368683772161603e-12,0.0,0.0,123.1,70.0,0.0,255.0,0.0
68.85000000000083,35.72477090935965,51.27491577396631,1300.0001085577533,-3.5224615317019925e-05,6.648307692103117e-05,0.0,0.0,1.1368683772161603e-12,-1.81898940354596e-11,123.1,70.0,0.0,255.0,0.0
68.90000000000083,35.72476914813018,51.2749190981222,1300.0001082755625,-3.5224615373863344e-05,6.648307703471801e-05,-1.8189894035458565e-12,-5.684341886080801e-13,0.0,1.8189894035441504e-11,123.1,70.0,0.0,255.0,0.0
68.95000000000084,35.724767386900695,51.27492242227809,1300.0001079933718,-3.5224615373863344e-05,6.648307692103117e-05,1.8189894035458565e-12,0.0,-2.2737367544323206e-12,1.8189894035441504e-11,123.1,70.0,0.0,255.0,0.0
69.00000000000084,35.72476562567121,51.274925746433965,1300.0001077130437,-3.5224615373863344e-05,6.648307680734433e-05,0.0,-5.684341886080801e-13,0.0,-3.63797880709192e-11,123.1,70.0,0.0,255.0,0.0
69.05000000000084,35.72476386444172,51.274929070589856,1300.0001074327156,-3.522461543070676e-05,6.648307692103117e-05,-1.8189894035458565e-12,0.0,1.1368683772161603e-12,1.8189894035441504e-11,123.1,70.0,0.0,255.0,0.0
69.10000000000085,35.724762103212235,51.27493239474574,1300.0001071495935,-3.5224615373863344e-05,6.648307692103117e-05,1.8189894035458565e-12,5.684341886080801e-13,0.0,1.8189894035441504e-11,123.1,70.0,0.0,255.0,0.0
69.15000000000084,35.72476034198276,51.27493571890164,1300.0001068692654,-3.5224615373863344e-05,6.648307692103117e-05,0.0,0.0,-1.1368683772161603e-12,-1.81898940354596e-11,123.1,70.0,0.0,255.0,0.0
69.20000000000084,35.72475858075326,51.274939043057515,1300.0001065898687,-3.5224615373863344e-05,6.648307680734433e-05,0.0,0.0,0.0,0.0,123.1,70.0,0.0,255.0,0.0
69.25000000000084,35.72475681952379,51.274942367213406,1300.0001063067466,-3.5224615373863344e-05,6.648307692103117e-05,0.0,0.0,1.1368683772161603e-12,-1.81898940354596e-11,123.1,70.0,0.0,255.0,0.0
69.30000000000084,35.72475505829432,51.27494569136929,1300.0001060254872,-3.5224615373863344e-05,6.648307692103117e-05,-1.8189894035458565e-12,0.0,0.0,1.8189894035441504e-11,123.1,70.0,0.0,255.0,0.0
69.35000000000085,35.72475329706483,51.27494901552517,1300.000105745159,-3.5224615373863344e-05,6.648307692103117e-05,1.8189894035458565e-12,-5.684341886080801e-13,1.1368683772161603e-12,1.8189894035441504e-11,123.1,70.0,0.0,255.0,0.0
69.40000000000084,35.72475153583534,51.27495233968107,1300.0001054638997,-3.522461543070676e-05,6.648307703471801e-05,0.0,-5.684341886080801e-13,0.0,-3.63797880709192e-11,123.1,70.0,0.0,255.0,0.0
69.45000000000084,35.724749774605854,51.274955663836955,1300.0001051835716,-3.522461543070676e-05,6.648307692103117e-05,-1.8189894035458565e-12,5.684341886080801e-13,-2.2737367544323206e-12,1.8189894035441504e-11,123.1,70.0,0.0,255.0,0.0
69.50000000000085,35.72474801337637,51.27495898799284,1300.0001049013808,-3.5224615373863344e-05,6.648307680734433e-05,1.8189894035458565e-12,5.684341886080801e-13,0.0,1.8189894035441504e-11,123.1,70.0,0.0,255.0,0.0
69.55000000000085,35.724746252146886,51.27496231214872,1300.0001046201214,-3.5224615373863344e-05,6.648307692103117e-05,0.0,-5.684341886080801e-13,2.2737367544323206e-12,-1.81898940354596e-11,123.1,70.0,0.0,255.0,0.0
69.60000000000085,35.7247444909174,51.274965636304614,1300.000104338862,-3.522461543070676e-05,6.648307703471801e-05,0.0,5.684341886080801e-13,0.0,0.0,123.1,70.0,0.0,255.0,0.0
69.65000000000084,35.72474272968792,51.2749689604605,1300.0001040594652,-3.5224615317019925e-05,6.648307692103117e-05,0.0,1.1368683772161603e-12,-1.1368683772161603e-12,-1.81898940354596e-11,123.1,70.0,0.0,255.0,0.0
69.70000000000084,35.72474096845844,51.27497228461639,1300.0001037763432,-3.5224615317019925e-05,6.648307692103117e-05,-1.8189894035458565e-12,-5.684341886080801e-13,0.0,1.8189894035441504e-11,123.1,70.0,0.0,255.0,0.0
69.75000000000085,35.72473920722896,51.274975608772266,1300.000103496015,-3.5224615373863344e-05,6.648307692103117e-05,1.8189894035458565e-12,-1.1368683772161603e-12,0.0,1.8189894035441504e-11,123.1,70.0,0.0,255.0,0.0
69.80000000000085,35.72473744599947,51.274978932928164,1300.0001032138243,-3.522461543070676e-05,6.648307692103117e-05,0.0,-5.684341886080801e-13,0.0,-3.63797880709192e-11,123.1,70.0,0.0,255.0,0.0
69.85000000000085,35.72473568477,51.27498225708405,1300.000102932565,-3.522461543070676e-05,6.648307692103117e-05,-1.8189894035458565e-12,5.684341886080801e-13,0.0,1.8189894035441504e-11,123.1,70.0,0.0,255.0,0.0
69.90000000000086,35.7247339235405,51.27498558123994,1300.0001026513055,-3.5224615373863344e-05,6.648307692103117e-05,1.8189894035458565e-12,0.0,0.0,1.8189894035441504e-11,123.1,70.0,0.0,255.0,0.0
69.95000000000086,35.72473216231102,51.27498890539582,1300.0001023709774,-3.522461543070676e-05,6.648307692103117e-05,0.0,-5.684341886080801e-13,-1.1368683772161603e-12,-1.81898940354596e-11,123.1,70.0,0.0,255.0,0.0
70.00000000000085,35.72473040108154,51.27499222955171,1300.0001020878553,-3.522461543070676e-05,6.648307680734433e-05,0.0,1.1368683772161603e-12,0.0,0.0,123.1,70.0,0.0,255.0,0.0
70.05000000000085,35.72472863985205,51.2749955537076,1300.0001018084586,-3.5224615317019925e-05,6.648307692103117e-05,0.0,5.684341886080801e-13,2.2737367544323206e-12,-1.81898940354596e-11,123.1,70.0,0.0,255.0,0.0
70.10000000000085,35.72472687862257,51.27499887786349,1300.0001015262678,-3.5224615373863344e-05,6.648307703471801e-05,-1.8189894035458565e-12,-5.684341886080801e-13,-1.1368683772161603e-12,1.8189894035441504e-11,123.1,70.0,0.0,255.0,0.0
70.15000000000086,35.72472511739309,51.27500220201937,1300.0001012450084,-3.5224615373863344e-05,6.648307680734433e-05,1.8189894035458565e-12,0.0,-1.1368683772161603e-12,1.8189894035441504e-11,123.1,70.0,0.0,255.0,0.0
70.20000000000086,35.724723356163615,51.275005526175256,1300.000100963749,-3.5224615373863344e-05,6.648307692103117e-05,0.0,-5.684341886080801e-13,1.1368683772161603e-12,-3.63797880709192e-11,123.1,70.0,0.0,255.0,0.0
70.25000000000085,35.724721594934124,51.27500885033114,1300.0001006824896,-3.522461543070676e-05,6.648307692103117e-05,-1.8189894035458565e-12,0.0,0.0,1.8189894035441504e-11,123.1,70.0,0.0,255.0,0.0
70.30000000000086,35.72471983370464,51.27501217448703,1300.0001004021615,-3.5224615373863344e-05,6.648307692103117e-05,1.8189894035458565e-12,0.0,0.0,1.8189894035441504e-11,123.1,70.0,0.0,255.0,0.0
70.35000000000086,35.724718072475156,51.27501549864292,1300.000100120902,-3.522461543070676e-05,6.648307692103117e-05,0.0,0.0,0.0,-1.81898940354596e-11,123.1,70.0,0.0,255.0,0.0
70.40000000000086,35.72471631124567,51.275018822798806,1300.00009983778,-3.5224615373863344e-05,6.648307692103117e-05,0.0,1.1368683772161603e-12,0.0,0.0,123.1,70.0,0.0,255.0,0.0
70.45000000000086,35.72471455001618,51.2750221469547,1300.000099557452,-3.5224615317019925e-05,6.648307692103117e-05,0.0,0.0,0.0,-1.81898940354596e-11,123.1,70.0,0.0,255.0,0.0
70.50000000000085,35.72471278878671,51.275025471110574,1300.0000992752612,-3.5224615373863344e-05,6.648307692103117e-05,-1.8189894035458565e-12,-5.684341886080801e-13,0.0,1.8189894035441504e-11,123.1,70.0,0.0,255.0,0.0
70.55000000000086,35.72471102755722,51.275028795266465,1300.0000989958644,-3.5224615373863344e-05,6.648307692103117e-05,1.8189894035458565e-12,0.0,1.1368683772161603e-12,1.8189894035441504e-11,123.1,70.0,0.0,255.0,0.0
70.60000000000086,35.724709266327736,51.275032119422356,1300.000098714605,-3.5224615373863344e-05,6.648307703471801e-05,0.0,-5.684341886080801e-13,0.0,-3.63797880709192e-11,123.1,70.0,0.0,255.0,0.0
70.65000000000086,35.72470750509826,51.27503544357824,1300.0000984324142,-3.522461543070676e-05,6.648307692103117e-05,-1.8189894035458565e-12,0.0,-2.2737367544323206e-12,1.8189894035441504e-11,123.1,70.0,0.0,255.0,0.0
70.70000000000087,35.724705743868775,51.27503876773413,1300.0000981511548,-3.5224615373863344e-05,6.648307680734433e-05,1.8189894035458565e-12,5.684341886080801e-13,1.1368683772161603e-12,1.8189894035441504e-11,123.1,70.0,0.0,255.0,0.0
70.75000000000087,35.72470398263928,51.275042091890015,1300.000097871758,-3.5224615373863344e-05,6.648307703471801e-05,0.0,0.0,1.1368683772161603e-12,-1.81898940354596e-11,123.1,70.0,0.0,255.0,0.0
70.80000000000086,35.72470222140981,51.275045416045906,1300.000097588636,-3.5224615373863344e-05,6.648307692103117e-05,0.0,0.0,-2.2737367544323206e-12,0.0,123.1,70.0,0.0,255.0,0.0
70.85000000000086,35.72470046018031,51.27504874020178,1300.0000973083079,-3.5224615373863344e-05,6.648307680734433e-05,0.0,0.0,0.0,-1.81898940354596e-11,123.1,70.0,0.0,255.0,0.0
70.90000000000086,35.72469869895083,51.27505206435768,1300.0000970289111,-3.5224615373863344e-05,6.648307692103117e-05,-1.8189894035458565e-12,0.0,1.1368683772161603e-12,1.8189894035441504e-11,123.1,70.0,0.0,255.0,0.0
70.95000000000087,35.724696937721355,51.27505538851357,1300.000096745789,-3.5224615373863344e-05,6.648307692103117e-05,1.8189894035458565e-12,-5.684341886080801e-13,0.0,1.8189894035441504e-11,123.1,70.0,0.0,255.0,0.0
71.00000000000087,35.72469517649187,51.27505871266945,1300.0000964645296,-3.522461543070676e-05,6.648307692103117e-05,0.0,-5.684341886080801e-13,1.1368683772161603e-12,-3.63797880709192e-11,123.1,70.0,0.0,255.0,0.0
71.05000000000086,35.724693415262394,51.27506203682534,1300.0000961842015,-3.522461543070676e-05,6.648307703471801e-05,-1.8189894035458565e-12,5.684341886080801e-13,0.0,1.8189894035441504e-11,123.1,70.0,0.0,255.0,0.0
71.10000000000088,35.724691654032895,51.27506536098122,1300.0000959020108,-3.5224615373863344e-05,6.648307692103117e-05,1.8189894035458565e-12,5.684341886080801e-13,-1.1368683772161603e-12,1.8189894035441504e-11,123.1,70.0,0.0,255.0,0.0
71.15000000000087,35.724689892803426,51.27506868513711,1300.0000956216827,-3.5224615373863344e-05,6.648307692103117e-05,0.0,-5.684341886080801e-13,0.0,-1.81898940354596e-11,123.1,70.0,0.0,255.0,0.0
71.20000000000087,35.72468813157394,51.27507200929299,1300.0000953404233,-3.522461543070676e-05,6.648307692103117e-05,0.0,5.684341886080801e-13,1.1368683772161603e-12,0.0,123.1,70.0,0.0,255.0,0.0
71.25000000000087,35.72468637034444,51.27507533344888,1300.0000950582325,-3.5224615317019925e-05,6.648307703471801e-05,0.0,1.1368683772161603e-12,1.1368683772161603e-12,-1.81898940354596e-11,123.1,70.0,0.0,255.0,0.0
71.30000000000086,35.72468460911497,51.27507865760477,1300.0000947760418,-3.5224615317019925e-05,6.648307703471801e-05,-1.8189894035458565e-12,-5.684341886080801e-13,-2.2737367544323206e-12,1.8189894035441504e-11,123.1,70.0,0.0,255.0,0.0
71.35000000000088,35.72468284788549,51.275081981760664,1300.0000944957137,-3.5224615373863344e-05,6.648307680734433e-05,1.8189894035458565e-12,-1.1368683772161603e-12,-1.1368683772161603e-12,1.8189894035441504e-11,123.1,70.0,0.0,255.0,0.0
71.40000000000087,35.724681086656005,51.27508530591655,1300.0000942153856,-3.522461543070676e-05,6.648307692103117e-05,0.0,-5.684341886080801e-13,2.2737367544323206e-12,-3.63797880709192e-11,123.1,70.0,0.0,255.0,0.0
71.45000000000087,35.72467932542652,51.275088630072425,1300.0000939322636,-3.522461543070676e-05,6.648307703471801e-05,-1.8189894035458565e-12,5.684341886080801e-13,0.0,1.8189894035441504e-11,123.1,70.0,0.0,255.0,0.0
71.50000000000088,35.72467756419703,51.275091954228316,1300.0000936528668,-3.5224615373863344e-05,6.648307692103117e-05,1.8189894035458565e-12,0.0,-2.2737367544323206e-12,1.8189894035441504e-11,123.1,70.0,0.0,255.0,0.0
71.55000000000088,35.72467580296756,51.275095278384214,1300.000093370676,-3.522461543070676e-05,6.648307680734433e-05,0.0,-5.684341886080801e-13,0.0,-1.81898940354596e-11,123.1,70.0,0.0,255.0,0.0
71.60000000000088,35.72467404173806,51.2750986025401,1300.0000930912793,-3.522461543070676e-05,6.648307692103117e-05,0.0,5.684341886080801e-13,1.1368683772161603e-12,0.0,123.1,70.0,0.0,255.0,0.0
71.65000000000087,35.72467228050858,51.27510192669598,1300.0000928100199,-3.5224615373863344e-05,6.648307692103117e-05,0.0,5.684341886080801e-13,0.0,-1.81898940354596e-11,123.1,70.0,0.0,255.0,0.0
71.70000000000087,35.724670519279094,51.275105250851865,1300.000092527829,-3.5224615373863344e-05,6.648307692103117e-05,-1.8189894035458565e-12,1.1368683772161603e-12,0.0,1.8189894035441504e-11,123.1,70.0,0.0,255.0,0.0
71.75000000000088,35.72466875804961,51.275108575007756,1300.0000922456384,-3.5224615260176506e-05,6.648307692103117e-05,1.8189894035458565e-12,0.0,0.0,1.8189894035441504e-11,123.1,70.0,0.0,255.0,0.0
71.80000000000088,35.72466699682013,51.27511189916365,1300.0000919653103,-3.5224615373863344e-05,6.648307692103117e-05,0.0,-1.7053025658242404e-12,0.0,-3.63797880709192e-11,123.1,70.0,0.0,255.0,0.0
71.85000000000088,35.72466523559065,51.27511522331953,1300.0000916849822,-3.522461543070676e-05,6.648307692103117e-05,-1.8189894035458565e-12,0.0,0.0,1.8189894035441504e-11,123.1,70.0,0.0,255.0,0.0
71.90000000000089,35.72466347436117,51.275118547475415,1300.0000914027914,-3.5224615373863344e-05,6.648307692103117e-05,1.8189894035458565e-12,0.0,1.1368683772161603e-12,1.8189894035441504e-11,123.1,70.0,0.0,255.0,0.0
71.95000000000088,35.72466171313168,51.2751218716313,1300.0000911206007,-3.522461543070676e-05,6.648307703471801e-05,0.0,0.0,0.0,-1.81898940354596e-11,123.1,70.0,0.0,255.0,0.0
72.00000000000088,35.7246599519022,51.2751251957872,1300.0000908393413,-3.5224615373863344e-05,6.648307692103117e-05,0.0,5.684341886080801e-13,-2.2737367544323206e-12,0.0,123.1,70.0,0.0,255.0,0.0
72.05000000000088,35.72465819067271,51.27512851994308,1300.0000905599445,-3.5224615373863344e-05,6.648307680734433e-05,0.0,0.0,0.0,-1.81898940354596e-11,123.1,70.0,0.0,255.0,0.0
72.10000000000088,35.72465642944323,51.275131844098965,1300.0000902768224,-3.5224615373863344e-05,6.648307692103117e-05,-1.8189894035458565e-12,5.684341886080801e-13,0.0,1.8189894035441504e-11,123.1,70.0,0.0,255.0,0.0
72.15000000000089,35.72465466821376,51.27513516825484,1300.000089995563,-3.5224615317019925e-05,6.648307680734433e-05,1.8189894035458565e-12,0.0,0.0,1.8189894035441504e-11,123.1,70.0,0.0,255.0,0.0
72.20000000000088,35.72465290698427,51.27513849241074,1300.000089715235,-3.5224615373863344e-05,6.648307692103117e-05,0.0,-1.1368683772161603e-12,2.2737367544323206e-12,-3.63797880709192e-11,123.1,70.0,0.0,255.0,0.0
72.25000000000088,35.72465114575478,51.27514181656663,1300.0000894349068,-3.522461543070676e-05,6.648307703471801e-05,-1.8189894035458565e-12,0.0,0.0,1.8189894035441504e-11,123.1,70.0,0.0,255.0,0.0
72.30000000000089,35.72464938452531,51.275145140722515,1300.0000891517848,-3.5224615373863344e-05,6.648307692103117e-05,1.8189894035458565e-12,5.684341886080801e-13,-2.2737367544323206e-12,1.8189894035441504e-11,123.1,70.0,0.0,255.0,0.0
72.35000000000089,35.72464762329582,51.2751484648784,1300.000088872388,-3.5224615373863344e-05,6.648307680734433e-05,0.0,0.0,0.0,-1.81898940354596e-11,123.1,70.0,0.0,255.0,0.0
72.40000000000089,35.72464586206633,51.27515178903428,1300.0000885929912,-3.5224615373863344e-05,6.648307692103117e-05,0.0,-5.684341886080801e-13,2.2737367544323206e-12,0.0,123.1,70.0,0.0,255.0,0.0
72.45000000000088,35.72464410083685,51.27515511319018,1300.0000883098692,-3.522461543070676e-05,6.648307703471801e-05,0.0,0.0,0.0,-1.81898940354596e-11,123.1,70.0,0.0,255.0,0.0
72.50000000000088,35.724642339607364,51.27515843734607,1300.000088026747,-3.5224615373863344e-05,6.648307692103117e-05,-1.8189894035458565e-12,1.1368683772161603e-12,-2.2737367544323206e-12,1.8189894035441504e-11,123.1,70.0,0.0,255.0,0.0
72.55000000000089,35.72464057837788,51.275161761501955,1300.000087746419,-3.5224615317019925e-05,6.648307680734433e-05,1.8189894035458565e-12,-5.684341886080801e-13,0.0,1.8189894035441504e-11,123.1,70.0,0.0,255.0,0.0
72.60000000000089,35.724638817148396,51.27516508565783,1300.000087466091,-3.522461543070676e-05,6.648307692103117e-05,0.0,-1.1368683772161603e-12,2.2737367544323206e-12,-3.63797880709192e-11,123.1,70.0,0.0,255.0,0.0
72.65000000000089,35.72463705591892,51.27516840981372,1300.0000871848315,-3.522461543070676e-05,6.648307703471801e-05,-1.8189894035458565e-12,5.684341886080801e-13,0.0,1.8189894035441504e-11,123.1,70.0,0.0,255.0,0.0
72.7000000000009,35.724635294689435,51.27517173396961,1300.0000869026408,-3.5224615373863344e-05,6.648307692103117e-05,1.8189894035458565e-12,5.684341886080801e-13,-1.1368683772161603e-12,1.8189894035441504e-11,123.1,70.0,0.0,255.0,0.0
72.7500000000009,35.724633533459944,51.2751750581255,1300.0000866223127,-3.5224615373863344e-05,6.648307692103117e-05,0.0,-5.684341886080801e-13,0.0,-1.81898940354596e-11,123.1,70.0,0.0,255.0,0.0
72.80000000000089,35.72463177223047,51.27517838228138,1300.0000863419846,-3.522461543070676e-05,6.648307692103117e-05,0.0,-5.684341886080801e-13,-1.1368683772161603e-12,0.0,123.1,70.0,0.0,255.0,0.0
72.85000000000089,35.72463001100098,51.275181706437266,1300.0000860597938,-3.522461543070676e-05,6.648307680734433e-05,0.0,1.1368683772161603e-12,0.0,-1.81898940354596e-11,123.1,70.0,0.0,255.0,0.0
72.90000000000089,35.72462824977149,51.275185030593164,1300.0000857785344,-3.5224615317019925e-05,6.648307692103117e-05,-1.8189894035458565e-12,1.1368683772161603e-12,2.2737367544323206e-12,1.8189894035441504e-11,123.1,70.0,0.0,255.0,0.0
72.9500000000009,35.72462648854202,51.27518835474904,1300.000085497275,-3.5224615317019925e-05,6.648307703471801e-05,1.8189894035458565e-12,-1.1368683772161603e-12,0.0,1.8189894035441504e-11,123.1,70.0,0.0,255.0,0.0
73.0000000000009,35.72462472731253,51.27519167890493,1300.0000852150843,-3.522461543070676e-05,6.648307692103117e-05,0.0,-1.1368683772161603e-12,-1.1368683772161603e-12,-3.63797880709192e-11,123.1,70.0,0.0,255.0,0.0
73.05000000000089,35.724622966083054,51.275195003060816,1300.0000849338248,-3.522461543070676e-05,6.648307692103117e-05,-1.8189894035458565e-12,5.684341886080801e-13,0.0,1.8189894035441504e-11,123.1,70.0,0.0,255.0,0.0
73.1000000000009,35.72462120485357,51.275198327216714,1300.000084651634,-3.5224615373863344e-05,6.648307692103117e-05,1.8189894035458565e-12,0.0,1.1368683772161603e-12,1.8189894035441504e-11,123.1,70.0,0.0,255.0,0.0
73.1500000000009,35.72461944362407,51.27520165137259,1300.000084371306,-3.522461543070676e-05,6.648307703471801e-05,0.0,-5.684341886080801e-13,0.0,-1.81898940354596e-11,123.1,70.0,0.0,255.0,0.0
73.2000000000009,35.724617682394594,51.27520497552848,1300.000084090978,-3.522461543070676e-05,6.648307692103117e-05,0.0,5.684341886080801e-13,-1.1368683772161603e-12,0.0,123.1,70.0,0.0,255.0,0.0
73.2500000000009,35.72461592116511,51.275208299684365,1300.0000838106498,-3.5224615373863344e-05,6.648307692103117e-05,0.0,5.684341886080801e-13,0.0,-1.81898940354596e-11,123.1,70.0,0.0,255.0,0.0
73.30000000000089,35.72461415993563,51.27521162384025,1300.000083528459,-3.5224615373863344e-05,6.648307692103117e-05,-1.8189894035458565e-12,1.1368683772161603e-12,0.0,1.8189894035441504e-11,123.1,70.0,0.0,255.0,0.0
73.3500000000009,35.72461239870615,51.27521494799613,1300.0000832471997,-3.5224615260176506e-05,6.648307692103117e-05,1.8189894035458565e-12,0.0,0.0,1.8189894035441504e-11,123.1,70.0,0.0,255.0,0.0
73.4000000000009,35.724610637476665,51.27521827215203,1300.0000829659402,-3.5224615373863344e-05,6.648307692103117e-05,0.0,-1.7053025658242404e-12,0.0,-3.63797880709192e-11,123.1,70.0,0.0,255.0,0.0
73.4500000000009,35.72460887624718,51.275221596307915,1300.0000826856121,-3.522461543070676e-05,6.648307692103117e-05,-1.8189894035458565e-12,0.0,0.0,1.8189894035441504e-11,123.1,70.0,0.0,255.0,0.0
73.50000000000091,35.724607115017704,51.2752249204638,1300.00008240249,-3.5224615373863344e-05,6.648307692103117e-05,1.8189894035458565e-12,0.0,-1.1368683772161603e-12,1.8189894035441504e-11,123.1,70.0,0.0,255.0,0.0
73.5500000000009,35.72460535378822,51.27522824461969,1300.0000821240246,-3.522461543070676e-05,6.648307680734433e-05,0.0,0.0,0.0,-1.81898940354596e-11,123.1,70.0,0.0,255.0,0.0
73.6000000000009,35.72460359255873,51.275231568775574,1300.0000818427652,-3.5224615373863344e-05,6.648307692103117e-05,0.0,5.684341886080801e-13,2.2737367544323206e-12,0.0,123.1,70.0,0.0,255.0,0.0
73.6500000000009,35.72460183132924,51.27523489293146,1300.0000815596431,-3.5224615373863344e-05,6.648307703471801e-05,0.0,0.0,0.0,-1.81898940354596e-11,123.1,70.0,0.0,255.0,0.0
73.7000000000009,35.72460007009976,51.27523821708735,1300.000081279315,-3.5224615373863344e-05,6.648307692103117e-05,-1.8189894035458565e-12,5.684341886080801e-13,-2.2737367544323206e-12,1.8189894035441504e-11,123.1,70.0,0.0,255.0,0.0
73.75000000000091,35.72459830887029,51.27524154124324,1300.0000809971243,-3.5224615317019925e-05,6.648307680734433e-05,1.8189894035458565e-12,0.0,0.0,1.8189894035441504e-11,123.1,70.0,0.0,255.0,0.0
73.8000000000009,35.7245965476408,51.27524486539912,1300.0000807177275,-3.5224615373863344e-05,6.648307692103117e-05,0.0,-1.1368683772161603e-12,2.2737367544323206e-12,-3.63797880709192e-11,123.1,70.0,0.0,255.0,0.0
73.8500000000009,35.724594786411316,51.27524818955501,1300.0000804355368,-3.522461543070676e-05,6.648307703471801e-05,-1.8189894035458565e-12,0.0,0.0,1.8189894035441504e-11,123.1,70.0,0.0,255.0,0.0
73.90000000000092,35.724593025181825,51.2752515137109,1300.000080153346,-3.5224615373863344e-05,6.648307692103117e-05,1.8189894035458565e-12,5.684341886080801e-13,-1.1368683772161603e-12,1.8189894035441504e-11,123.1,70.0,0.0,255.0,0.0
73.95000000000091,35.72459126395234,51.27525483786678,1300.0000798739493,-3.5224615373863344e-05,6.648307692103117e-05,0.0,0.0,0.0,-1.81898940354596e-11,123.1,70.0,0.0,255.0,0.0
74.00000000000091,35.72458950272286,51.27525816202267,1300.0000795917585,-3.5224615373863344e-05,6.648307692103117e-05,0.0,-5.684341886080801e-13,0.0,0.0,123.1,70.0,0.0,255.0,0.0
74.0500000000009,35.72458774149338,51.275261486178564,1300.0000793104991,-3.522461543070676e-05,6.648307692103117e-05,0.0,0.0,1.1368683772161603e-12,-1.81898940354596e-11,123.1,70.0,0.0,255.0,0.0
74.1000000000009,35.72458598026388,51.27526481033445,1300.0000790283084,-3.5224615373863344e-05,6.648307703471801e-05,-1.8189894035458565e-12,1.1368683772161603e-12,0.0,1.8189894035441504e-11,123.1,70.0,0.0,255.0,0.0
74.15000000000092,35.72458421903441,51.27526813449033,1300.000078747049,-3.5224615317019925e-05,6.648307692103117e-05,1.8189894035458565e-12,-5.684341886080801e-13,-1.1368683772161603e-12,1.8189894035441504e-11,123.1,70.0,0.0,255.0,0.0
74.20000000000091,35.72458245780493,51.27527145864622,1300.0000784676522,-3.522461543070676e-05,6.648307692103117e-05,0.0,-1.1368683772161603e-12,0.0,-3.63797880709192e-11,123.1,70.0,0.0,255.0,0.0
74.25000000000091,35.72458069657546,51.27527478280211,1300.0000781863928,-3.522461543070676e-05,6.648307692103117e-05,-1.8189894035458565e-12,5.684341886080801e-13,0.0,1.8189894035441504e-11,123.1,70.0,0.0,255.0,0.0
74.30000000000092,35.72457893534596,51.27527810695799,1300.000077904202,-3.5224615373863344e-05,6.648307692103117e-05,1.8189894035458565e-12,5.684341886080801e-13,0.0,1.8189894035441504e-11,123.1,70.0,0.0,255.0,0.0
74.35000000000092,35.72457717411648,51.27528143111388,1300.000077623874,-3.5224615373863344e-05,6.648307692103117e-05,0.0,-5.684341886080801e-13,-1.1368683772161603e-12,-1.81898940354596e-11,123.1,70.0,0.0,255.0,0.0
74.40000000000092,35.724575412887,51.27528475526977,1300.0000773416832,-3.522461543070676e-05,6.648307680734433e-05,0.0,-5.684341886080801e-13,0.0,0.0,123.1,70.0,0.0,255.0,0.0
74.45000000000091,35.72457365165751,51.27528807942565,1300.0000770604238,-3.522461543070676e-05,6.648307692103117e-05,0.0,1.1368683772161603e-12,1.1368683772161603e-12,-1.81898940354596e-11,123.1,70.0,0.0,255.0,0.0
74.50000000000091,35.72457189042802,51.27529140358154,1300.0000767791644,-3.5224615317019925e-05,6.648307692103117e-05,-1.8189894035458565e-12,1.1368683772161603e-12,0.0,1.8189894035441504e-11,123.1,70.0,0.0,255.0,0.0
74.55000000000092,35.72457012919854,51.27529472773742,1300.0000764988363,-3.5224615317019925e-05,6.648307692103117e-05,1.8189894035458565e-12,-1.1368683772161603e-12,0.0,1.8189894035441504e-11,123.1,70.0,0.0,255.0,0.0
74.60000000000092,35.72456836796907,51.275298051893316,1300.0000762194395,-3.522461543070676e-05,6.648307692103117e-05,0.0,-1.1368683772161603e-12,0.0,-3.63797880709192e-11,123.1,70.0,0.0,255.0,0.0
74.65000000000092,35.72456660673957,51.27530137604921,1300.0000759363174,-3.522461543070676e-05,6.648307692103117e-05,-1.8189894035458565e-12,5.684341886080801e-13,-1.1368683772161603e-12,1.8189894035441504e-11,123.1,70.0,0.0,255.0,0.0
74.70000000000093,35.7245648455101,51.27530470020509,1300.000075655058,-3.5224615373863344e-05,6.648307680734433e-05,1.8189894035458565e-12,0.0,0.0,1.8189894035441504e-11,123.1,70.0,0.0,255.0,0.0
74.75000000000092,35.72456308428062,51.275308024360974,1300.0000753728673,-3.522461543070676e-05,6.648307692103117e-05,0.0,-5.684341886080801e-13,2.2737367544323206e-12,-1.81898940354596e-11,123.1,70.0,0.0,255.0,0.0
74.80000000000092,35.72456132305113,51.27531134851686,1300.0000750925392,-3.522461543070676e-05,6.648307703471801e-05,0.0,5.684341886080801e-13,0.0,0.0,123.1,70.0,0.0,255.0,0.0
74.85000000000092,35.724559561821636,51.27531467267275,1300.0000748103485,-3.5224615373863344e-05,6.648307692103117e-05,0.0,0.0,-1.1368683772161603e-12,-1.81898940354596e-11,123.1,70.0,0.0,255.0,0.0
74.90000000000092,35.72455780059216,51.27531799682863,1300.000074529089,-3.522461543070676e-05,6.648307692103117e-05,-1.8189894035458565e-12,1.1368683772161603e-12,0.0,1.8189894035441504e-11,123.1,70.0,0.0,255.0,0.0
74.95000000000093,35.724556039362675,51.275321320984524,1300.0000742496923,-3.5224615260176506e-05,6.648307692103117e-05,1.8189894035458565e-12,1.1368683772161603e-12,1.1368683772161603e-12,1.8189894035441504e-11,123.1,70.0,0.0,255.0,0.0
75.00000000000092,35.7245542781332,51.27532464514041,1300.0000739675015,-3.5224615317019925e-05,6.648307703471801e-05,0.0,-1.7053025658242404e-12,0.0,-3.63797880709192e-11,123.1,70.0,0.0,255.0,0.0
75.05000000000092,35.72455251690372,51.2753279692963,1300.0000736853108,-3.522461543070676e-05,6.648307692103117e-05,-1.8189894035458565e-12,-5.684341886080801e-13,-2.2737367544323206e-12,1.8189894035441504e-11,123.1,70.0,0.0,255.0,0.0
75.10000000000093,35.72455075567423,51.27533129345219,1300.0000734040514,-3.5224615373863344e-05,6.648307680734433e-05,1.8189894035458565e-12,0.0,0.0,1.8189894035441504e-11,123.1,70.0,0.0,255.0,0.0
75.15000000000093,35.724548994444746,51.27533461760807,1300.0000731237233,-3.522461543070676e-05,6.648307692103117e-05,0.0,0.0,1.1368683772161603e-12,-1.81898940354596e-11,123.1,70.0,0.0,255.0,0.0
75.20000000000093,35.72454723321527,51.27533794176396,1300.0000728415325,-3.5224615373863344e-05,6.648307692103117e-05,0.0,5.684341886080801e-13,0.0,0.0,123.1,70.0,0.0,255.0,0.0
75.25000000000092,35.72454547198578,51.27534126591985,1300.0000725612044,-3.5224615373863344e-05,6.648307692103117e-05,0.0,-5.684341886080801e-13,1.1368683772161603e-12,-1.81898940354596e-11,123.1,70.0,0.0,255.0,0.0
75.30000000000092,35.724543710756286,51.27534459007574,1300.000072279945,-3.522461543070676e-05,6.648307703471801e-05,-1.8189894035458565e-12,5.684341886080801e-13,0.0,1.8189894035441504e-11,123.1,70.0,0.0,255.0,0.0
75.35000000000093,35.72454194952681,51.27534791423162,1300.0000719986856,-3.5224615317019925e-05,6.648307692103117e-05,1.8189894035458565e-12,1.1368683772161603e-12,-2.2737367544323206e-12,1.8189894035441504e-11,123.1,70.0,0.0,255.0,0.0
75.40000000000093,35.724540188297325,51.27535123838751,1300.0000717183575,-3.5224615317019925e-05,6.648307680734433e-05,0.0,-1.1368683772161603e-12,0.0,-3.63797880709192e-11,123.1,70.0,0.0,255.0,0.0
75.45000000000093,35.724538427067834,51.27535456254339,1300.000071437098,-3.522461543070676e-05,6.648307692103117e-05,-1.8189894035458565e-12,-5.684341886080801e-13,2.2737367544323206e-12,1.8189894035441504e-11,123.1,70.0,0.0,255.0,0.0
75.50000000000094,35.72453666583836,51.275357886699275,1300.0000711549073,-3.5224615373863344e-05,6.648307703471801e-05,1.8189894035458565e-12,5.684341886080801e-13,0.0,1.8189894035441504e-11,123.1,70.0,0.0,255.0,0.0
75.55000000000094,35.72453490460888,51.27536121085518,1300.000070873648,-3.5224615373863344e-05,6.648307692103117e-05,0.0,0.0,-2.2737367544323206e-12,-1.81898940354596e-11,123.1,70.0,0.0,255.0,0.0
75.60000000000093,35.72453314337939,51.27536453501106,1300.0000705933198,-3.5224615373863344e-05,6.648307680734433e-05,0.0,-5.684341886080801e-13,0.0,0.0,123.1,70.0,0.0,255.0,0.0
75.65000000000093,35.72453138214991,51.27536785916694,1300.0000703120604,-3.522461543070676e-05,6.648307692103117e-05,0.0,-5.684341886080801e-13,1.1368683772161603e-12,-1.81898940354596e-11,123.1,70.0,0.0,255.0,0.0
75.70000000000093,35.72452962092043,51.275371183322825,1300.000070030801,-3.522461543070676e-05,6.648307692103117e-05,-1.8189894035458565e-12,1.1368683772161603e-12,0.0,1.8189894035441504e-11,123.1,70.0,0.0,255.0,0.0
75.75000000000094,35.724527859690944,51.275374507478716,1300.0000697495416,-3.5224615317019925e-05,6.648307692103117e-05,1.8189894035458565e-12,1.1368683772161603e-12,1.1368683772161603e-12,1.8189894035441504e-11,123.1,70.0,0.0,255.0,0.0
75.80000000000094,35.72452609846146,51.27537783163461,1300.0000694673508,-3.5224615317019925e-05,6.648307703471801e-05,0.0,-1.1368683772161603e-12,0.0,-3.63797880709192e-11,123.1,70.0,0.0,255.0,0.0
75.85000000000093,35.724524337231976,51.2753811557905,1300.0000691860914,-3.522461543070676e-05,6.648307692103117e-05,-1.8189894035458565e-12,-5.684341886080801e-13,-2.2737367544323206e-12,1.8189894035441504e-11,123.1,70.0,0.0,255.0,0.0
75.90000000000094,35.72452257600249,51.27538447994638,1300.000068904832,-3.5224615373863344e-05,6.648307680734433e-05,1.8189894035458565e-12,5.684341886080801e-13,0.0,1.8189894035441504e-11,123.1,70.0,0.0,255.0,0.0
75.95000000000094,35.72452081477301,51.27538780410226,1300.0000686254352,-3.5224615373863344e-05,6.648307692103117e-05,0.0,-5.684341886080801e-13,2.2737367544323206e-12,-1.81898940354596e-11,123.1,70.0,0.0,255.0,0.0
76.00000000000094,35.72451905354354,51.275391128258164,1300.0000683413818,-3.522461543070676e-05,6.648307703471801e-05,0.0,-5.684341886080801e-13,0.0,0.0,123.1,70.0,0.0,255.0,0.0
76.05000000000094,35.72451729231405,51.27539445241404,1300.000068061985,-3.522461543070676e-05,6.648307692103117e-05,0.0,0.0,-1.1368683772161603e-12,-1.81898940354596e-11,123.1,70.0,0.0,255.0,0.0
76.10000000000093,35.724515531084556,51.275397776569925,1300.0000677807257,-3.522461543070676e-05,6.648307692103117e-05,-1.8189894035458565e-12,1.1368683772161603e-12,0.0,1.8189894035441504e-11,123.1,70.0,0.0,255.0,0.0
76.15000000000094,35.724513769855065,51.275401100725816,1300.0000675013289,-3.5224615317019925e-05,6.648307692103117e-05,1.8189894035458565e-12,5.684341886080801e-13,1.1368683772161603e-12,1.8189894035441504e-11,123.1,70.0,0.0,255.0,0.0
76.20000000000094,35.72451200862559,51.27540442488171,1300.0000672182068,-3.5224615373863344e-05,6.648307703471801e-05,0.0,-1.1368683772161603e-12,0.0,-3.63797880709192e-11,123.1,70.0,0.0,255.0,0.0
76.25000000000094,35.724510247396104,51.2754077490376,1300.0000669369474,-3.522461543070676e-05,6.648307692103117e-05,-1.8189894035458565e-12,0.0,-2.2737367544323206e-12,1.8189894035441504e-11,123.1,70.0,0.0,255.0,0.0
76.30000000000095,35.72450848616663,51.27541107319348,1300.0000666566193,-3.5224615373863344e-05,6.648307680734433e-05,1.8189894035458565e-12,0.0,0.0,1.8189894035441504e-11,123.1,70.0,0.0,255.0,0.0
76.35000000000095,35.72450672493714,51.27541439734936,1300.0000663744286,-3.522461543070676e-05,6.648307692103117e-05,0.0,-5.684341886080801e-13,0.0,-1.81898940354596e-11,123.1,70.0,0.0,255.0,0.0
76.40000000000094,35.72450496370766,51.27541772150525,1300.0000660941005,-3.522461543070676e-05,6.648307680734433e-05,0.0,5.684341886080801e-13,0.0,0.0,123.1,70.0,0.0,255.0,0.0
76.45000000000094,35.72450320247817,51.27542104566113,1300.0000658119097,-3.5224615373863344e-05,6.648307692103117e-05,0.0,0.0,2.2737367544323206e-12,-1.81898940354596e-11,123.1,70.0,0.0,255.0,0.0
76.50000000000094,35.724501441248684,51.27542436981703,1300.0000655315816,-3.522461543070676e-05,6.648307703471801e-05,-1.8189894035458565e-12,1.1368683772161603e-12,0.0,1.8189894035441504e-11,123.1,70.0,0.0,255.0,0.0
76.55000000000095,35.72449968001921,51.27542769397291,1300.000065249391,-3.5224615260176506e-05,6.648307692103117e-05,1.8189894035458565e-12,1.1368683772161603e-12,-2.2737367544323206e-12,1.8189894035441504e-11,123.1,70.0,0.0,255.0,0.0
76.60000000000095,35.72449791878972,51.2754310181288,1300.0000649681315,-3.5224615317019925e-05,6.648307680734433e-05,0.0,-1.7053025658242404e-12,1.1368683772161603e-12,-3.63797880709192e-11,123.1,70.0,0.0,255.0,0.0
76.65000000000094,35.72449615756024,51.27543434228468,1300.0000646859407,-3.522461543070676e-05,6.648307703471801e-05,-1.8189894035458565e-12,-5.684341886080801e-13,1.1368683772161603e-12,1.8189894035441504e-11,123.1,70.0,0.0,255.0,0.0
76.70000000000095,35.72449439633076,51.27543766644057,1300.00006440375,-3.5224615373863344e-05,6.648307692103117e-05,1.8189894035458565e-12,0.0,-1.1368683772161603e-12,1.8189894035441504e-11,123.1,70.0,0.0,255.0,0.0
76.75000000000095,35.72449263510128,51.275440990596465,1300.0000641243532,-3.522461543070676e-05,6.648307692103117e-05,0.0,0.0,0.0,-1.81898940354596e-11,123.1,70.0,0.0,255.0,0.0
76.80000000000095,35.72449087387179,51.27544431475235,1300.0000638449565,-3.5224615373863344e-05,6.648307692103117e-05,0.0,5.684341886080801e-13,0.0,0.0,123.1,70.0,0.0,255.0,0.0
76.85000000000095,35.7244891126423,51.27544763890823,1300.000063563697,-3.5224615373863344e-05,6.648307692103117e-05,0.0,-5.684341886080801e-13,1.1368683772161603e-12,-1.81898940354596e-11,123.1,70.0,0.0,255.0,0.0
76.90000000000094,35.724487351412826,51.27545096306412,1300.000063280575,-3.522461543070676e-05,6.648307703471801e-05,-1.8189894035458565e-12,5.684341886080801e-13,0.0,1.8189894035441504e-11,123.1,70.0,0.0,255.0,0.0
76.95000000000095,35.72448559018333,51.27545428722001,1300.0000630002469,-3.5224615317019925e-05,6.648307692103117e-05,1.8189894035458565e-12,1.1368683772161603e-12,-1.1368683772161603e-12,1.8189894035441504e-11,123.1,70.0,0.0,255.0,0.0
77.00000000000095,35.72448382895385,51.27545761137589,1300.0000627180561,-3.5224615317019925e-05,6.648307692103117e-05,0.0,-1.1368683772161603e-12,0.0,-3.63797880709192e-11,123.1,70.0,0.0,255.0,0.0
77.05000000000095,35.724482067724374,51.27546093553178,1300.0000624367967,-3.522461543070676e-05,6.648307692103117e-05,-1.8189894035458565e-12,-5.684341886080801e-13,-1.1368683772161603e-12,1.8189894035441504e-11,123.1,70.0,0.0,255.0,0.0
77.10000000000096,35.72448030649489,51.27546425968767,1300.0000621564686,-3.5224615373863344e-05,6.648307680734433e-05,1.8189894035458565e-12,5.684341886080801e-13,0.0,1.8189894035441504e-11,123.1,70.0,0.0,255.0,0.0
77.15000000000096,35.724478545265406,51.27546758384356,1300.0000618761405,-3.5224615373863344e-05,6.648307692103117e-05,0.0,0.0,2.2737367544323206e-12,-1.81898940354596e-11,123.1,70.0,0.0,255.0,0.0
77.20000000000095,35.72447678403592,51.27547090799945,1300.0000615939498,-3.5224615373863344e-05,6.648307703471801e-05,0.0,-5.684341886080801e-13,0.0,0.0,123.1,70.0,0.0,255.0,0.0
77.25000000000095,35.72447502280645,51.27547423215533,1300.0000613108277,-3.522461543070676e-05,6.648307692103117e-05,0.0,-5.684341886080801e-13,-1.1368683772161603e-12,-1.81898940354596e-11,123.1,70.0,0.0,255.0,0.0
77.30000000000095,35.724473261576954,51.275477556311216,1300.000061031431,-3.522461543070676e-05,6.648307692103117e-05,-1.8189894035458565e-12,1.1368683772161603e-12,0.0,1.8189894035441504e-11,123.1,70.0,0.0,255.0,0.0
77.35000000000096,35.72447150034746,51.27548088046709,1300.0000607501715,-3.5224615317019925e-05,6.648307692103117e-05,1.8189894035458565e-12,1.1368683772161603e-12,0.0,1.8189894035441504e-11,123.1,70.0,0.0,255.0,0.0
77.40000000000096,35.72446973911799,51.27548420462299,1300.0000604689121,-3.5224615317019925e-05,6.648307692103117e-05,0.0,-1.1368683772161603e-12,0.0,-3.63797880709192e-11,123.1,70.0,0.0,255.0,0.0
77.45000000000095,35.72446797788851,51.27548752877888,1300.0000601867214,-3.522461543070676e-05,6.648307692103117e-05,-1.8189894035458565e-12,-5.684341886080801e-13,0.0,1.8189894035441504e-11,123.1,70.0,0.0,255.0,0.0
77.50000000000097,35.72446621665902,51.27549085293477,1300.0000599073246,-3.5224615373863344e-05,6.648307692103117e-05,1.8189894035458565e-12,5.684341886080801e-13,0.0,1.8189894035441504e-11,123.1,70.0,0.0,255.0,0.0
77.55000000000096,35.72446445542954,51.27549417709065,1300.0000596251339,-3.5224615373863344e-05,6.648307692103117e-05,0.0,-5.684341886080801e-13,0.0,-1.81898940354596e-11,123.1,70.0,0.0,255.0,0.0
77.60000000000096,35.724462694200064,51.275497501246534,1300.0000593438745,-3.522461543070676e-05,6.648307692103117e-05,0.0,-5.684341886080801e-13,0.0,0.0,123.1,70.0,0.0,255.0,0.0
77.65000000000096,35.72446093297057,51.275500825402425,1300.0000590635464,-3.522461543070676e-05,6.648307692103117e-05,0.0,0.0,0.0,-1.81898940354596e-11,123.1,70.0,0.0,255.0,0.0
77.70000000000095,35.72445917174109,51.275504149558316,1300.0000587813556,-3.522461543070676e-05,6.648307692103117e-05,-1.8189894035458565e-12,1.1368683772161603e-12,-1.1368683772161603e-12,1.8189894035441504e-11,123.1,70.0,0.0,255.0,0.0
77.75000000000097,35.724457410511604,51.27550747371421,1300.0000584991649,-3.5224615317019925e-05,6.648307680734433e-05,1.8189894035458565e-12,5.684341886080801e-13,0.0,1.8189894035441504e-11,123.1,70.0,0.0,255.0,0.0
77.80000000000096,35.72445564928213,51.27551079787008,1300.0000582206994,-3.5224615373863344e-05,6.648307692103117e-05,0.0,-1.1368683772161603e-12,2.2737367544323206e-12,-3.63797880709192e-11,123.1,70.0,0.0,255.0,0.0
77.85000000000096,35.724453888052636,51.27551412202597,1300.000057936646,-3.522461543070676e-05,6.648307703471801e-05,-1.8189894035458565e-12,0.0,0.0,1.8189894035441504e-11,123.1,70.0,0.0,255.0,0.0
77.90000000000097,35.72445212682315,51.27551744618186,1300.000057656318,-3.5224615373863344e-05,6.648307692103117e-05,1.8189894035458565e-12,5.684341886080801e-13,-1.1368683772161603e-12,1.8189894035441504e-11,123.1,70.0,0.0,255.0,0.0
77.95000000000097,35.724450365593675,51.27552077033775,1300.0000573769212,-3.5224615373863344e-05,6.648307692103117e-05,0.0,0.00035224615374886516,-0.0006648307692296231,-1.8189894035283823e-11,123.1,70.0,0.0,255.0,0.0
78.0,35.724448604364184,51.27552409449363,1300.0000570947304,0.0,0.0,0.0,1.361555544843482e-14,-2.5698052642826537e-14,0.0,123.1,70.0,0.0,255.0,0.0
78.00000000000097,35.724448604364184,51.27552409449363,1300.0000570947304,0.0,0.0,0.0,0.0,0.0,0.0,123.1,70.0,0.0,255.0,0.0
