t,lat,lon,alt,vx,vy,vz,ax,ay,az,yaw,mode,ledr,ledg,ledb
10.0,35.723933093556695,51.27655061463701,1300.0001955619082,0.0001001742856487894,-1.635428574786578e-05,0.0,1.1368968375231719e-12,-5.684388642299409e-13,0.0,352.5,70.0,0.0,255.0,0.0
10.05,35.72393855709163,51.27655038917128,1300.0001951707527,0.00010017428570563425,-1.6354285776287725e-05,0.0,5.684482832363225e-13,-2.842194253387109e-13,0.0,352.00964285714286,70.0,0.0,255.0,0.0
10.100000000000001,35.72394402474305,51.2765501589105,1300.0001947805285,0.00010017428570563425,-1.6354285776287725e-05,0.0,5.684341886080801e-13,1.1368683772161603e-12,0.0,351.5192857142857,70.0,0.0,255.0,0.0
10.150000000000002,35.723949496477346,51.27654992381168,1300.0001943875104,0.00010017428576247767,-1.6354285662600887e-05,0.0,5.684341886080801e-13,1.1368683772161603e-12,0.0,351.02892857142854,70.0,0.0,255.0,0.0
10.200000000000003,35.72395497226059,51.2765496838321,1300.000193993561,0.00010017428576247767,-1.6354285662600887e-05,0.0,-5.684341886080801e-13,-1.1368683772161603e-12,0.0,350.5385714285714,70.0,0.0,255.0,0.0
10.250000000000004,35.72396045205859,51.27654943892948,1300.0001935958862,0.00010017428570563425,-1.6354285776287725e-05,0.0,-5.684341886080801e-13,0.0,0.0,350.04821428571427,70.0,0.0,255.0,0.0
10.300000000000004,35.72396593583684,51.27654918906183,1300.0001931991428,0.00010017428570563425,-1.6354285662600887e-05,0.0,0.0,1.1368683772161603e-12,0.0,349.5578571428571,70.0,0.0,255.0,0.0
10.350000000000005,35.72397142356052,51.27654893418759,1300.0001928005368,0.00010017428570563425,-1.6354285662600887e-05,0.0,0.0,-1.1368683772161603e-12,0.0,349.06749999999994,70.0,0.0,255.0,0.0
10.400000000000006,35.72397691519456,51.276548674265506,1300.000192400068,0.00010017428570563425,-1.6354285776287725e-05,0.0,0.0,-1.1368683772161603e-12,0.0,348.5771428571428,70.0,0.0,255.0,0.0
10.450000000000006,35.72398241070359,51.27654840925473,1300.0001919977367,0.00010017428570563425,-1.6354285776287725e-05,0.0,0.0,1.1368683772161603e-12,0.0,348.08678571428567,70.0,0.0,255.0,0.0
10.500000000000007,35.723987910051974,51.27654813911479,1300.0001915954053,0.00010017428570563425,-1.6354285662600887e-05,0.0,5.684341886080801e-13,1.1368683772161603e-12,0.0,347.5964285714285,70.0,0.0,255.0,0.0
10.550000000000008,35.723993413203736,51.276547863805575,1300.0001911912113,0.00010017428576247767,-1.6354285662600887e-05,0.0,5.684341886080801e-13,-1.1368683772161603e-12,0.0,347.10607142857134,70.0,0.0,255.0,0.0
10.600000000000009,35.723998920122696,51.276547583287346,1300.000190786086,0.00010017428576247767,-1.6354285776287725e-05,0.0,-1.1368683772161603e-12,0.0,0.0,346.6157142857142,70.0,0.0,255.0,0.0
10.65000000000001,35.72400443077233,51.276547297520764,1300.000190381892,0.00010017428564879083,-1.6354285662600887e-05,0.0,-5.684341886080801e-13,1.1368683772161603e-12,0.0,346.12535714285707,70.0,0.0,255.0,0.0
10.70000000000001,35.724009945115895,51.27654700646684,1300.000189974904,0.00010017428570563425,-1.6354285662600887e-05,0.0,5.684341886080801e-13,-1.1368683772161603e-12,0.0,345.6349999999999,70.0,0.0,255.0,0.0
10.75000000000001,35.72401546311637,51.27654671008706,1300.0001895697787,0.00010017428570563425,-1.6354285776287725e-05,0.0,0.0,-1.1368683772161603e-12,0.0,345.14464285714274,70.0,0.0,255.0,0.0
10.800000000000011,35.72402098473643,51.27654640834318,1300.000189163722,0.00010017428570563425,-1.6354285776287725e-05,0.0,0.0,1.1368683772161603e-12,0.0,344.6542857142856,70.0,0.0,255.0,0.0
10.850000000000012,35.7240265099385,51.27654610119743,1300.0001887558028,0.00010017428570563425,-1.6354285662600887e-05,0.0,0.0,0.0,0.0,344.16392857142847,70.0,0.0,255.0,0.0
10.900000000000013,35.72403203868476,51.2765457886124,1300.0001883478835,0.00010017428570563425,-1.6354285776287725e-05,0.0,0.0,0.0,0.0,343.6735714285713,70.0,0.0,255.0,0.0
10.950000000000014,35.72403757093713,51.2765454705511,1300.0001879427582,0.00010017428570563425,-1.6354285662600887e-05,0.0,5.684341886080801e-13,1.1368683772161603e-12,0.0,343.18321428571414,70.0,0.0,255.0,0.0
11.000000000000014,35.72404310665726,51.27654514697695,1300.0001875339076,0.00010017428576247767,-1.6354285662600887e-05,0.0,5.684341886080801e-13,-1.1368683772161603e-12,0.0,342.692857142857,70.0,0.0,255.0,0.0
11.050000000000015,35.724048645806555,51.276544817853726,1300.0001871269196,0.00010017428576247767,-1.6354285776287725e-05,0.0,-5.684341886080801e-13,-1.1368683772161603e-12,0.0,342.2024999999999,70.0,0.0,255.0,0.0
11.100000000000016,35.72405418834613,51.27654448314564,1300.0001867217943,0.00010017428570563425,-1.6354285776287725e-05,0.0,-5.684341886080801e-13,1.1368683772161603e-12,0.0,341.7121428571427,70.0,0.0,255.0,0.0
11.150000000000016,35.72405973423694,51.276544142817336,1300.000186316669,0.00010017428570563425,-1.6354285662600887e-05,0.0,0.0,1.1368683772161603e-12,0.0,341.22178571428555,70.0,0.0,255.0,0.0
11.200000000000017,35.724065283439565,51.276543796833856,1300.000185909681,0.00010017428570563425,-1.6354285662600887e-05,0.0,0.0,-1.1368683772161603e-12,0.0,340.7314285714284,70.0,0.0,255.0,0.0
11.250000000000018,35.724070835914496,51.27654344516061,1300.0001855036244,0.00010017428570563425,-1.6354285776287725e-05,0.0,-5.684341886080801e-13,0.0,0.0,340.2410714285713,70.0,0.0,255.0,0.0
11.300000000000018,35.724076391621864,51.27654308776348,1300.000185101293,0.00010017428564879083,-1.6354285662600887e-05,0.0,0.0,1.1368683772161603e-12,0.0,339.7507142857141,70.0,0.0,255.0,0.0
11.35000000000002,35.724081950521615,51.276542724608746,1300.0001846961677,0.00010017428570563425,-1.6354285662600887e-05,0.0,5.684341886080801e-13,-1.1368683772161603e-12,0.0,339.26035714285695,70.0,0.0,255.0,0.0
11.40000000000002,35.72408751257344,51.276542355663125,1300.0001842938364,0.00010017428570563425,-1.6354285776287725e-05,0.0,5.684341886080801e-13,-1.1368683772161603e-12,0.0,338.7699999999998,70.0,0.0,255.0,0.0
11.45000000000002,35.72409307773681,51.27654198089374,1300.0001838933676,0.00010017428576247767,-1.6354285776287725e-05,0.0,5.684341886080801e-13,1.1368683772161603e-12,0.0,338.2796428571427,70.0,0.0,255.0,0.0
11.500000000000021,35.724098645970976,51.276541600268146,1300.0001834919676,0.00010017428576247767,-1.6354285662600887e-05,0.0,-5.684341886080801e-13,1.1368683772161603e-12,0.0,337.7892857142855,70.0,0.0,255.0,0.0
11.550000000000022,35.72410421723496,51.27654121375431,1300.0001830942929,0.00010017428570563425,-1.6354285662600887e-05,0.0,-5.684341886080801e-13,0.0,0.0,337.29892857142835,70.0,0.0,255.0,0.0
11.600000000000023,35.72410979148756,51.27654082132068,1300.0001826947555,0.00010017428570563425,-1.6354285662600887e-05,0.0,0.0,-1.1368683772161603e-12,0.0,336.8085714285712,70.0,0.0,255.0,0.0
11.650000000000023,35.72411536868733,51.27654042293609,1300.000182298012,0.00010017428570563425,-1.6354285776287725e-05,0.0,0.0,-1.1368683772161603e-12,0.0,336.3182142857141,70.0,0.0,255.0,0.0
11.700000000000024,35.72412094879266,51.27654001856981,1300.0001819031313,0.00010017428570563425,-1.6354285776287725e-05,0.0,0.0,0.0,0.0,335.8278571428569,70.0,0.0,255.0,0.0
11.750000000000025,35.724126531761684,51.276539608191584,1300.0001815082505,0.00010017428570563425,-1.6354285776287725e-05,0.0,0.0,1.1368683772161603e-12,0.0,335.33749999999975,70.0,0.0,255.0,0.0
11.800000000000026,35.72413211755232,51.276539191771576,1300.0001811189577,0.00010017428570563425,-1.6354285662600887e-05,0.0,5.684341886080801e-13,1.1368683772161603e-12,0.0,334.8471428571426,70.0,0.0,255.0,0.0
11.850000000000026,35.72413770612235,51.27653876928039,1300.000180726871,0.00010017428576247767,-1.6354285662600887e-05,0.0,5.684341886080801e-13,-1.1368683772161603e-12,0.0,334.3567857142855,70.0,0.0,255.0,0.0
11.900000000000027,35.724143297429265,51.27653834068907,1300.0001803394407,0.00010017428576247767,-1.6354285776287725e-05,0.0,-1.1368683772161603e-12,0.0,0.0,333.8664285714283,70.0,0.0,255.0,0.0
11.950000000000028,35.7241488914304,51.276537905969114,1300.0001799548045,0.00010017428564879083,-1.6354285662600887e-05,0.0,-5.684341886080801e-13,1.1368683772161603e-12,0.0,333.37607142857115,70.0,0.0,255.0,0.0
12.000000000000028,35.72415448808289,51.276537465092474,1300.0001795710996,0.00010017428570563425,-1.6354285662600887e-05,0.0,5.684341886080801e-13,-1.1368683772161603e-12,0.0,332.885714285714,70.0,0.0,255.0,0.0
12.05000000000003,35.72416008734366,51.27653701803155,1300.0001791901886,0.00010017428570563425,-1.6354285776287725e-05,0.0,0.0,-1.1368683772161603e-12,0.0,332.3953571428568,70.0,0.0,255.0,0.0
12.10000000000003,35.72416568916949,51.27653656475918,1300.0001788083464,0.00010017428570563425,-1.6354285776287725e-05,0.0,0.0,1.1368683772161603e-12,0.0,331.9049999999997,70.0,0.0,255.0,0.0
12.15000000000003,35.724171293516896,51.27653610524869,1300.0001784330234,0.00010017428570563425,-1.6354285662600887e-05,0.0,0.0,1.1368683772161603e-12,0.0,331.41464285714255,70.0,0.0,255.0,0.0
12.200000000000031,35.72417690034227,51.27653563947382,1300.000178056769,0.00010017428570563425,-1.6354285662600887e-05,0.0,0.0,0.0,0.0,330.9242857142854,70.0,0.0,255.0,0.0
12.250000000000032,35.72418250960181,51.2765351674088,1300.0001776851714,0.00010017428570563425,-1.6354285662600887e-05,0.0,5.684341886080801e-13,-1.1368683772161603e-12,0.0,330.4339285714283,70.0,0.0,255.0,0.0
12.300000000000033,35.72418812125151,51.276534689028324,1300.0001773163676,0.00010017428576247767,-1.6354285776287725e-05,0.0,5.684341886080801e-13,-1.1368683772161603e-12,0.0,329.9435714285711,70.0,0.0,255.0,0.0
12.350000000000033,35.724193735247226,51.27653420430752,1300.0001769503579,0.00010017428576247767,-1.6354285776287725e-05,0.0,-5.684341886080801e-13,1.1368683772161603e-12,0.0,329.45321428571395,70.0,0.0,255.0,0.0
12.400000000000034,35.72419935154462,51.27653371322201,1300.0001765852794,0.00010017428570563425,-1.6354285662600887e-05,0.0,-5.684341886080801e-13,1.1368683772161603e-12,0.0,328.9628571428568,70.0,0.0,255.0,0.0
12.450000000000035,35.72420497009919,51.27653321574786,1300.0001762239262,0.00010017428570563425,-1.6354285662600887e-05,0.0,-5.684341886080801e-13,-1.1368683772161603e-12,0.0,328.4724999999996,70.0,0.0,255.0,0.0
12.500000000000036,35.72421059086624,51.276532711861606,1300.0001758662984,0.00010017428564879083,-1.6354285776287725e-05,0.0,0.0,-1.1368683772161603e-12,0.0,327.9821428571425,70.0,0.0,255.0,0.0
12.550000000000036,35.72421621380098,51.27653220154028,1300.0001755123958,0.00010017428570563425,-1.6354285776287725e-05,0.0,5.684341886080801e-13,1.1368683772161603e-12,0.0,327.49178571428536,70.0,0.0,255.0,0.0
12.600000000000037,35.72422183885841,51.27653168476136,1300.0001751594245,0.00010017428570563425,-1.6354285662600887e-05,0.0,0.0,1.1368683772161603e-12,0.0,327.0014285714282,70.0,0.0,255.0,0.0
12.650000000000038,35.72422746599338,51.27653116150279,1300.0001748120412,0.00010017428570563425,-1.6354285662600887e-05,0.0,0.0,-1.1368683772161603e-12,0.0,326.51107142857103,70.0,0.0,255.0,0.0
12.700000000000038,35.724233095160606,51.276530631743015,1300.0001744655892,0.00010017428570563425,-1.6354285776287725e-05,0.0,5.684341886080801e-13,-1.1368683772161603e-12,0.0,326.0207142857139,70.0,0.0,255.0,0.0
12.750000000000039,35.724238726314624,51.276530095460934,1300.0001741219312,0.00010017428576247767,-1.6354285776287725e-05,0.0,5.684341886080801e-13,1.1368683772161603e-12,0.0,325.53035714285676,70.0,0.0,255.0,0.0
12.80000000000004,35.72424435940985,51.27652955263595,1300.000173783861,0.00010017428576247767,-1.6354285662600887e-05,0.0,-5.684341886080801e-13,1.1368683772161603e-12,0.0,325.0399999999996,70.0,0.0,255.0,0.0
12.85000000000004,35.72424999440055,51.27652900324791,1300.0001734495163,0.00010017428570563425,-1.6354285662600887e-05,0.0,-5.684341886080801e-13,0.0,0.0,324.54964285714243,70.0,0.0,255.0,0.0
12.900000000000041,35.72425563124087,51.276528447277165,1300.0001731170341,0.00010017428570563425,-1.6354285662600887e-05,0.0,0.0,-1.1368683772161603e-12,0.0,324.0592857142853,70.0,0.0,255.0,0.0
12.950000000000042,35.72426126988478,51.27652788470454,1300.00017279014,0.00010017428570563425,-1.6354285776287725e-05,0.0,0.0,-1.1368683772161603e-12,0.0,323.56892857142816,70.0,0.0,255.0,0.0
13.000000000000043,35.724266910286154,51.27652731551134,1300.000172466971,0.00010017428570563425,-1.6354285776287725e-05,0.0,0.0,1.1368683772161603e-12,0.0,323.078571428571,70.0,0.0,255.0,0.0
13.050000000000043,35.724272552398716,51.27652673967938,1300.0001721456647,0.00010017428570563425,-1.6354285662600887e-05,0.0,0.0,1.1368683772161603e-12,0.0,322.58821428571383,70.0,0.0,255.0,0.0
13.100000000000044,35.72427819617609,51.276526157190936,1300.000171829015,0.00010017428570563425,-1.6354285662600887e-05,0.0,-5.684341886080801e-13,-1.1368683772161603e-12,0.0,322.0978571428567,70.0,0.0,255.0,0.0
13.150000000000045,35.72428384157173,51.27652556802878,1300.000171517022,0.00010017428564879083,-1.6354285776287725e-05,0.0,5.684341886080801e-13,-1.1368683772161603e-12,0.0,321.60749999999956,70.0,0.0,255.0,0.0
13.200000000000045,35.724289488539036,51.27652497217615,1300.0001712078229,0.00010017428576247767,-1.6354285776287725e-05,0.0,1.1368683772161603e-12,1.1368683772161603e-12,0.0,321.1171428571424,70.0,0.0,255.0,0.0
13.250000000000046,35.724295137031234,51.276524369616816,1300.0001709042117,0.00010017428576247767,-1.6354285662600887e-05,0.0,-5.684341886080801e-13,1.1368683772161603e-12,0.0,320.62678571428523,70.0,0.0,255.0,0.0
13.300000000000047,35.72430078700148,51.27652376033502,1300.0001706033945,0.00010017428570563425,-1.6354285662600887e-05,0.0,-5.684341886080801e-13,-1.1368683772161603e-12,0.0,320.1364285714281,70.0,0.0,255.0,0.0
13.350000000000048,35.72430643840279,51.27652314431547,1300.0001703081653,0.00010017428570563425,-1.6354285776287725e-05,0.0,0.0,-1.1368683772161603e-12,0.0,319.64607142857096,70.0,0.0,255.0,0.0
13.400000000000048,35.72431209118811,51.276522521543406,1300.0001700166613,0.00010017428570563425,-1.6354285776287725e-05,0.0,0.0,1.1368683772161603e-12,0.0,319.1557142857138,70.0,0.0,255.0,0.0
13.450000000000049,35.724317745310245,51.27652189200456,1300.000169729814,0.00010017428570563425,-1.6354285662600887e-05,0.0,0.0,1.1368683772161603e-12,0.0,318.66535714285664,70.0,0.0,255.0,0.0
13.50000000000005,35.724323400721936,51.27652125568513,1300.0001694466919,0.00010017428570563425,-1.6354285662600887e-05,0.0,0.0,0.0,0.0,318.1749999999995,70.0,0.0,255.0,0.0
13.55000000000005,35.72432905737582,51.27652061257186,1300.000169167295,0.00010017428570563425,-1.6354285662600887e-05,0.0,5.684341886080801e-13,-1.1368683772161603e-12,0.0,317.68464285714236,70.0,0.0,255.0,0.0
13.600000000000051,35.724334715224416,51.27651996265191,1300.0001688916236,0.00010017428576247767,-1.6354285776287725e-05,0.0,5.684341886080801e-13,-1.1368683772161603e-12,0.0,317.19428571428523,70.0,0.0,255.0,0.0
13.650000000000052,35.72434037422018,51.276519305913034,1300.0001686234027,0.00010017428576247767,-1.6354285776287725e-05,0.0,-5.684341886080801e-13,1.1368683772161603e-12,0.0,316.70392857142804,70.0,0.0,255.0,0.0
13.700000000000053,35.72434603431551,51.27651864234341,1300.000168358907,0.00010017428570563425,-1.6354285662600887e-05,0.0,-5.684341886080801e-13,1.1368683772161603e-12,0.0,316.2135714285709,70.0,0.0,255.0,0.0
13.750000000000053,35.72435169546268,51.27651797193178,1300.000168099068,0.00010017428570563425,-1.6354285662600887e-05,0.0,-5.684341886080801e-13,-1.1368683772161603e-12,0.0,315.72321428571377,70.0,0.0,255.0,0.0
13.800000000000054,35.724357357613904,51.2765172946673,1300.000167842023,0.00010017428564879083,-1.6354285776287725e-05,0.0,0.0,-1.1368683772161603e-12,0.0,315.23285714285663,70.0,0.0,255.0,0.0
13.850000000000055,35.724363020721306,51.276516610539744,1300.00016759336,0.00010017428570563425,-1.6354285776287725e-05,0.0,5.684341886080801e-13,1.1368683772161603e-12,0.0,314.74249999999944,70.0,0.0,255.0,0.0
13.900000000000055,35.72436868473697,51.27651591953928,1300.0001673465595,0.00010017428570563425,-1.6354285662600887e-05,0.0,0.0,1.1368683772161603e-12,0.0,314.2521428571423,70.0,0.0,255.0,0.0
13.950000000000056,35.7243743496129,51.27651522165666,1300.0001671044156,0.00010017428570563425,-1.6354285662600887e-05,0.0,0.0,-1.1368683772161603e-12,0.0,313.76178571428517,70.0,0.0,255.0,0.0
14.000000000000057,35.72438001530104,51.27651451688306,1300.0001668697223,0.00010017428570563425,-1.6354285776287725e-05,0.0,5.684341886080801e-13,-1.1368683772161603e-12,0.0,313.27142857142803,70.0,0.0,255.0,0.0
14.050000000000058,35.724385681753255,51.276513805210264,1300.0001666415483,0.00010017428576247767,-1.6354285776287725e-05,0.0,5.684341886080801e-13,1.1368683772161603e-12,0.0,312.78107142857084,70.0,0.0,255.0,0.0
14.100000000000058,35.72439134892138,51.276513086630466,1300.000166412443,0.00010017428576247767,-1.6354285662600887e-05,0.0,-5.684341886080801e-13,1.1368683772161603e-12,0.0,312.2907142857137,70.0,0.0,255.0,0.0
14.150000000000059,35.72439701675717,51.27651236113642,1300.0001661935821,0.00010017428570563425,-1.6354285662600887e-05,0.0,-5.684341886080801e-13,0.0,0.0,311.80035714285657,70.0,0.0,255.0,0.0
14.20000000000006,35.72440268521236,51.27651162872136,1300.0001659775153,0.00010017428570563425,-1.6354285662600887e-05,0.0,0.0,-1.1368683772161603e-12,0.0,311.3099999999994,70.0,0.0,255.0,0.0
14.25000000000006,35.72440835423864,51.276510889379026,1300.0001657670364,0.00010017428570563425,-1.6354285776287725e-05,0.0,0.0,-1.1368683772161603e-12,0.0,310.81964285714224,70.0,0.0,255.0,0.0
14.300000000000061,35.724414023787645,51.27651014310371,1300.0001655602828,0.00010017428570563425,-1.6354285776287725e-05,0.0,0.0,1.1368683772161603e-12,0.0,310.3292857142851,70.0,0.0,255.0,0.0
14.350000000000062,35.724419693810944,51.276509389890165,1300.000165361911,0.00010017428570563425,-1.6354285662600887e-05,0.0,0.0,1.1368683772161603e-12,0.0,309.83892857142797,70.0,0.0,255.0,0.0
14.400000000000063,35.724425364260114,51.27650862973364,1300.0001651663333,0.00010017428570563425,-1.6354285662600887e-05,0.0,-5.684341886080801e-13,-1.1368683772161603e-12,0.0,309.34857142857084,70.0,0.0,255.0,0.0
14.450000000000063,35.724431035086674,51.27650786262995,1300.0001649791375,0.00010017428564879083,-1.6354285776287725e-05,0.0,5.684341886080801e-13,-1.1368683772161603e-12,0.0,308.85821428571364,70.0,0.0,255.0,0.0
14.500000000000064,35.72443670624215,51.276507088575364,1300.0001647947356,0.00010017428576247767,-1.6354285776287725e-05,0.0,1.1368683772161603e-12,1.1368683772161603e-12,0.0,308.3678571428565,70.0,0.0,255.0,0.0
14.550000000000065,35.72444237767803,51.27650630756671,1300.0001646149904,0.00010017428576247767,-1.6354285662600887e-05,0.0,-5.684341886080801e-13,1.1368683772161603e-12,0.0,307.8774999999994,70.0,0.0,255.0,0.0
14.600000000000065,35.724448049345746,51.27650551960128,1300.000164440833,0.00010017428570563425,-1.6354285662600887e-05,0.0,-5.684341886080801e-13,-1.1368683772161603e-12,0.0,307.3871428571422,70.0,0.0,255.0,0.0
14.650000000000066,35.724453721196745,51.2765047246769,1300.0001642750576,0.00010017428570563425,-1.6354285776287725e-05,0.0,0.0,-1.1368683772161603e-12,0.0,306.89678571428504,70.0,0.0,255.0,0.0
14.700000000000067,35.72445939318247,51.27650392279189,1300.0001641102135,0.00010017428570563425,-1.6354285776287725e-05,0.0,0.0,1.1368683772161603e-12,0.0,306.4064285714279,70.0,0.0,255.0,0.0
14.750000000000068,35.72446506525432,51.2765031139451,1300.0001639537513,0.00010017428570563425,-1.6354285662600887e-05,0.0,0.0,1.1368683772161603e-12,0.0,305.9160714285708,70.0,0.0,255.0,0.0
14.800000000000068,35.724470737363724,51.276502298135874,1300.000163802877,0.00010017428570563425,-1.6354285662600887e-05,0.0,0.0,0.0,0.0,305.42571428571364,70.0,0.0,255.0,0.0
14.850000000000069,35.724476409462085,51.27650147536407,1300.0001636575907,0.00010017428570563425,-1.6354285662600887e-05,0.0,5.684341886080801e-13,-1.1368683772161603e-12,0.0,304.93535714285645,70.0,0.0,255.0,0.0
14.90000000000007,35.7244820815008,51.276500645630065,1300.0001635160297,0.00010017428576247767,-1.6354285776287725e-05,0.0,5.684341886080801e-13,-1.1368683772161603e-12,0.0,304.4449999999993,70.0,0.0,255.0,0.0
14.95000000000007,35.72448775343131,51.27649980893474,1300.0001633828506,0.00010017428576247767,-1.6354285776287725e-05,0.0,-5.684341886080801e-13,1.1368683772161603e-12,0.0,303.9546428571422,70.0,0.0,255.0,0.0
15.000000000000071,35.724493425205026,51.276498965279465,1300.0001632524654,0.00010017428570563425,-1.6354285662600887e-05,0.0,-5.684341886080801e-13,1.1368683772161603e-12,0.0,303.464285714285,70.0,0.0,255.0,0.0
15.050000000000072,35.72449909677338,51.27649811466617,1300.0001631313935,0.00010017428570563425,-1.6354285662600887e-05,0.0,-5.684341886080801e-13,-1.1368683772161603e-12,0.0,302.97392857142785,70.0,0.0,255.0,0.0
15.100000000000072,35.724504768087826,51.27649725709723,1300.0001630121842,0.00010017428564879083,-1.6354285776287725e-05,0.0,0.0,0.0,0.0,302.4835714285707,70.0,0.0,255.0,0.0
15.150000000000073,35.72451043909982,51.27649639257559,1300.0001629013568,0.00010017428570563425,-1.6354285662600887e-05,0.0,5.684341886080801e-13,1.1368683772161603e-12,0.0,301.9932142857136,70.0,0.0,255.0,0.0
15.200000000000074,35.72451610976086,51.276495521104664,1300.000162795186,0.00010017428570563425,-1.6354285662600887e-05,0.0,0.0,-1.1368683772161603e-12,0.0,301.50285714285644,70.0,0.0,255.0,0.0
15.250000000000075,35.724521780022464,51.276494642688384,1300.0001626955345,0.00010017428570563425,-1.6354285776287725e-05,0.0,0.0,-1.1368683772161603e-12,0.0,301.01249999999925,70.0,0.0,255.0,0.0
15.300000000000075,35.724527449836174,51.2764937573312,1300.000162598677,0.00010017428570563425,-1.6354285776287725e-05,0.0,5.684341886080801e-13,0.0,0.0,300.5221428571421,70.0,0.0,255.0,0.0
15.350000000000076,35.72453311915357,51.27649286503809,1300.0001625111327,0.00010017428576247767,-1.6354285776287725e-05,0.0,5.684341886080801e-13,1.1368683772161603e-12,0.0,300.031785714285,70.0,0.0,255.0,0.0
15.400000000000077,35.72453878792628,51.276491965814465,1300.0001624273136,0.00010017428576247767,-1.6354285662600887e-05,0.0,-5.684341886080801e-13,1.1368683772161603e-12,0.0,299.5414285714278,70.0,0.0,255.0,0.0
15.450000000000077,35.72454445610591,51.276491059666334,1300.0001623490825,0.00010017428570563425,-1.6354285662600887e-05,0.0,-5.684341886080801e-13,0.0,0.0,299.05107142857065,70.0,0.0,255.0,0.0
15.500000000000078,35.72455012364422,51.27649014660016,1300.000162278302,0.00010017428570563425,-1.6354285662600887e-05,0.0,0.0,-1.1368683772161603e-12,0.0,298.5607142857135,70.0,0.0,255.0,0.0
15.550000000000079,35.72455579049291,51.27648922662293,1300.0001622140408,0.00010017428570563425,-1.6354285776287725e-05,0.0,0.0,-1.1368683772161603e-12,0.0,298.0703571428564,70.0,0.0,255.0,0.0
15.60000000000008,35.724561456603794,51.27648829974213,1300.0001621525735,0.00010017428570563425,-1.6354285776287725e-05,0.0,0.0,1.1368683772161603e-12,0.0,297.5799999999992,70.0,0.0,255.0,0.0
15.65000000000008,35.72456712192871,51.27648736596575,1300.0001620976254,0.00010017428570563425,-1.6354285662600887e-05,0.0,0.0,1.1368683772161603e-12,0.0,297.08964285714205,70.0,0.0,255.0,0.0
15.700000000000081,35.724572786419586,51.2764864253023,1300.000162050128,0.00010017428570563425,-1.6354285662600887e-05,0.0,-5.684341886080801e-13,-1.1368683772161603e-12,0.0,296.5992857142849,70.0,0.0,255.0,0.0
15.750000000000082,35.72457845002837,51.27648547776079,1300.0001620072871,0.00010017428564879083,-1.6354285776287725e-05,0.0,5.684341886080801e-13,0.0,0.0,296.1089285714278,70.0,0.0,255.0,0.0
15.800000000000082,35.72458411270708,51.27648452335069,1300.0001619709656,0.00010017428576247767,-1.6354285662600887e-05,0.0,1.1368683772161603e-12,1.1368683772161603e-12,0.0,295.6185714285706,70.0,0.0,255.0,0.0
15.850000000000083,35.72458977440786,51.27648356208206,1300.0001619393006,0.00010017428576247767,-1.6354285662600887e-05,0.0,-5.684341886080801e-13,-1.1368683772161603e-12,0.0,295.12821428571345,70.0,0.0,255.0,0.0
15.900000000000084,35.72459543508285,51.2764825939654,1300.0001619132236,0.00010017428570563425,-1.6354285776287725e-05,0.0,-5.684341886080801e-13,-1.1368683772161603e-12,0.0,294.6378571428563,70.0,0.0,255.0,0.0
15.950000000000085,35.72460109468431,51.2764816190117,1300.0001618927345,0.00010017428570563425,-1.6354285776287725e-05,0.0,0.0,1.1368683772161603e-12,0.0,294.1474999999992,70.0,0.0,255.0,0.0
16.000000000000085,35.724606753164544,51.2764806372325,1300.000161879696,0.00010017428570563425,-1.6354285662600887e-05,0.0,0.0,1.1368683772161603e-12,0.0,293.657142857142,70.0,0.0,255.0,0.0
16.050000000000086,35.724612410475984,51.276479648639814,1300.0001618731767,0.00010017428570563425,-1.6354285662600887e-05,0.0,0.0,-1.1368683772161603e-12,0.0,293.16678571428486,70.0,0.0,255.0,0.0
16.100000000000087,35.72461806657112,51.27647865324615,1300.00016186852,0.00010017428570563425,-1.6354285776287725e-05,0.0,0.0,0.0,0.0,292.6764285714277,70.0,0.0,255.0,0.0
16.150000000000087,35.72462372140252,51.276477651064525,1300.0001618731767,0.00010017428570563425,-1.6354285662600887e-05,0.0,5.684341886080801e-13,0.0,0.0,292.1860714285706,70.0,0.0,255.0,0.0
16.200000000000088,35.72462937492288,51.27647664210844,1300.00016188249,0.00010017428576247767,-1.6354285776287725e-05,0.0,5.684341886080801e-13,-1.1368683772161603e-12,0.0,291.6957142857134,70.0,0.0,255.0,0.0
16.25000000000009,35.72463502708495,51.27647562639192,1300.0001618983224,0.00010017428576247767,-1.6354285776287725e-05,0.0,-5.684341886080801e-13,1.1368683772161603e-12,0.0,291.20535714285626,70.0,0.0,255.0,0.0
16.30000000000009,35.72464067784163,51.27647460392945,1300.0001619178802,0.00010017428570563425,-1.6354285662600887e-05,0.0,-5.684341886080801e-13,1.1368683772161603e-12,0.0,290.7149999999991,70.0,0.0,255.0,0.0
16.35000000000009,35.72464632714586,51.27647357473604,1300.0001619448885,0.00010017428570563425,-1.6354285662600887e-05,0.0,-5.684341886080801e-13,-1.1368683772161603e-12,0.0,290.224642857142,70.0,0.0,255.0,0.0
16.40000000000009,35.72465197495073,51.276472538827164,1300.0001619774848,0.00010017428564879083,-1.6354285776287725e-05,0.0,0.0,0.0,0.0,289.7342857142848,70.0,0.0,255.0,0.0
16.45000000000009,35.72465762120945,51.27647149621881,1300.000162015669,0.00010017428570563425,-1.6354285662600887e-05,0.0,5.684341886080801e-13,1.1368683772161603e-12,0.0,289.24392857142766,70.0,0.0,255.0,0.0
16.500000000000092,35.72466326587529,51.27647044692746,1300.0001620575786,0.00010017428570563425,-1.6354285662600887e-05,0.0,0.0,-1.1368683772161603e-12,0.0,288.7535714285705,70.0,0.0,255.0,0.0
16.550000000000093,35.7246689089017,51.27646939097005,1300.00016210787,0.00010017428570563425,-1.6354285776287725e-05,0.0,0.0,-1.1368683772161603e-12,0.0,288.2632142857134,70.0,0.0,255.0,0.0
16.600000000000094,35.7246745502422,51.27646832836405,1300.0001621637493,0.00010017428570563425,-1.6354285776287725e-05,0.0,5.684341886080801e-13,1.1368683772161603e-12,0.0,287.7728571428562,70.0,0.0,255.0,0.0
16.650000000000095,35.72468018985046,51.27646725912738,1300.000162223354,0.00010017428576247767,-1.6354285662600887e-05,0.0,5.684341886080801e-13,1.1368683772161603e-12,0.0,287.28249999999906,70.0,0.0,255.0,0.0
16.700000000000095,35.72468582768029,51.27646618327848,1300.0001622885466,0.00010017428576247767,-1.6354285662600887e-05,0.0,-5.684341886080801e-13,-1.1368683772161603e-12,0.0,286.7921428571419,70.0,0.0,255.0,0.0
16.750000000000096,35.72469146368557,51.276465100836255,1300.000162359327,0.00010017428570563425,-1.6354285776287725e-05,0.0,-5.684341886080801e-13,0.0,0.0,286.30178571428473,70.0,0.0,255.0,0.0
16.800000000000097,35.72469709782038,51.276464011820075,1300.0001624375582,0.00010017428570563425,-1.6354285662600887e-05,0.0,0.0,1.1368683772161603e-12,0.0,285.8114285714276,70.0,0.0,255.0,0.0
16.850000000000097,35.72470273003889,51.27646291624982,1300.0001625185832,0.00010017428570563425,-1.6354285662600887e-05,0.0,0.0,-1.1368683772161603e-12,0.0,285.32107142857046,70.0,0.0,255.0,0.0
16.900000000000098,35.72470836029548,51.27646181414585,1300.0001626051962,0.00010017428570563425,-1.6354285776287725e-05,0.0,0.0,-1.1368683772161603e-12,0.0,284.8307142857133,70.0,0.0,255.0,0.0
16.9500000000001,35.724713988544565,51.276460705528976,1300.0001626992598,0.00010017428570563425,-1.6354285776287725e-05,0.0,0.0,1.1368683772161603e-12,0.0,284.3403571428562,70.0,0.0,255.0,0.0
17.0000000000001,35.72471961474082,51.27645959042052,1300.0001627989113,0.00010017428570563425,-1.6354285662600887e-05,0.0,-5.684341886080801e-13,0.0,0.0,283.849999999999,70.0,0.0,255.0,0.0
17.0500000000001,35.72472523883896,51.276458468842264,1300.0001629032195,0.00010017428564879083,-1.6354285776287725e-05,0.0,5.684341886080801e-13,0.0,0.0,283.35964285714186,70.0,0.0,255.0,0.0
17.1000000000001,35.724730860793954,51.27645734081646,1300.0001630121842,0.00010017428576247767,-1.6354285662600887e-05,0.0,1.1368683772161603e-12,1.1368683772161603e-12,0.0,282.86928571428473,70.0,0.0,255.0,0.0
17.1500000000001,35.724736480560885,51.27645620636583,1300.0001631267369,0.00010017428576247767,-1.6354285662600887e-05,0.0,-5.684341886080801e-13,-1.1368683772161603e-12,0.0,282.37892857142754,70.0,0.0,255.0,0.0
17.200000000000102,35.72474209809497,51.27645506551357,1300.0001632459462,0.00010017428570563425,-1.6354285776287725e-05,0.0,-5.684341886080801e-13,-1.1368683772161603e-12,0.0,281.8885714285704,70.0,0.0,255.0,0.0
17.250000000000103,35.724747713351654,51.27645391828334,1300.0001633716747,0.00010017428570563425,-1.6354285776287725e-05,0.0,0.0,1.1368683772161603e-12,0.0,281.39821428571327,70.0,0.0,255.0,0.0
17.300000000000104,35.72475332628647,51.27645276469932,1300.0001635011286,0.00010017428570563425,-1.6354285662600887e-05,0.0,0.0,1.1368683772161603e-12,0.0,280.90785714285613,70.0,0.0,255.0,0.0
17.350000000000104,35.724758936855196,51.276451604786054,1300.000163638033,0.00010017428570563425,-1.6354285662600887e-05,0.0,0.0,-1.1368683772161603e-12,0.0,280.417499999999,70.0,0.0,255.0,0.0
17.400000000000105,35.72476454501372,51.276450438568645,1300.0001637758687,0.00010017428570563425,-1.6354285776287725e-05,0.0,0.0,0.0,0.0,279.9271428571418,70.0,0.0,255.0,0.0
17.450000000000106,35.72477015071815,51.27644926607259,1300.000163923949,0.00010017428570563425,-1.6354285662600887e-05,0.0,5.684341886080801e-13,1.1368683772161603e-12,0.0,279.43678571428467,70.0,0.0,255.0,0.0
17.500000000000107,35.72477575392476,51.27644808732389,1300.0001640729606,0.00010017428576247767,-1.6354285662600887e-05,0.0,5.684341886080801e-13,-1.1368683772161603e-12,0.0,278.94642857142753,70.0,0.0,255.0,0.0
17.550000000000107,35.72478135459001,51.276446902349,1300.0001642284915,0.00010017428576247767,-1.6354285776287725e-05,0.0,-1.1368683772161603e-12,-1.1368683772161603e-12,0.0,278.45607142857034,70.0,0.0,255.0,0.0
17.600000000000108,35.72478695267052,51.276445711174794,1300.0001643896103,0.00010017428564879083,-1.6354285776287725e-05,0.0,-5.684341886080801e-13,1.1368683772161603e-12,0.0,277.9657142857132,70.0,0.0,255.0,0.0
17.65000000000011,35.72479254812316,51.27644451382862,1300.0001645544544,0.00010017428570563425,-1.6354285662600887e-05,0.0,5.684341886080801e-13,1.1368683772161603e-12,0.0,277.47535714285607,70.0,0.0,255.0,0.0
17.70000000000011,35.72479814090493,51.27644331033831,1300.000164723955,0.00010017428570563425,-1.6354285662600887e-05,0.0,0.0,0.0,0.0,276.98499999999893,70.0,0.0,255.0,0.0
17.75000000000011,35.72480373097304,51.276442100732105,1300.0001648981124,0.00010017428570563425,-1.6354285662600887e-05,0.0,0.0,-1.1368683772161603e-12,0.0,276.4946428571418,70.0,0.0,255.0,0.0
17.80000000000011,35.72480931828494,51.27644088503872,1300.000165075995,0.00010017428570563425,-1.6354285776287725e-05,0.0,0.0,-1.1368683772161603e-12,0.0,276.0042857142846,70.0,0.0,255.0,0.0
17.85000000000011,35.72481490279823,51.276439663287285,1300.000165260397,0.00010017428570563425,-1.6354285776287725e-05,0.0,0.0,0.0,0.0,275.51392857142747,70.0,0.0,255.0,0.0
17.900000000000112,35.72482048447072,51.27643843550741,1300.0001654494554,0.00010017428570563425,-1.6354285776287725e-05,0.0,5.684341886080801e-13,1.1368683772161603e-12,0.0,275.02357142857034,70.0,0.0,255.0,0.0
17.950000000000113,35.72482606326048,51.27643720172911,1300.0001656422392,0.00010017428576247767,-1.6354285662600887e-05,0.0,5.684341886080801e-13,1.1368683772161603e-12,0.0,274.53321428571314,70.0,0.0,255.0,0.0
18.000000000000114,35.72483163912572,51.27643596198289,1300.0001658406109,0.00010017428576247767,-1.6354285662600887e-05,0.0,-5.684341886080801e-13,-1.1368683772161603e-12,0.0,274.042857142856,70.0,0.0,255.0,0.0
18.050000000000114,35.72483721202493,51.27643471629964,1300.0001660427079,0.00010017428570563425,-1.6354285776287725e-05,0.0,-5.684341886080801e-13,0.0,0.0,273.5524999999989,70.0,0.0,255.0,0.0
18.100000000000115,35.72484278191678,51.276433464710685,1300.0001662494615,0.00010017428570563425,-1.6354285662600887e-05,0.0,0.0,1.1368683772161603e-12,0.0,273.0621428571417,70.0,0.0,255.0,0.0
18.150000000000116,35.72484834876013,51.276432207247844,1300.000166459009,0.00010017428570563425,-1.6354285662600887e-05,0.0,0.0,-1.1368683772161603e-12,0.0,272.57178571428454,70.0,0.0,255.0,0.0
18.200000000000117,35.724853912514156,51.27643094394332,1300.0001666732132,0.00010017428570563425,-1.6354285776287725e-05,0.0,-5.684341886080801e-13,-1.1368683772161603e-12,0.0,272.0814285714274,70.0,0.0,255.0,0.0
18.250000000000117,35.72485947313815,51.276429674829714,1300.000166894868,0.00010017428564879083,-1.6354285776287725e-05,0.0,0.0,1.1368683772161603e-12,0.0,271.5910714285703,70.0,0.0,255.0,0.0
18.300000000000118,35.724865030591715,51.27642839994011,1300.0001671155915,0.00010017428570563425,-1.6354285662600887e-05,0.0,5.684341886080801e-13,1.1368683772161603e-12,0.0,271.10071428571314,70.0,0.0,255.0,0.0
18.35000000000012,35.72487058483468,51.276427119307996,1300.0001673437655,0.00010017428570563425,-1.6354285662600887e-05,0.0,5.684341886080801e-13,0.0,0.0,270.61035714285595,70.0,0.0,255.0,0.0
18.40000000000012,35.724876135827046,51.2764258329673,1300.0001675747335,0.00010017428576247767,-1.6354285662600887e-05,0.0,5.684341886080801e-13,-1.1368683772161603e-12,0.0,270.1199999999988,70.0,0.0,255.0,0.0
18.45000000000012,35.72488168352913,51.2764245409523,1300.0001678084955,0.00010017428576247767,-1.6354285776287725e-05,0.0,-5.684341886080801e-13,-1.1368683772161603e-12,0.0,269.6296428571417,70.0,0.0,255.0,0.0
18.50000000000012,35.724887227901405,51.27642324329776,1300.0001680478454,0.00010017428570563425,-1.6354285776287725e-05,0.0,-5.684341886080801e-13,1.1368683772161603e-12,0.0,269.1392857142845,70.0,0.0,255.0,0.0
18.55000000000012,35.72489276890469,51.276421940038816,1300.0001682918519,0.00010017428570563425,-1.6354285662600887e-05,0.0,0.0,1.1368683772161603e-12,0.0,268.64892857142735,70.0,0.0,255.0,0.0
18.600000000000122,35.72489830649999,51.276420631211074,1300.0001685367897,0.00010017428570563425,-1.6354285662600887e-05,0.0,0.0,-1.1368683772161603e-12,0.0,268.1585714285702,70.0,0.0,255.0,0.0
18.650000000000123,35.72490384064854,51.27641931685046,1300.0001687854528,0.00010017428570563425,-1.6354285776287725e-05,0.0,0.0,-1.1368683772161603e-12,0.0,267.6682142857131,70.0,0.0,255.0,0.0
18.700000000000124,35.72490937131185,51.276417996993366,1300.0001690378413,0.00010017428570563425,-1.6354285776287725e-05,0.0,0.0,1.1368683772161603e-12,0.0,267.17785714285594,70.0,0.0,255.0,0.0
18.750000000000124,35.72491489845172,51.27641667167656,1300.0001692958176,0.00010017428570563425,-1.6354285662600887e-05,0.0,5.684341886080801e-13,1.1368683772161603e-12,0.0,266.68749999999875,70.0,0.0,255.0,0.0
18.800000000000125,35.72492042203016,51.27641534093724,1300.000169556588,0.00010017428576247767,-1.6354285662600887e-05,0.0,5.684341886080801e-13,-1.1368683772161603e-12,0.0,266.1971428571416,70.0,0.0,255.0,0.0
18.850000000000126,35.72492594200947,51.27641400481298,1300.0001698182896,0.00010017428576247767,-1.6354285776287725e-05,0.0,-1.1368683772161603e-12,-1.1368683772161603e-12,0.0,265.7067857142845,70.0,0.0,255.0,0.0
18.900000000000126,35.72493145835219,51.27641266334173,1300.0001700865105,0.00010017428564879083,-1.6354285776287725e-05,0.0,-5.684341886080801e-13,1.1368683772161603e-12,0.0,265.2164285714273,70.0,0.0,255.0,0.0
18.950000000000127,35.72493697102115,51.27641131656186,1300.0001703556627,0.00010017428570563425,-1.6354285662600887e-05,0.0,5.684341886080801e-13,1.1368683772161603e-12,0.0,264.72607142857015,70.0,0.0,255.0,0.0
19.000000000000128,35.724942479979426,51.27640996451213,1300.0001706285402,0.00010017428570563425,-1.6354285662600887e-05,0.0,0.0,0.0,0.0,264.235714285713,70.0,0.0,255.0,0.0
19.05000000000013,35.72494798519038,51.27640860723169,1300.0001709042117,0.00010017428570563425,-1.6354285662600887e-05,0.0,0.0,-1.1368683772161603e-12,0.0,263.7453571428559,70.0,0.0,255.0,0.0
19.10000000000013,35.724953486617665,51.27640724476002,1300.0001711826771,0.00010017428570563425,-1.6354285776287725e-05,0.0,0.0,-1.1368683772161603e-12,0.0,263.25499999999874,70.0,0.0,255.0,0.0
19.15000000000013,35.72495898422517,51.27640587713705,1300.0001714639366,0.00010017428570563425,-1.6354285776287725e-05,0.0,0.0,1.1368683772161603e-12,0.0,262.76464285714155,70.0,0.0,255.0,0.0
19.20000000000013,35.72496447797708,51.27640450440304,1300.0001717489213,0.00010017428570563425,-1.6354285662600887e-05,0.0,5.684341886080801e-13,1.1368683772161603e-12,0.0,262.2742857142844,70.0,0.0,255.0,0.0
19.25000000000013,35.724969967837886,51.27640312659867,1300.0001720357686,0.00010017428576247767,-1.6354285662600887e-05,0.0,5.684341886080801e-13,-1.1368683772161603e-12,0.0,261.7839285714273,70.0,0.0,255.0,0.0
19.300000000000132,35.72497545377235,51.276401743764936,1300.0001723244786,0.00010017428576247767,-1.6354285776287725e-05,0.0,-5.684341886080801e-13,-1.1368683772161603e-12,0.0,261.2935714285701,70.0,0.0,255.0,0.0
19.350000000000133,35.724980935745506,51.27640035594323,1300.000172616914,0.00010017428570563425,-1.6354285776287725e-05,0.0,-5.684341886080801e-13,1.1368683772161603e-12,0.0,260.80321428571295,70.0,0.0,255.0,0.0
19.400000000000134,35.72498641372271,51.276398963175325,1300.0001729102805,0.00010017428570563425,-1.6354285662600887e-05,0.0,0.0,1.1368683772161603e-12,0.0,260.3128571428558,70.0,0.0,255.0,0.0
19.450000000000134,35.724991887669546,51.27639756550334,1300.0001732073724,0.00010017428570563425,-1.6354285662600887e-05,0.0,0.0,-1.1368683772161603e-12,0.0,259.8224999999987,70.0,0.0,255.0,0.0
19.500000000000135,35.724997357551985,51.276396162969725,1300.0001735072583,0.00010017428570563425,-1.6354285776287725e-05,0.0,-5.684341886080801e-13,-1.1368683772161603e-12,0.0,259.33214285714155,70.0,0.0,255.0,0.0
19.550000000000136,35.72500282333622,51.27639475561733,1300.0001738080755,0.00010017428564879083,-1.6354285776287725e-05,0.0,0.0,1.1368683772161603e-12,0.0,258.84178571428436,70.0,0.0,255.0,0.0
19.600000000000136,35.725008284988775,51.276393343489374,1300.0001741107553,0.00010017428570563425,-1.6354285662600887e-05,0.0,5.684341886080801e-13,1.1368683772161603e-12,0.0,258.3514285714272,70.0,0.0,255.0,0.0
19.650000000000137,35.72501374247651,51.27639192662935,1300.0001744152978,0.00010017428570563425,-1.6354285662600887e-05,0.0,5.684341886080801e-13,0.0,0.0,257.8610714285701,70.0,0.0,255.0,0.0
19.700000000000138,35.72501919576649,51.27639050508117,1300.0001747226343,0.00010017428576247767,-1.6354285662600887e-05,0.0,5.684341886080801e-13,-1.1368683772161603e-12,0.0,257.3707142857129,70.0,0.0,255.0,0.0
19.75000000000014,35.72502464482623,51.276389078889046,1300.0001750318334,0.00010017428576247767,-1.6354285776287725e-05,0.0,-5.684341886080801e-13,-1.1368683772161603e-12,0.0,256.88035714285576,70.0,0.0,255.0,0.0
19.80000000000014,35.7250300896234,51.27638764809755,1300.0001753401011,0.00010017428570563425,-1.6354285776287725e-05,0.0,-5.684341886080801e-13,1.1368683772161603e-12,0.0,256.3899999999986,70.0,0.0,255.0,0.0
19.85000000000014,35.725035530126114,51.276386212751575,1300.0001756520942,0.00010017428570563425,-1.6354285662600887e-05,0.0,0.0,1.1368683772161603e-12,0.0,255.8996428571415,70.0,0.0,255.0,0.0
19.90000000000014,35.72504096630272,51.276384772896385,1300.0001759650186,0.00010017428570563425,-1.6354285662600887e-05,0.0,0.0,-1.1368683772161603e-12,0.0,255.40928571428432,70.0,0.0,255.0,0.0
19.95000000000014,35.72504639812192,51.27638332857752,1300.0001762798056,0.00010017428570563425,-1.6354285776287725e-05,0.0,0.0,-1.1368683772161603e-12,0.0,254.91892857142716,70.0,0.0,255.0,0.0
20.000000000000142,35.72505182555271,51.2763818798409,1300.000176595524,0.00010017428570563425,-1.6354285776287725e-05,0.0,0.0,1.1368683772161603e-12,0.0,254.42857142857002,70.0,0.0,255.0,0.0
20.050000000000143,35.72505724856444,51.27638042673273,1300.000176913105,0.00010017428570563425,-1.6354285662600887e-05,0.0,5.684341886080801e-13,1.1368683772161603e-12,0.0,253.9382142857129,70.0,0.0,255.0,0.0
20.100000000000144,35.72506266712674,51.27637896929955,1300.000177230686,0.00010017428576247767,-1.6354285662600887e-05,0.0,5.684341886080801e-13,-1.1368683772161603e-12,0.0,253.44785714285572,70.0,0.0,255.0,0.0
20.150000000000144,35.72506808120962,51.27637750758821,1300.000177548267,0.00010017428576247767,-1.6354285776287725e-05,0.0,-1.1368683772161603e-12,-1.1368683772161603e-12,0.0,252.95749999999856,70.0,0.0,255.0,0.0
20.200000000000145,35.725073490783366,51.276376041645904,1300.000177868642,0.00010017428564879083,-1.6354285776287725e-05,0.0,-5.684341886080801e-13,1.1368683772161603e-12,0.0,252.46714285714143,70.0,0.0,255.0,0.0
20.250000000000146,35.72507889581862,51.27637457152007,1300.0001781890169,0.00010017428570563425,-1.6354285662600887e-05,0.0,5.684341886080801e-13,1.1368683772161603e-12,0.0,251.9767857142843,70.0,0.0,255.0,0.0
20.300000000000146,35.72508429628636,51.276373097258535,1300.0001785093918,0.00010017428570563425,-1.6354285662600887e-05,0.0,0.0,0.0,0.0,251.48642857142713,70.0,0.0,255.0,0.0
20.350000000000147,35.725089692157894,51.27637161890935,1300.0001788325608,0.00010017428570563425,-1.6354285662600887e-05,0.0,0.0,-1.1368683772161603e-12,0.0,250.99607142856996,70.0,0.0,255.0,0.0
20.400000000000148,35.72509508340485,51.27637013652093,1300.0001791547984,0.00010017428570563425,-1.6354285776287725e-05,0.0,0.0,-1.1368683772161603e-12,0.0,250.50571428571283,70.0,0.0,255.0,0.0
20.45000000000015,35.725100469999234,51.276368650141954,1300.000179477036,0.00010017428570563425,-1.6354285776287725e-05,0.0,0.0,1.1368683772161603e-12,0.0,250.01535714285566,70.0,0.0,255.0,0.0
20.50000000000015,35.72510585191336,51.27636715982138,1300.0001797983423,0.00010017428570563425,-1.6354285662600887e-05,0.0,5.684341886080801e-13,1.1368683772161603e-12,0.0,249.5249999999985,70.0,0.0,255.0,0.0
20.55000000000015,35.72511122911987,51.27636566560851,1300.0001801233739,0.00010017428576247767,-1.6354285662600887e-05,0.0,5.684341886080801e-13,-1.1368683772161603e-12,0.0,249.03464285714136,70.0,0.0,255.0,0.0
20.60000000000015,35.72511660159179,51.27636416755285,1300.0001804446802,0.00010017428576247767,-1.6354285776287725e-05,0.0,-5.684341886080801e-13,-1.1368683772161603e-12,0.0,248.54428571428423,70.0,0.0,255.0,0.0
20.65000000000015,35.725121969302485,51.27636266570426,1300.000180767849,0.00010017428570563425,-1.6354285776287725e-05,0.0,-5.684341886080801e-13,1.1368683772161603e-12,0.0,248.05392857142706,70.0,0.0,255.0,0.0
20.700000000000152,35.72512733222566,51.27636116011283,1300.0001810900867,0.00010017428570563425,-1.6354285662600887e-05,0.0,0.0,1.1368683772161603e-12,0.0,247.5635714285699,70.0,0.0,255.0,0.0
20.750000000000153,35.72513269033535,51.276359650828965,1300.0001814123243,0.00010017428570563425,-1.6354285662600887e-05,0.0,0.0,-1.1368683772161603e-12,0.0,247.07321428571277,70.0,0.0,255.0,0.0
20.800000000000153,35.72513804360598,51.27635813790331,1300.0001817336306,0.00010017428570563425,-1.6354285776287725e-05,0.0,-5.684341886080801e-13,-1.1368683772161603e-12,0.0,246.58285714285563,70.0,0.0,255.0,0.0
20.850000000000154,35.72514339201231,51.276356621386775,1300.0001820540056,0.00010017428564879083,-1.6354285776287725e-05,0.0,0.0,1.1368683772161603e-12,0.0,246.09249999999847,70.0,0.0,255.0,0.0
20.900000000000155,35.72514873552946,51.27635510133056,1300.0001823753119,0.00010017428570563425,-1.6354285662600887e-05,0.0,5.684341886080801e-13,1.1368683772161603e-12,0.0,245.6021428571413,70.0,0.0,255.0,0.0
20.950000000000156,35.7251540741329,51.276353577786075,1300.0001826966181,0.00010017428570563425,-1.6354285662600887e-05,0.0,5.684341886080801e-13,0.0,0.0,245.11178571428417,70.0,0.0,255.0,0.0
21.000000000000156,35.72515940779848,51.27635205080505,1300.0001830141991,0.00010017428576247767,-1.6354285662600887e-05,0.0,5.684341886080801e-13,-1.1368683772161603e-12,0.0,244.62142857142703,70.0,0.0,255.0,0.0
21.050000000000157,35.7251647365024,51.27635052043944,1300.0001833336428,0.00010017428576247767,-1.6354285776287725e-05,0.0,-5.684341886080801e-13,-1.1368683772161603e-12,0.0,244.13107142856987,70.0,0.0,255.0,0.0
21.100000000000158,35.72517006022119,51.27634898674143,1300.0001836484298,0.00010017428570563425,-1.6354285776287725e-05,0.0,-5.684341886080801e-13,1.1368683772161603e-12,0.0,243.6407142857127,70.0,0.0,255.0,0.0
21.15000000000016,35.72517537893183,51.27634744976345,1300.0001839650795,0.00010017428570563425,-1.6354285662600887e-05,0.0,0.0,1.1368683772161603e-12,0.0,243.15035714285557,70.0,0.0,255.0,0.0
21.20000000000016,35.72518069261156,51.2763459095582,1300.0001842798665,0.00010017428570563425,-1.6354285662600887e-05,0.0,0.0,-1.1368683772161603e-12,0.0,242.65999999999843,70.0,0.0,255.0,0.0
21.25000000000016,35.72518600123809,51.276344366178584,1300.0001845946535,0.00010017428570563425,-1.6354285776287725e-05,0.0,0.0,0.0,0.0,242.16964285714127,70.0,0.0,255.0,0.0
21.30000000000016,35.72519130478943,51.276342819677765,1300.0001849057153,0.00010017428570563425,-1.6354285662600887e-05,0.0,0.0,1.1368683772161603e-12,0.0,241.6792857142841,70.0,0.0,255.0,0.0
21.35000000000016,35.725196603243994,51.27634127010913,1300.000185213983,0.00010017428570563425,-1.6354285662600887e-05,0.0,5.684341886080801e-13,-1.1368683772161603e-12,0.0,241.18892857142697,70.0,0.0,255.0,0.0
21.400000000000162,35.72520189658053,51.27633971752626,1300.0001855222508,0.00010017428576247767,-1.6354285776287725e-05,0.0,5.684341886080801e-13,-1.1368683772161603e-12,0.0,240.69857142856984,70.0,0.0,255.0,0.0
21.450000000000163,35.725207184778235,51.27633816198299,1300.0001858267933,0.00010017428576247767,-1.6354285776287725e-05,0.0,-1.1368683772161603e-12,0.0,0.0,240.20821428571267,70.0,0.0,255.0,0.0
21.500000000000163,35.72521246781658,51.27633660353337,1300.0001861331984,0.00010017428564879083,-1.6354285776287725e-05,0.0,-5.684341886080801e-13,1.1368683772161603e-12,0.0,239.7178571428555,70.0,0.0,255.0,0.0
21.550000000000164,35.72521774567554,51.276335042231636,1300.0001864340156,0.00010017428570563425,-1.6354285662600887e-05,0.0,5.684341886080801e-13,1.1368683772161603e-12,0.0,239.22749999999837,70.0,0.0,255.0,0.0
21.600000000000165,35.72522301833537,51.27633347813229,1300.0001867357641,0.00010017428570563425,-1.6354285662600887e-05,0.0,0.0,0.0,0.0,238.73714285714124,70.0,0.0,255.0,0.0
21.650000000000166,35.72522828577673,51.276331911289965,1300.0001870319247,0.00010017428570563425,-1.6354285662600887e-05,0.0,0.0,-1.1368683772161603e-12,0.0,238.24678571428407,70.0,0.0,255.0,0.0
21.700000000000166,35.72523354798068,51.27633034175954,1300.0001873262227,0.00010017428570563425,-1.6354285776287725e-05,0.0,0.0,-1.1368683772161603e-12,0.0,237.7564285714269,70.0,0.0,255.0,0.0
21.750000000000167,35.72523880492864,51.276328769596084,1300.0001876195893,0.00010017428570563425,-1.6354285776287725e-05,0.0,0.0,1.1368683772161603e-12,0.0,237.26607142856977,70.0,0.0,255.0,0.0
21.800000000000168,35.725244056602456,51.276327194854844,1300.0001879092306,0.00010017428570563425,-1.6354285662600887e-05,0.0,5.684341886080801e-13,1.1368683772161603e-12,0.0,236.77571428571264,70.0,0.0,255.0,0.0
21.85000000000017,35.725249302984295,51.27632561759129,1300.0001881942153,0.00010017428576247767,-1.6354285662600887e-05,0.0,5.684341886080801e-13,-1.1368683772161603e-12,0.0,236.28535714285547,70.0,0.0,255.0,0.0
21.90000000000017,35.72525454405679,51.27632403786105,1300.0001884782687,0.00010017428576247767,-1.6354285776287725e-05,0.0,-5.684341886080801e-13,0.0,0.0,235.7949999999983,70.0,0.0,255.0,0.0
21.95000000000017,35.72525977980288,51.27632245571993,1300.000188759528,0.00010017428570563425,-1.6354285662600887e-05,0.0,-5.684341886080801e-13,1.1368683772161603e-12,0.0,235.30464285714118,70.0,0.0,255.0,0.0
22.00000000000017,35.72526501020596,51.27632087122392,1300.0001890379936,0.00010017428570563425,-1.6354285662600887e-05,0.0,-5.684341886080801e-13,-1.1368683772161603e-12,0.0,234.81428571428404,70.0,0.0,255.0,0.0
22.05000000000017,35.725270235249795,51.276319284429185,1300.0001893118024,0.00010017428564879083,-1.6354285776287725e-05,0.0,0.0,-1.1368683772161603e-12,0.0,234.32392857142688,70.0,0.0,255.0,0.0
22.100000000000172,35.725275454918524,51.27631769539205,1300.0001895837486,0.00010017428570563425,-1.6354285776287725e-05,0.0,5.684341886080801e-13,1.1368683772161603e-12,0.0,233.8335714285697,70.0,0.0,255.0,0.0
22.150000000000173,35.72528066919673,51.27631610416902,1300.0001898491755,0.00010017428570563425,-1.6354285662600887e-05,0.0,0.0,1.1368683772161603e-12,0.0,233.34321428571258,70.0,0.0,255.0,0.0
22.200000000000173,35.725285878069315,51.27631451081676,1300.0001901136711,0.00010017428570563425,-1.6354285662600887e-05,0.0,0.0,-1.1368683772161603e-12,0.0,232.85285714285544,70.0,0.0,255.0,0.0
22.250000000000174,35.72529108152163,51.27631291539206,1300.0001903735101,0.00010017428570563425,-1.6354285776287725e-05,0.0,5.684341886080801e-13,0.0,0.0,232.36249999999828,70.0,0.0,255.0,0.0
22.300000000000175,35.72529627953943,51.27631131795189,1300.0001906296238,0.00010017428576247767,-1.6354285662600887e-05,0.0,5.684341886080801e-13,0.0,0.0,231.8721428571411,70.0,0.0,255.0,0.0
22.350000000000176,35.725301472108825,51.276309718553364,1300.000190881081,0.00010017428576247767,-1.6354285776287725e-05,0.0,-5.684341886080801e-13,-1.1368683772161603e-12,0.0,231.38178571428398,70.0,0.0,255.0,0.0
22.400000000000176,35.72530665921636,51.276308117253734,1300.0001911278814,0.00010017428570563425,-1.6354285776287725e-05,0.0,-5.684341886080801e-13,1.1368683772161603e-12,0.0,230.89142857142684,70.0,0.0,255.0,0.0
22.450000000000177,35.72531184084896,51.2763065141104,1300.0001913728192,0.00010017428570563425,-1.6354285662600887e-05,0.0,0.0,1.1368683772161603e-12,0.0,230.40107142856968,70.0,0.0,255.0,0.0
22.500000000000178,35.72531701699397,51.27630490918089,1300.0001916131005,0.00010017428570563425,-1.6354285662600887e-05,0.0,0.0,-1.1368683772161603e-12,0.0,229.91071428571252,70.0,0.0,255.0,0.0
22.55000000000018,35.725322187639144,51.27630330252285,1300.0001918468624,0.00010017428570563425,-1.6354285776287725e-05,0.0,0.0,0.0,0.0,229.42035714285538,70.0,0.0,255.0,0.0
22.60000000000018,35.72532735277259,51.27630169419407,1300.000192076899,0.00010017428570563425,-1.6354285662600887e-05,0.0,0.0,1.1368683772161603e-12,0.0,228.92999999999824,70.0,0.0,255.0,0.0
22.65000000000018,35.72533251238286,51.276300084252476,1300.0001923013479,0.00010017428570563425,-1.6354285662600887e-05,0.0,-5.684341886080801e-13,-1.1368683772161603e-12,0.0,228.43964285714108,70.0,0.0,255.0,0.0
22.70000000000018,35.7253376664589,51.27629847275608,1300.0001925230026,0.00010017428564879083,-1.6354285776287725e-05,0.0,5.684341886080801e-13,-1.1368683772161603e-12,0.0,227.94928571428392,70.0,0.0,255.0,0.0
22.75000000000018,35.72534281499007,51.27629685976302,1300.0001927372068,0.00010017428576247767,-1.6354285776287725e-05,0.0,1.1368683772161603e-12,1.1368683772161603e-12,0.0,227.45892857142678,70.0,0.0,255.0,0.0
22.800000000000182,35.72534795796613,51.276295245331546,1300.0001929476857,0.00010017428576247767,-1.6354285662600887e-05,0.0,-5.684341886080801e-13,1.1368683772161603e-12,0.0,226.96857142856962,70.0,0.0,255.0,0.0
22.850000000000183,35.72535309537724,51.27629362952004,1300.000193153508,0.00010017428570563425,-1.6354285662600887e-05,0.0,-5.684341886080801e-13,-1.1368683772161603e-12,0.0,226.47821428571245,70.0,0.0,255.0,0.0
22.900000000000183,35.725358227213974,51.276292012386925,1300.000193352811,0.00010017428570563425,-1.6354285776287725e-05,0.0,0.0,0.0,0.0,225.98785714285532,70.0,0.0,255.0,0.0
22.950000000000184,35.72536335346732,51.27629039399076,1300.0001935465261,0.00010017428570563425,-1.6354285662600887e-05,0.0,0.0,1.1368683772161603e-12,0.0,225.49749999999818,70.0,0.0,255.0,0.0
23.000000000000185,35.72536847412866,51.2762887743902,1300.0001937355846,0.00010017428570563425,-1.6354285662600887e-05,0.0,0.0,-1.1368683772161603e-12,0.0,225.00714285714102,70.0,0.0,255.0,0.0
23.050000000000185,35.72537358918979,51.276287153643985,1300.0001939190552,0.00010017428570563425,-1.6354285776287725e-05,0.0,0.0,-1.1368683772161603e-12,0.0,224.51678571428386,70.0,0.0,255.0,0.0
23.100000000000186,35.725378698642956,51.27628553181092,1300.0001940950751,0.00010017428570563425,-1.6354285776287725e-05,0.0,5.684341886080801e-13,1.1368683772161603e-12,0.0,224.02642857142672,70.0,0.0,255.0,0.0
23.150000000000187,35.72538380248073,51.27628390894992,1300.0001942655072,0.00010017428576247767,-1.6354285662600887e-05,0.0,5.684341886080801e-13,0.0,0.0,223.53607142856958,70.0,0.0,255.0,0.0
23.200000000000188,35.725388900696174,51.276282285119926,1300.000194432214,0.00010017428576247767,-1.6354285776287725e-05,0.0,-5.684341886080801e-13,0.0,0.0,223.04571428571242,70.0,0.0,255.0,0.0
23.25000000000019,35.72539399328272,51.27628066038,1300.0001945896074,0.00010017428570563425,-1.6354285662600887e-05,0.0,-5.684341886080801e-13,1.1368683772161603e-12,0.0,222.55535714285529,70.0,0.0,255.0,0.0
23.30000000000019,35.72539908023424,51.27627903478928,1300.000194744207,0.00010017428570563425,-1.6354285662600887e-05,0.0,-5.684341886080801e-13,-1.1368683772161603e-12,0.0,222.06499999999812,70.0,0.0,255.0,0.0
23.35000000000019,35.72540416154499,51.2762774084069,1300.000194888562,0.00010017428564879083,-1.6354285776287725e-05,0.0,0.0,-1.1368683772161603e-12,0.0,221.574642857141,70.0,0.0,255.0,0.0
23.40000000000019,35.72540923720966,51.27627578129209,1300.0001950282604,0.00010017428570563425,-1.6354285776287725e-05,0.0,5.684341886080801e-13,1.1368683772161603e-12,0.0,221.08428571428382,70.0,0.0,255.0,0.0
23.45000000000019,35.72541430722334,51.27627415350416,1300.0001951614395,0.00010017428570563425,-1.6354285662600887e-05,0.0,0.0,1.1368683772161603e-12,0.0,220.5939285714267,70.0,0.0,255.0,0.0
23.500000000000192,35.72541937158154,51.27627252510245,1300.0001952880993,0.00010017428570563425,-1.6354285662600887e-05,0.0,0.0,-1.1368683772161603e-12,0.0,220.10357142856952,70.0,0.0,255.0,0.0
23.550000000000193,35.7254244302802,51.2762708961463,1300.00019540824,0.00010017428570563425,-1.6354285776287725e-05,0.0,5.684341886080801e-13,0.0,0.0,219.6132142857124,70.0,0.0,255.0,0.0
23.600000000000193,35.72542948331564,51.27626926669515,1300.000195518136,0.00010017428576247767,-1.6354285662600887e-05,0.0,5.684341886080801e-13,1.1368683772161603e-12,0.0,219.12285714285522,70.0,0.0,255.0,0.0
23.650000000000194,35.725434530684595,51.27626763680846,1300.0001956252381,0.00010017428576247767,-1.6354285662600887e-05,0.0,-5.684341886080801e-13,-1.1368683772161603e-12,0.0,218.6324999999981,70.0,0.0,255.0,0.0
23.700000000000195,35.7254395723843,51.27626600654573,1300.000195723027,0.00010017428570563425,-1.6354285776287725e-05,0.0,-5.684341886080801e-13,-1.1368683772161603e-12,0.0,218.14214285714093,70.0,0.0,255.0,0.0
23.750000000000195,35.72544460841228,51.27626437596645,1300.0001958142966,0.00010017428570563425,-1.6354285776287725e-05,0.0,0.0,1.1368683772161603e-12,0.0,217.6517857142838,70.0,0.0,255.0,0.0
23.800000000000196,35.72544963876655,51.27626274513017,1300.000195896253,0.00010017428570563425,-1.6354285662600887e-05,0.0,0.0,1.1368683772161603e-12,0.0,217.16142857142663,70.0,0.0,255.0,0.0
23.850000000000197,35.72545466344553,51.276261114096435,1300.0001959726214,0.00010017428570563425,-1.6354285662600887e-05,0.0,0.0,0.0,0.0,216.6710714285695,70.0,0.0,255.0,0.0
23.900000000000198,35.72545968244804,51.276259482924836,1300.0001960387453,0.00010017428570563425,-1.6354285662600887e-05,0.0,0.0,-1.1368683772161603e-12,0.0,216.18071428571233,70.0,0.0,255.0,0.0
23.9500000000002,35.72546469577336,51.27625785167494,1300.00019609835,0.00010017428570563425,-1.6354285776287725e-05,0.0,-0.001001742857062307,0.00016354285662698265,0.0,215.69035714285516,70.0,0.0,255.0,0.0
24.0,35.72546970342109,51.276256220406346,1300.000196150504,0.0,0.0,0.0,14290.155594360873,20510.501597477858,519999.99999584694,215.2,70.0,0.0,255.0,0.0
24.0000000000002,35.72546970342109,51.276256220406346,1300.000196150504,2.8430545501386216e-09,4.080604616743707e-09,1.0345502232625599e-07,14290.155594360873,20510.501597477858,519999.99999584694,215.2000000000011,70.0,0.0,255.0,0.0
24.0500000000002,35.7254665009152,51.27625390182095,1300.0001960741356,-6.407624999837935e-05,-5.5717916666253586e-05,0.0,-0.0006407909305292858,-0.0005572199727086953,-1.0345502232625452e-06,215.4816666666678,70.0,0.0,255.0,0.0
24.1000000000002,35.725463296536034,51.27625158323773,1300.0001959893852,-6.407624999837935e-05,-5.5717916666253586e-05,0.0,0.0,0.0,0.0,215.76333333333446,70.0,0.0,255.0,0.0
24.1500000000002,35.72546009028359,51.27624926464543,1300.0001958999783,-6.407624999837935e-05,-5.5717916666253586e-05,0.0,0.0,0.0,0.0,216.04500000000112,70.0,0.0,255.0,0.0
24.200000000000202,35.72545688215792,51.27624694603272,1300.000195801258,-6.407624999837935e-05,-5.5717916666253586e-05,0.0,5.684341886080801e-13,0.0,0.0,216.3266666666678,70.0,0.0,255.0,0.0
24.250000000000203,35.72545367215915,51.27624462738834,1300.0001956988126,-6.407624994153593e-05,-5.5717916666253586e-05,0.0,0.0,0.0,0.0,216.60833333333446,70.0,0.0,255.0,0.0
24.300000000000203,35.725450460287426,51.276242308700965,1300.000195587054,-6.407624999837935e-05,-5.5717916666253586e-05,0.0,-5.684341886080801e-13,0.0,0.0,216.89000000000112,70.0,0.0,255.0,0.0
24.350000000000204,35.72544724654293,51.27623998995933,1300.00019547157,-6.407624999837935e-05,-5.5717916666253586e-05,0.0,-5.684341886080801e-13,0.0,0.0,217.17166666666782,70.0,0.0,255.0,0.0
24.400000000000205,35.7254440309259,51.276237671152124,1300.0001953495666,-6.407625005522277e-05,-5.5717916666253586e-05,0.0,-5.684341886080801e-13,0.0,0.0,217.45333333333448,70.0,0.0,255.0,0.0
24.450000000000205,35.725440813436634,51.276235352268074,1300.0001952219754,-6.407625005522277e-05,-5.5717916666253586e-05,0.0,5.684341886080801e-13,0.0,0.0,217.73500000000115,70.0,0.0,255.0,0.0
24.500000000000206,35.725437594075444,51.276233033295895,1300.0001950832084,-6.407624999837935e-05,-5.5717916666253586e-05,0.0,5.684341886080801e-13,0.0,0.0,218.01666666666782,70.0,0.0,255.0,0.0
24.550000000000207,35.72543437284275,51.276230714224305,1300.0001949425787,-6.407624999837935e-05,-5.5717916666253586e-05,0.0,5.684341886080801e-13,0.0,0.0,218.29833333333448,70.0,0.0,255.0,0.0
24.600000000000207,35.72543114973892,51.276228395042,1300.0001947954297,-6.407624994153593e-05,-5.5717916666253586e-05,0.0,0.0,0.0,0.0,218.58000000000115,70.0,0.0,255.0,0.0
24.650000000000208,35.725427924764446,51.27622607573772,1300.0001946417615,-6.407624999837935e-05,-5.5717916666253586e-05,0.0,-5.684341886080801e-13,0.0,0.0,218.86166666666782,70.0,0.0,255.0,0.0
24.70000000000021,35.72542469791984,51.27622375630019,1300.00019447878,-6.407624999837935e-05,-5.5717916666253586e-05,0.0,0.0,0.0,0.0,219.1433333333345,70.0,0.0,255.0,0.0
24.75000000000021,35.725421469205656,51.27622143671814,1300.000194313936,-6.407624999837935e-05,-5.5717916666253586e-05,0.0,0.0,0.0,0.0,219.42500000000118,70.0,0.0,255.0,0.0
24.80000000000021,35.725418238622495,51.27621911698028,1300.0001941397786,-6.407624999837935e-05,-5.5717916666253586e-05,0.0,5.684341886080801e-13,0.0,0.0,219.70666666666784,70.0,0.0,255.0,0.0
24.85000000000021,35.725415006171005,51.27621679707536,1300.0001939609647,-6.407624994153593e-05,-5.5717916666253586e-05,0.0,-5.684341886080801e-13,0.0,0.0,219.9883333333345,70.0,0.0,255.0,0.0
24.90000000000021,35.72541177185186,51.27621447699212,1300.0001937765628,-6.407625005522277e-05,-5.5717916666253586e-05,0.0,-1.1368683772161603e-12,0.0,0.0,220.27000000000118,70.0,0.0,255.0,0.0
24.950000000000212,35.72540853566582,51.27621215671929,1300.0001935847104,-6.407625005522277e-05,-5.5717916666253586e-05,0.0,5.684341886080801e-13,0.0,0.0,220.55166666666784,70.0,0.0,255.0,0.0
25.000000000000213,35.725405297613676,51.27620983624564,1300.0001933882013,-6.407624999837935e-05,-5.5717916666253586e-05,0.0,5.684341886080801e-13,0.0,0.0,220.8333333333345,70.0,0.0,255.0,0.0
25.050000000000214,35.72540205769623,51.276207515559896,1300.000193185173,-6.407624999837935e-05,-5.5717916666253586e-05,0.0,5.684341886080801e-13,0.0,0.0,221.1150000000012,70.0,0.0,255.0,0.0
25.100000000000215,35.72539881591437,51.27620519465084,1300.0001929756254,-6.407624994153593e-05,-5.5717916666253586e-05,0.0,0.0,0.0,0.0,221.39666666666787,70.0,0.0,255.0,0.0
25.150000000000215,35.72539557226901,51.276202873507216,1300.0001927604899,-6.407624999837935e-05,-5.5717916666253586e-05,0.0,-5.684341886080801e-13,0.0,0.0,221.67833333333454,70.0,0.0,255.0,0.0
25.200000000000216,35.7253923267611,51.27620055211779,1300.000192538835,-6.407624999837935e-05,-5.5717916666253586e-05,0.0,0.0,0.0,0.0,221.9600000000012,70.0,0.0,255.0,0.0
25.250000000000217,35.725389079391675,51.276198230471365,1300.000192313455,-6.407624999837935e-05,-5.5717916666253586e-05,0.0,0.0,0.0,0.0,222.24166666666787,70.0,0.0,255.0,0.0
25.300000000000217,35.725385830161756,51.276195908556694,1300.000192079693,-6.407624999837935e-05,-5.5717916666253586e-05,0.0,-5.684341886080801e-13,0.0,0.0,222.52333333333453,70.0,0.0,255.0,0.0
25.350000000000218,35.72538257907246,51.27619358636257,1300.0001918422058,-6.407625005522277e-05,-5.5717916666253586e-05,0.0,-5.684341886080801e-13,0.0,0.0,222.80500000000123,70.0,0.0,255.0,0.0
25.40000000000022,35.72537932612493,51.27619126387778,1300.000191597268,-6.407625005522277e-05,-5.5717916666253586e-05,0.0,1.1368683772161603e-12,0.0,0.0,223.0866666666679,70.0,0.0,255.0,0.0
25.45000000000022,35.72537607132035,51.27618894109114,1300.0001913448796,-6.407624994153593e-05,-5.5717916666253586e-05,0.0,5.684341886080801e-13,0.0,0.0,223.36833333333456,70.0,0.0,255.0,0.0
25.50000000000022,35.72537281465995,51.276186617991456,1300.0001910915598,-6.407624999837935e-05,-5.5717916666253586e-05,0.0,-5.684341886080801e-13,0.0,0.0,223.65000000000123,70.0,0.0,255.0,0.0
25.55000000000022,35.725369556145004,51.27618429456754,1300.0001908279955,-6.407624999837935e-05,-5.5717916666253586e-05,0.0,0.0,0.0,0.0,223.9316666666679,70.0,0.0,255.0,0.0
25.60000000000022,35.725366295776844,51.2761819708082,1300.000190560706,-6.407624999837935e-05,-5.5717916666253586e-05,0.0,0.0,0.0,0.0,224.21333333333456,70.0,0.0,255.0,0.0
25.650000000000222,35.725363033556825,51.27617964670231,1300.0001902887598,-6.407624999837935e-05,-5.5717916666253586e-05,0.0,5.684341886080801e-13,0.0,0.0,224.49500000000126,70.0,0.0,255.0,0.0
25.700000000000223,35.725359769486374,51.276177322238645,1300.000190009363,-6.407624994153593e-05,-5.5717916666253586e-05,0.0,0.0,0.0,0.0,224.77666666666792,70.0,0.0,255.0,0.0
25.750000000000224,35.72535650356694,51.27617499740612,1300.0001897243783,-6.407624999837935e-05,-5.5717916666253586e-05,0.0,-5.684341886080801e-13,0.0,0.0,225.0583333333346,70.0,0.0,255.0,0.0
25.800000000000225,35.72535323580002,51.27617267219356,1300.0001894356683,-6.407624999837935e-05,-5.5717916666253586e-05,0.0,-5.684341886080801e-13,0.0,0.0,225.34000000000125,70.0,0.0,255.0,0.0
25.850000000000225,35.72534996618715,51.27617034658982,1300.0001891395077,-6.407625005522277e-05,-5.5717916666253586e-05,0.0,-5.684341886080801e-13,0.0,0.0,225.62166666666792,70.0,0.0,255.0,0.0
25.900000000000226,35.72534669472995,51.2761680205838,1300.0001888386905,-6.407625005522277e-05,-5.5717916666253586e-05,0.0,5.684341886080801e-13,0.0,0.0,225.9033333333346,70.0,0.0,255.0,0.0
25.950000000000227,35.725343421430026,51.27616569416437,1300.0001885332167,-6.407624999837935e-05,-5.5717916666253586e-05,0.0,5.684341886080801e-13,0.0,0.0,226.18500000000125,70.0,0.0,255.0,0.0
26.000000000000227,35.725340146289064,51.27616336732046,1300.0001882212237,-6.407624999837935e-05,-5.5717916666253586e-05,0.0,5.684341886080801e-13,0.0,0.0,226.46666666666795,70.0,0.0,255.0,0.0
26.050000000000228,35.725336869308805,51.27616104004092,1300.000187904574,-6.407624994153593e-05,-5.5717916666253586e-05,0.0,0.0,0.0,0.0,226.7483333333346,70.0,0.0,255.0,0.0
26.10000000000023,35.72533359049099,51.276158712314704,1300.0001875823364,-6.407624999837935e-05,-5.5717916666253586e-05,0.0,-5.684341886080801e-13,0.0,0.0,227.03000000000128,70.0,0.0,255.0,0.0
26.15000000000023,35.72533030983746,51.276156384130736,1300.0001872535795,-6.407624999837935e-05,-5.5717916666253586e-05,0.0,0.0,0.0,0.0,227.31166666666795,70.0,0.0,255.0,0.0
26.20000000000023,35.72532702735006,51.27615405547795,1300.000186920166,-6.407624999837935e-05,-5.5717916666253586e-05,0.0,0.0,0.0,0.0,227.5933333333346,70.0,0.0,255.0,0.0
26.25000000000023,35.72532374303066,51.2761517263453,1300.000186582096,-6.407624999837935e-05,-5.5717916666253586e-05,0.0,5.684341886080801e-13,0.0,0.0,227.87500000000128,70.0,0.0,255.0,0.0
26.30000000000023,35.72532045688126,51.27614939672174,1300.0001862393692,-6.407624994153593e-05,-5.5717916666253586e-05,0.0,-5.684341886080801e-13,0.0,0.0,228.15666666666795,70.0,0.0,255.0,0.0
26.350000000000232,35.72531716890382,51.27614706659624,1300.0001858910546,-6.407625005522277e-05,-5.5717916666253586e-05,0.0,-1.1368683772161603e-12,0.0,0.0,228.43833333333464,70.0,0.0,255.0,0.0
26.400000000000233,35.72531387910037,51.27614473595781,1300.000185537152,-6.407625005522277e-05,-5.5717916666253586e-05,0.0,5.684341886080801e-13,0.0,0.0,228.7200000000013,70.0,0.0,255.0,0.0
26.450000000000234,35.72531058747301,51.27614240479541,1300.0001851785928,-6.407624999837935e-05,-5.5717916666253586e-05,0.0,5.684341886080801e-13,0.0,0.0,229.00166666666797,70.0,0.0,255.0,0.0
26.500000000000234,35.72530729402384,51.27614007309807,1300.0001848135144,-6.407624999837935e-05,-5.5717916666253586e-05,0.0,5.684341886080801e-13,0.0,0.0,229.28333333333464,70.0,0.0,255.0,0.0
26.550000000000235,35.72530399875504,51.27613774085483,1300.0001844447106,-6.407624994153593e-05,-5.5717916666253586e-05,0.0,0.0,0.0,0.0,229.5650000000013,70.0,0.0,255.0,0.0
26.600000000000236,35.72530070166883,51.2761354080547,1300.000184070319,-6.407624999837935e-05,-5.5717916666253586e-05,0.0,-5.684341886080801e-13,0.0,0.0,229.84666666666797,70.0,0.0,255.0,0.0
26.650000000000237,35.72529740276741,51.276133074686754,1300.0001836912706,-6.407624999837935e-05,-5.5717916666253586e-05,0.0,0.0,0.0,0.0,230.12833333333467,70.0,0.0,255.0,0.0
26.700000000000237,35.72529410205314,51.27613074074004,1300.0001833066344,-6.407624999837935e-05,-5.5717916666253586e-05,0.0,0.0,0.0,0.0,230.41000000000133,70.0,0.0,255.0,0.0
26.750000000000238,35.725290799528345,51.27612840620363,1300.000182918273,-6.407624999837935e-05,-5.5717916666253586e-05,0.0,-5.684341886080801e-13,0.0,0.0,230.691666666668,70.0,0.0,255.0,0.0
26.80000000000024,35.7252874951954,51.27612607106662,1300.0001825252548,-6.407625005522277e-05,-5.5717916666253586e-05,0.0,-5.684341886080801e-13,0.0,0.0,230.97333333333466,70.0,0.0,255.0,0.0
26.85000000000024,35.72528418905673,51.27612373531814,1300.0001821266487,-6.407625005522277e-05,-5.5717916666253586e-05,0.0,1.1368683772161603e-12,0.0,0.0,231.25500000000133,70.0,0.0,255.0,0.0
26.90000000000024,35.725280881114834,51.27612139894728,1300.0001817215234,-6.407624994153593e-05,-5.5717916666253586e-05,0.0,5.684341886080801e-13,0.0,0.0,231.536666666668,70.0,0.0,255.0,0.0
26.95000000000024,35.72527757137221,51.276119061943184,1300.0001813145354,-6.407624999837935e-05,-5.5717916666253586e-05,0.0,-5.684341886080801e-13,0.0,0.0,231.8183333333347,70.0,0.0,255.0,0.0
27.00000000000024,35.7252742598314,51.27611672429502,1300.0001809019595,-6.407624999837935e-05,-5.5717916666253586e-05,0.0,0.0,0.0,0.0,232.10000000000136,70.0,0.0,255.0,0.0
27.050000000000242,35.72527094649505,51.27611438599194,1300.0001804856583,-6.407624999837935e-05,-5.5717916666253586e-05,0.0,0.0,0.0,0.0,232.38166666666802,70.0,0.0,255.0,0.0
27.100000000000243,35.72526763136575,51.27611204702313,1300.0001800619066,-6.407624999837935e-05,-5.5717916666253586e-05,0.0,5.684341886080801e-13,0.0,0.0,232.6633333333347,70.0,0.0,255.0,0.0
27.150000000000244,35.725264314446264,51.2761097073778,1300.0001796353608,-6.407624994153593e-05,-5.5717916666253586e-05,0.0,0.0,0.0,0.0,232.94500000000136,70.0,0.0,255.0,0.0
27.200000000000244,35.72526099573927,51.27610736704515,1300.0001792041585,-6.407624999837935e-05,-5.5717916666253586e-05,0.0,-5.684341886080801e-13,0.0,0.0,233.22666666666802,70.0,0.0,255.0,0.0
27.250000000000245,35.72525767524755,51.27610502601441,1300.0001787701622,-6.407624999837935e-05,-5.5717916666253586e-05,0.0,-5.684341886080801e-13,0.0,0.0,233.5083333333347,70.0,0.0,255.0,0.0
27.300000000000246,35.72525435297395,51.27610268427485,1300.0001783287153,-6.407625005522277e-05,-5.5717916666253586e-05,0.0,-5.684341886080801e-13,0.0,0.0,233.79000000000138,70.0,0.0,255.0,0.0
27.350000000000247,35.7252510289213,51.27610034181573,1300.000177883543,-6.407625005522277e-05,-5.5717916666253586e-05,0.0,1.1368683772161603e-12,0.0,0.0,234.07166666666805,70.0,0.0,255.0,0.0
27.400000000000247,35.72524770309254,51.27609799862632,1300.0001774346456,-6.407624994153593e-05,-5.5717916666253586e-05,0.0,5.684341886080801e-13,0.0,0.0,234.35333333333472,70.0,0.0,255.0,0.0
27.450000000000248,35.72524437549059,51.276095654695915,1300.0001769810915,-6.407624999837935e-05,-5.5717916666253586e-05,0.0,-5.684341886080801e-13,0.0,0.0,234.63500000000138,70.0,0.0,255.0,0.0
27.50000000000025,35.72524104611846,51.27609331001387,1300.0001765228808,-6.407624999837935e-05,-5.5717916666253586e-05,0.0,0.0,0.0,0.0,234.91666666666805,70.0,0.0,255.0,0.0
27.55000000000025,35.72523771497917,51.27609096456947,1300.0001760618761,-6.407624999837935e-05,-5.5717916666253586e-05,0.0,0.0,0.0,0.0,235.19833333333472,70.0,0.0,255.0,0.0
27.60000000000025,35.72523438207581,51.276088618352134,1300.0001755952835,-6.407624999837935e-05,-5.5717916666253586e-05,0.0,0.0,0.0,0.0,235.48000000000138,70.0,0.0,255.0,0.0
27.65000000000025,35.725231047411484,51.27608627135118,1300.000175123103,-6.407624999837935e-05,-5.5717916666253586e-05,0.0,0.0,0.0,0.0,235.76166666666808,70.0,0.0,255.0,0.0
27.70000000000025,35.72522771098937,51.27608392355602,1300.000174649991,-6.407624999837935e-05,-5.5717916666253586e-05,0.0,5.684341886080801e-13,0.0,0.0,236.04333333333474,70.0,0.0,255.0,0.0
27.750000000000252,35.725224372812676,51.2760815749561,1300.0001741712913,-6.407624994153593e-05,-5.5717916666253586e-05,0.0,-5.684341886080801e-13,0.0,0.0,236.3250000000014,70.0,0.0,255.0,0.0
27.800000000000253,35.72522103288463,51.27607922554079,1300.0001736860722,-6.407625005522277e-05,-5.5717916666253586e-05,0.0,-1.1368683772161603e-12,0.0,0.0,236.60666666666808,70.0,0.0,255.0,0.0
27.850000000000254,35.72521769120853,51.2760768752996,1300.0001731989905,-6.407625005522277e-05,-5.5717916666253586e-05,0.0,5.684341886080801e-13,0.0,0.0,236.88833333333474,70.0,0.0,255.0,0.0
27.900000000000254,35.72521434778771,51.27607452422197,1300.0001727091148,-6.407624999837935e-05,-5.5717916666253586e-05,0.0,5.684341886080801e-13,0.0,0.0,237.1700000000014,70.0,0.0,255.0,0.0
27.950000000000255,35.72521100262554,51.27607217229739,1300.00017221272,-6.407624999837935e-05,-5.5717916666253586e-05,0.0,5.684341886080801e-13,0.0,0.0,237.45166666666807,70.0,0.0,255.0,0.0
28.000000000000256,35.72520765572545,51.27606981951539,1300.000171713531,-6.407624994153593e-05,-5.5717916666253586e-05,0.0,0.0,0.0,0.0,237.73333333333477,70.0,0.0,255.0,0.0
28.050000000000257,35.7252043070909,51.27606746586548,1300.0001712096855,-6.407624999837935e-05,-5.5717916666253586e-05,0.0,-5.684341886080801e-13,0.0,0.0,238.01500000000144,70.0,0.0,255.0,0.0
28.100000000000257,35.725200956725345,51.27606511133723,1300.0001707039773,-6.407624999837935e-05,-5.5717916666253586e-05,0.0,0.0,0.0,0.0,238.2966666666681,70.0,0.0,255.0,0.0
28.150000000000258,35.725197604632385,51.27606275592023,1300.0001701936126,-6.407624999837935e-05,-5.5717916666253586e-05,0.0,0.0,0.0,0.0,238.57833333333477,70.0,0.0,255.0,0.0
28.20000000000026,35.725194250815555,51.27606039960405,1300.0001696785912,-6.407624999837935e-05,-5.5717916666253586e-05,0.0,5.684341886080801e-13,0.0,0.0,238.86000000000143,70.0,0.0,255.0,0.0
28.25000000000026,35.72519089527853,51.276058042378324,1300.0001691598445,-6.407624994153593e-05,-5.5717916666253586e-05,0.0,-5.684341886080801e-13,0.0,0.0,239.14166666666813,70.0,0.0,255.0,0.0
28.30000000000026,35.725187538024926,51.27605568423266,1300.0001686373726,-6.407625005522277e-05,-5.5717916666253586e-05,0.0,-1.1368683772161603e-12,0.0,0.0,239.4233333333348,70.0,0.0,255.0,0.0
28.35000000000026,35.72518417905849,51.27605332515677,1300.0001681139693,-6.407625005522277e-05,-5.5717916666253586e-05,0.0,5.684341886080801e-13,0.0,0.0,239.70500000000146,70.0,0.0,255.0,0.0
28.40000000000026,35.725180818382945,51.27605096514031,1300.0001675831154,-6.407624999837935e-05,-5.5717916666253586e-05,0.0,5.684341886080801e-13,0.0,0.0,239.98666666666813,70.0,0.0,255.0,0.0
28.450000000000262,35.725177456002086,51.276048604173,1300.0001670513302,-6.407624999837935e-05,-5.5717916666253586e-05,0.0,0.0,0.0,0.0,240.2683333333348,70.0,0.0,255.0,0.0
28.500000000000263,35.72517409191977,51.27604624224456,1300.000166513957,-6.407624999837935e-05,-5.5717916666253586e-05,0.0,0.0,0.0,0.0,240.55000000000146,70.0,0.0,255.0,0.0
28.550000000000264,35.72517072613984,51.276043879344755,1300.00016597379,-6.407624999837935e-05,-5.5717916666253586e-05,0.0,5.684341886080801e-13,0.0,0.0,240.83166666666813,70.0,0.0,255.0,0.0
28.600000000000264,35.72516735866624,51.27604151546335,1300.0001654289663,-6.407624994153593e-05,-5.5717916666253586e-05,0.0,0.0,0.0,0.0,241.11333333333482,70.0,0.0,255.0,0.0
28.650000000000265,35.72516398950289,51.27603915059015,1300.0001648832113,-6.407624999837935e-05,-5.5717916666253586e-05,0.0,-5.684341886080801e-13,0.0,0.0,241.3950000000015,70.0,0.0,255.0,0.0
28.700000000000266,35.72516061865381,51.27603678471499,1300.0001643327996,-6.407624999837935e-05,-5.5717916666253586e-05,0.0,-5.684341886080801e-13,0.0,0.0,241.67666666666815,70.0,0.0,255.0,0.0
28.750000000000266,35.72515724612302,51.27603441782771,1300.0001637805253,-6.407625005522277e-05,-5.5717916666253586e-05,0.0,-5.684341886080801e-13,0.0,0.0,241.95833333333482,70.0,0.0,255.0,0.0
28.800000000000267,35.72515387191463,51.276032049918186,1300.0001632217318,-6.407625005522277e-05,-5.5717916666253586e-05,0.0,1.1368683772161603e-12,0.0,0.0,242.2400000000015,70.0,0.0,255.0,0.0
28.850000000000268,35.72515049603272,51.27602968097633,1300.0001626638696,-6.407624994153593e-05,-5.5717916666253586e-05,0.0,5.684341886080801e-13,0.0,0.0,242.52166666666815,70.0,0.0,255.0,0.0
28.90000000000027,35.72514711848147,51.27602731099204,1300.0001620985568,-6.407624999837935e-05,-5.5717916666253586e-05,0.0,-5.684341886080801e-13,0.0,0.0,242.80333333333482,70.0,0.0,255.0,0.0
28.95000000000027,35.725143739265064,51.27602493995527,1300.000161533244,-6.407624999837935e-05,-5.5717916666253586e-05,0.0,0.0,0.0,0.0,243.08500000000151,70.0,0.0,255.0,0.0
29.00000000000027,35.72514035838776,51.27602256785602,1300.0001609632745,-6.407624999837935e-05,-5.5717916666253586e-05,0.0,0.0,0.0,0.0,243.36666666666818,70.0,0.0,255.0,0.0
29.05000000000027,35.72513697585381,51.27602019468426,1300.0001603895798,-6.407624999837935e-05,-5.5717916666253586e-05,0.0,5.684341886080801e-13,0.0,0.0,243.64833333333485,70.0,0.0,255.0,0.0
29.10000000000027,35.725133591667564,51.27601782043003,1300.0001598140225,-6.407624994153593e-05,-5.5717916666253586e-05,0.0,0.0,0.0,0.0,243.9300000000015,70.0,0.0,255.0,0.0
29.150000000000272,35.72513020583338,51.27601544508338,1300.0001592356712,-6.407624999837935e-05,-5.5717916666253586e-05,0.0,-5.684341886080801e-13,0.0,0.0,244.21166666666818,70.0,0.0,255.0,0.0
29.200000000000273,35.72512681835562,51.276013068634384,1300.0001586535946,-6.407624999837935e-05,-5.5717916666253586e-05,0.0,-5.684341886080801e-13,0.0,0.0,244.49333333333485,70.0,0.0,255.0,0.0
29.250000000000274,35.725123429238764,51.27601069107316,1300.000158068724,-6.407625005522277e-05,-5.5717916666253586e-05,0.0,-5.684341886080801e-13,0.0,0.0,244.7750000000015,70.0,0.0,255.0,0.0
29.300000000000274,35.725120038487255,51.27600831238982,1300.0001574810594,-6.407625005522277e-05,-5.5717916666253586e-05,0.0,5.684341886080801e-13,0.0,0.0,245.0566666666682,70.0,0.0,255.0,0.0
29.350000000000275,35.72511664610564,51.276005932574556,1300.0001568915322,-6.407624999837935e-05,-5.5717916666253586e-05,0.0,5.684341886080801e-13,0.0,0.0,245.33833333333487,70.0,0.0,255.0,0.0
29.400000000000276,35.72511325209847,51.276003551617514,1300.0001562982798,-6.407624999837935e-05,-5.5717916666253586e-05,0.0,5.684341886080801e-13,0.0,0.0,245.62000000000154,70.0,0.0,255.0,0.0
29.450000000000276,35.72510985647033,51.27600116950893,1300.000155701302,-6.407624994153593e-05,-5.5717916666253586e-05,0.0,0.0,0.0,0.0,245.9016666666682,70.0,0.0,255.0,0.0
29.500000000000277,35.72510645922587,51.27599878623904,1300.000155103393,-6.407624999837935e-05,-5.5717916666253586e-05,0.0,-5.684341886080801e-13,0.0,0.0,246.18333333333487,70.0,0.0,255.0,0.0
29.550000000000278,35.72510306036975,51.27599640179813,1300.0001545026898,-6.407624999837935e-05,-5.5717916666253586e-05,0.0,0.0,0.0,0.0,246.46500000000157,70.0,0.0,255.0,0.0
29.60000000000028,35.725099659906675,51.27599401617647,1300.0001538973302,-6.407624999837935e-05,-5.5717916666253586e-05,0.0,0.0,0.0,0.0,246.74666666666823,70.0,0.0,255.0,0.0
29.65000000000028,35.72509625784143,51.27599162936441,1300.0001532919705,-6.407624999837935e-05,-5.5717916666253586e-05,0.0,5.684341886080801e-13,0.0,0.0,247.0283333333349,70.0,0.0,255.0,0.0
29.70000000000028,35.72509285417878,51.275989241352285,1300.0001526819542,-6.407624994153593e-05,-5.5717916666253586e-05,0.0,-5.684341886080801e-13,0.0,0.0,247.31000000000157,70.0,0.0,255.0,0.0
29.75000000000028,35.725089448923576,51.2759868521305,1300.000152071938,-6.407625005522277e-05,-5.5717916666253586e-05,0.0,-1.1368683772161603e-12,0.0,0.0,247.59166666666823,70.0,0.0,255.0,0.0
29.80000000000028,35.72508604208067,51.27598446168946,1300.000151457265,-6.407625005522277e-05,-5.5717916666253586e-05,0.0,5.684341886080801e-13,0.0,0.0,247.8733333333349,70.0,0.0,255.0,0.0
29.850000000000282,35.725082633654964,51.27598207001961,1300.0001508397982,-6.407624999837935e-05,-5.5717916666253586e-05,0.0,5.684341886080801e-13,0.0,0.0,248.15500000000156,70.0,0.0,255.0,0.0
29.900000000000283,35.72507922365141,51.275979677111415,1300.0001502223313,-6.407624999837935e-05,-5.5717916666253586e-05,0.0,0.0,0.0,0.0,248.43666666666826,70.0,0.0,255.0,0.0
29.950000000000284,35.725075812075,51.27597728295538,1300.0001496020705,-6.407624999837935e-05,-5.5717916666253586e-05,0.0,0.0,0.0,0.0,248.71833333333493,70.0,0.0,255.0,0.0
30.000000000000284,35.72507239893075,51.275974887542056,1300.0001489762217,-6.407624999837935e-05,-5.5717916666253586e-05,0.0,5.684341886080801e-13,0.0,0.0,249.0000000000016,70.0,0.0,255.0,0.0
30.050000000000285,35.7250689842237,51.275972490861975,1300.0001483513042,-6.407624994153593e-05,-5.5717916666253586e-05,0.0,0.0,0.0,0.0,249.28166666666826,70.0,0.0,255.0,0.0
30.100000000000286,35.72506556795898,51.27597009290576,1300.0001477245241,-6.407624999837935e-05,-5.5717916666253586e-05,0.0,-5.684341886080801e-13,0.0,0.0,249.56333333333492,70.0,0.0,255.0,0.0
30.150000000000286,35.72506215014169,51.27596769366402,1300.0001470940188,-6.407624999837935e-05,-5.5717916666253586e-05,0.0,-5.684341886080801e-13,0.0,0.0,249.8450000000016,70.0,0.0,255.0,0.0
30.200000000000287,35.72505873077703,51.27596529312741,1300.000146462582,-6.407625005522277e-05,-5.5717916666253586e-05,0.0,-5.684341886080801e-13,0.0,0.0,250.12666666666826,70.0,0.0,255.0,0.0
30.250000000000288,35.7250553098702,51.27596289128664,1300.0001458292827,-6.407625005522277e-05,-5.5717916666253586e-05,0.0,1.1368683772161603e-12,0.0,0.0,250.40833333333495,70.0,0.0,255.0,0.0
30.30000000000029,35.725051887426446,51.275960488132384,1300.0001451913267,-6.407624994153593e-05,-5.5717916666253586e-05,0.0,5.684341886080801e-13,0.0,0.0,250.69000000000162,70.0,0.0,255.0,0.0
30.35000000000029,35.725048463451046,51.27595808365543,1300.0001445533708,-6.407624999837935e-05,-5.5717916666253586e-05,0.0,-5.684341886080801e-13,0.0,0.0,250.97166666666828,70.0,0.0,255.0,0.0
30.40000000000029,35.725045037949315,51.27595567784656,1300.0001439135522,-6.407624999837935e-05,-5.5717916666253586e-05,0.0,0.0,0.0,0.0,251.25333333333495,70.0,0.0,255.0,0.0
30.45000000000029,35.72504161092663,51.27595327069657,1300.0001432728022,-6.407624999837935e-05,-5.5717916666253586e-05,0.0,0.0,0.0,0.0,251.53500000000162,70.0,0.0,255.0,0.0
30.50000000000029,35.72503818238837,51.27595086219632,1300.0001426292583,-6.407624999837935e-05,-5.5717916666253586e-05,0.0,5.684341886080801e-13,0.0,0.0,251.81666666666828,70.0,0.0,255.0,0.0
30.550000000000292,35.725034752339994,51.27594845233668,1300.0001419829205,-6.407624994153593e-05,-5.5717916666253586e-05,0.0,0.0,0.0,0.0,252.09833333333495,70.0,0.0,255.0,0.0
30.600000000000293,35.725031320786925,51.27594604110857,1300.0001413356513,-6.407624999837935e-05,-5.5717916666253586e-05,0.0,-5.684341886080801e-13,0.0,0.0,252.38000000000164,70.0,0.0,255.0,0.0
30.650000000000293,35.7250278877347,51.27594362850294,1300.0001406874508,-6.407624999837935e-05,-5.5717916666253586e-05,0.0,-5.684341886080801e-13,0.0,0.0,252.6616666666683,70.0,0.0,255.0,0.0
30.700000000000294,35.72502445318884,51.27594121451073,1300.000140035525,-6.407625005522277e-05,-5.5717916666253586e-05,0.0,-5.684341886080801e-13,0.0,0.0,252.94333333333498,70.0,0.0,255.0,0.0
30.750000000000295,35.725021017154916,51.275938799123026,1300.0001393826678,-6.407625005522277e-05,-5.5717916666253586e-05,0.0,5.684341886080801e-13,0.0,0.0,253.22500000000164,70.0,0.0,255.0,0.0
30.800000000000296,35.725017579638575,51.2759363823308,1300.000138730742,-6.407624999837935e-05,-5.5717916666253586e-05,0.0,5.684341886080801e-13,0.0,0.0,253.5066666666683,70.0,0.0,255.0,0.0
30.850000000000296,35.725014140645435,51.27593396412518,1300.000138075091,-6.407624999837935e-05,-5.5717916666253586e-05,0.0,5.684341886080801e-13,0.0,0.0,253.788333333335,70.0,0.0,255.0,0.0
30.900000000000297,35.72501070018119,51.27593154449726,1300.0001374166459,-6.407624994153593e-05,-5.5717916666253586e-05,0.0,0.0,0.0,0.0,254.07000000000164,70.0,0.0,255.0,0.0
30.950000000000298,35.72500725825156,51.275929123438196,1300.0001367582008,-6.407624999837935e-05,-5.5717916666253586e-05,0.0,-5.684341886080801e-13,0.0,0.0,254.35166666666834,70.0,0.0,255.0,0.0
31.0000000000003,35.72500381486228,51.275926700939166,1300.0001360997558,-6.407624999837935e-05,-5.5717916666253586e-05,0.0,0.0,0.0,0.0,254.633333333335,70.0,0.0,255.0,0.0
31.0500000000003,35.72500037001917,51.27592427699138,1300.0001354375854,-6.407624999837935e-05,-5.5717916666253586e-05,0.0,0.0,0.0,0.0,254.91500000000167,70.0,0.0,255.0,0.0
31.1000000000003,35.72499692372803,51.275921851586126,1300.0001347763464,-6.407624999837935e-05,-5.5717916666253586e-05,0.0,5.684341886080801e-13,0.0,0.0,255.19666666666834,70.0,0.0,255.0,0.0
31.1500000000003,35.72499347599474,51.275919424714644,1300.000134111382,-6.407624994153593e-05,-5.5717916666253586e-05,0.0,-5.684341886080801e-13,0.0,0.0,255.478333333335,70.0,0.0,255.0,0.0
31.2000000000003,35.72499002682518,51.275916996368295,1300.0001334482804,-6.407625005522277e-05,-5.5717916666253586e-05,0.0,-1.1368683772161603e-12,0.0,0.0,255.7600000000017,70.0,0.0,255.0,0.0
31.250000000000302,35.724986576225284,51.27591456653842,1300.0001327823848,-6.407625005522277e-05,-5.5717916666253586e-05,0.0,5.684341886080801e-13,0.0,0.0,256.04166666666833,70.0,0.0,255.0,0.0
31.300000000000303,35.72498312420104,51.275912135216416,1300.0001321127638,-6.407624999837935e-05,-5.5717916666253586e-05,0.0,5.684341886080801e-13,0.0,0.0,256.32333333333503,70.0,0.0,255.0,0.0
31.350000000000303,35.72497967075838,51.27590970239371,1300.0001314477995,-6.407624999837935e-05,-5.5717916666253586e-05,0.0,5.684341886080801e-13,0.0,0.0,256.6050000000017,70.0,0.0,255.0,0.0
31.400000000000304,35.72497621590341,51.27590726806178,1300.0001307753846,-6.407624994153593e-05,-5.5717916666253586e-05,0.0,0.0,0.0,0.0,256.88666666666836,70.0,0.0,255.0,0.0
31.450000000000305,35.72497275964218,51.27590483221213,1300.0001301057637,-6.407624999837935e-05,-5.5717916666253586e-05,0.0,-5.684341886080801e-13,0.0,0.0,257.16833333333506,70.0,0.0,255.0,0.0
31.500000000000306,35.724969301980764,51.27590239483631,1300.00012943428,-6.407624999837935e-05,-5.5717916666253586e-05,0.0,0.0,0.0,0.0,257.4500000000017,70.0,0.0,255.0,0.0
31.550000000000306,35.7249658429253,51.27589995592586,1300.0001287637278,-6.407624999837935e-05,-5.5717916666253586e-05,0.0,0.0,0.0,0.0,257.7316666666684,70.0,0.0,255.0,0.0
31.600000000000307,35.72496238248197,51.27589751547244,1300.000128091313,-6.407624999837935e-05,-5.5717916666253586e-05,0.0,-5.684341886080801e-13,0.0,0.0,258.013333333335,70.0,0.0,255.0,0.0
31.650000000000308,35.72495892065698,51.27589507346766,1300.0001274170354,-6.407625005522277e-05,-5.5717916666253586e-05,0.0,-5.684341886080801e-13,0.0,0.0,258.2950000000017,70.0,0.0,255.0,0.0
31.70000000000031,35.724955457456566,51.27589262990324,1300.0001267418265,-6.407625005522277e-05,-5.5717916666253586e-05,0.0,1.1368683772161603e-12,0.0,0.0,258.5766666666684,70.0,0.0,255.0,0.0
31.75000000000031,35.724951992886986,51.2758901847709,1300.000126067549,-6.407624994153593e-05,-5.5717916666253586e-05,0.0,5.684341886080801e-13,0.0,0.0,258.85833333333505,70.0,0.0,255.0,0.0
31.80000000000031,35.72494852695453,51.27588773806238,1300.0001253914088,-6.407624999837935e-05,-5.5717916666253586e-05,0.0,-5.684341886080801e-13,0.0,0.0,259.14000000000175,70.0,0.0,255.0,0.0
31.85000000000031,35.724945059665565,51.27588528976953,1300.0001247124746,-6.407624999837935e-05,-5.5717916666253586e-05,0.0,0.0,0.0,0.0,259.4216666666684,70.0,0.0,255.0,0.0
31.90000000000031,35.72494159102643,51.275882839884154,1300.0001240372658,-6.407624999837935e-05,-5.5717916666253586e-05,0.0,0.0,0.0,0.0,259.7033333333351,70.0,0.0,255.0,0.0
31.950000000000312,35.72493812104354,51.27588038839815,1300.000123359263,-6.407624999837935e-05,-5.5717916666253586e-05,0.0,5.684341886080801e-13,-1.1368683772161603e-12,-1.8189894035458306e-11,259.9850000000017,70.0,0.0,255.0,0.0
32.00000000000031,35.72493464972332,51.275877935303434,1300.00012268126,-6.407624994153593e-05,-5.5717916779940424e-05,-1.8189894035458565e-12,0.0,-1.0842021724855044e-19,2.5849394142283217e-24,260.2666666666684,70.0,0.0,255.0,0.0
32.05000000000031,35.72493117707224,51.27587548059195,1300.000122002326,-6.407624999837935e-05,-5.5717916666253586e-05,0.0,-5.684341886080801e-13,1.136868268795943e-12,1.818989403546089e-11,260.54833333333505,70.0,0.0,255.0,0.0
32.100000000000314,35.7249277030968,51.275873024255716,1300.0001213215292,-6.407624999837935e-05,-5.5717916666253586e-05,0.0,0.0,0.0,0.0,260.83000000000175,70.0,0.0,255.0,0.0
32.15000000000032,35.72492422780353,51.27587056628675,1300.000120642595,-6.407624999837935e-05,-5.5717916666253586e-05,0.0,0.0,1.1368684856363775e-12,0.0,261.11166666666844,70.0,0.0,255.0,0.0
32.200000000000315,35.72492075119898,51.27586810667713,1300.0001199645922,-6.407624999837935e-05,-5.571791655256675e-05,0.0,0.0,0.0,0.0,261.3933333333351,70.0,0.0,255.0,0.0
32.25000000000031,35.72491727328975,51.275865645418975,1300.0001192837954,-6.407624999837935e-05,-5.5717916666253586e-05,0.0,0.0,-1.1368684856363775e-12,0.0,261.6750000000018,70.0,0.0,255.0,0.0
32.30000000000032,35.724913794082454,51.27586318250443,1300.0001186029986,-6.407624999837935e-05,-5.5717916666253586e-05,0.0,0.0,0.0,0.0,261.9566666666684,70.0,0.0,255.0,0.0
32.35000000000032,35.724910313583756,51.27586071792571,1300.0001179212704,-6.407624999837935e-05,-5.5717916666253586e-05,0.0,-5.684341886080801e-13,-1.136868268795943e-12,0.0,262.2383333333351,70.0,0.0,255.0,0.0
32.40000000000032,35.72490683180035,51.27585825167504,1300.0001172404736,-6.407625005522277e-05,-5.5717916779940424e-05,0.0,0.0,0.0,0.0,262.5200000000018,70.0,0.0,255.0,0.0
32.450000000000315,35.72490334873893,51.27585578374469,1300.0001165624708,-6.407624999837935e-05,-5.5717916666253586e-05,0.0,5.684341886080801e-13,1.136868268795943e-12,0.0,262.80166666666844,70.0,0.0,255.0,0.0
32.50000000000032,35.724899864406275,51.27585331412698,1300.0001158779487,-6.407624999837935e-05,-5.5717916666253586e-05,0.0,0.0,0.0,0.0,263.08333333333513,70.0,0.0,255.0,0.0
32.550000000000324,35.72489637880914,51.27585084281427,1300.0001151980832,-6.407624999837935e-05,-5.5717916666253586e-05,0.0,5.684341886080801e-13,1.0842021724855044e-19,0.0,263.3650000000018,70.0,0.0,255.0,0.0
32.60000000000032,35.724892891954354,51.27584836979895,1300.0001145172864,-6.407624994153593e-05,-5.5717916666253586e-05,0.0,-5.684341886080801e-13,0.0,0.0,263.64666666666847,70.0,0.0,255.0,0.0
32.65000000000032,35.72488940384875,51.27584589507346,1300.0001138364896,-6.407625005522277e-05,-5.5717916666253586e-05,0.0,-5.684341886080801e-13,1.136868268795943e-12,0.0,263.9283333333351,70.0,0.0,255.0,0.0
32.70000000000032,35.724885914499175,51.27584341863028,1300.0001131566241,-6.407624999837935e-05,-5.571791655256675e-05,0.0,5.684341886080801e-13,0.0,0.0,264.2100000000018,70.0,0.0,255.0,0.0
32.75000000000033,35.72488242391258,51.27584094046194,1300.000112474896,-6.407624999837935e-05,-5.5717916666253586e-05,0.0,0.0,-1.136868268795943e-12,0.0,264.4916666666685,70.0,0.0,255.0,0.0
32.800000000000324,35.72487893209584,51.275838460561005,1300.0001117940992,-6.407624999837935e-05,-5.5717916666253586e-05,0.0,5.684341886080801e-13,0.0,0.0,264.77333333333513,70.0,0.0,255.0,0.0
32.85000000000032,35.724875439055964,51.27583597892007,1300.0001111142337,-6.407624994153593e-05,-5.5717916666253586e-05,0.0,-5.684341886080801e-13,-1.1368684856363775e-12,0.0,265.05500000000177,70.0,0.0,255.0,0.0
32.900000000000325,35.7248719447999,51.27583349553177,1300.0001104343683,-6.407625005522277e-05,-5.5717916779940424e-05,0.0,-5.684341886080801e-13,0.0,0.0,265.33666666666846,70.0,0.0,255.0,0.0
32.95000000000033,35.724868449334686,51.27583101038882,1300.0001097572967,-6.407624999837935e-05,-5.5717916666253586e-05,0.0,5.684341886080801e-13,1.1368684856363775e-12,0.0,265.61833333333516,70.0,0.0,255.0,0.0
33.00000000000033,35.72486495266739,51.275828523483945,1300.0001090765,-6.407624999837935e-05,-5.5717916666253586e-05,0.0,0.0,0.0,0.0,265.9000000000018,70.0,0.0,255.0,0.0
33.050000000000324,35.72486145480505,51.27582603480991,1300.000108398497,-6.407624999837935e-05,-5.5717916666253586e-05,0.0,5.684341886080801e-13,-1.0842021724855044e-19,0.0,266.1816666666685,70.0,0.0,255.0,0.0
33.10000000000033,35.72485795575481,51.27582354435954,1300.000107719563,-6.407624994153593e-05,-5.5717916666253586e-05,0.0,0.0,0.0,0.0,266.4633333333352,70.0,0.0,255.0,0.0
33.15000000000033,35.724854455523776,51.2758210521257,1300.00010704156,-6.407624999837935e-05,-5.5717916666253586e-05,0.0,-5.684341886080801e-13,1.1368684856363775e-12,0.0,266.7450000000019,70.0,0.0,255.0,0.0
33.20000000000033,35.72485095411912,51.27581855810128,1300.00010636542,-6.407624999837935e-05,-5.571791655256675e-05,0.0,-5.684341886080801e-13,0.0,0.0,267.0266666666685,70.0,0.0,255.0,0.0
33.25000000000033,35.72484745154804,51.27581606227924,1300.000105687417,-6.407625005522277e-05,-5.5717916666253586e-05,0.0,0.0,-1.1368684856363775e-12,0.0,267.30833333333516,70.0,0.0,255.0,0.0
33.30000000000033,35.724843947817746,51.27581356465256,1300.0001050122082,-6.407624999837935e-05,-5.5717916666253586e-05,0.0,5.684341886080801e-13,0.0,0.0,267.59000000000185,70.0,0.0,255.0,0.0
33.350000000000335,35.724840442935495,51.27581106521428,1300.000104336068,-6.407624999837935e-05,-5.5717916666253586e-05,0.0,-5.684341886080801e-13,-1.136868268795943e-12,0.0,267.87166666666855,70.0,0.0,255.0,0.0
33.40000000000033,35.72483693690857,51.27580856395746,1300.0001036627218,-6.407625005522277e-05,-5.5717916779940424e-05,0.0,5.684341886080801e-13,0.0,0.0,268.1533333333352,70.0,0.0,255.0,0.0
33.45000000000033,35.72483342974425,51.27580606087526,1300.0001029893756,-6.407624994153593e-05,-5.5717916666253586e-05,0.0,5.684341886080801e-13,1.136868268795943e-12,0.0,268.4350000000018,70.0,0.0,255.0,0.0
33.500000000000334,35.724829921449896,51.275803555960806,1300.0001023160294,-6.407624999837935e-05,-5.5717916666253586e-05,0.0,-5.684341886080801e-13,0.0,0.0,268.7166666666685,70.0,0.0,255.0,0.0
33.55000000000034,35.72482641203285,51.27580104920732,1300.0001016445458,-6.407624999837935e-05,-5.5717916666253586e-05,0.0,0.0,1.0842021724855044e-19,0.0,268.9983333333352,70.0,0.0,255.0,0.0
33.600000000000335,35.72482290150049,51.275798540608065,1300.0001009730622,-6.407624999837935e-05,-5.5717916666253586e-05,0.0,-5.684341886080801e-13,0.0,0.0,269.28000000000185,70.0,0.0,255.0,0.0
33.65000000000033,35.72481938986024,51.27579603015633,1300.0001003015786,-6.407625005522277e-05,-5.5717916666253586e-05,0.0,5.684341886080801e-13,1.136868268795943e-12,0.0,269.56166666666854,70.0,0.0,255.0,0.0
33.70000000000034,35.72481587711955,51.27579351784547,1300.0000996319577,-6.407624994153593e-05,-5.571791655256675e-05,0.0,5.684341886080801e-13,0.0,0.0,269.84333333333524,70.0,0.0,255.0,0.0
33.75000000000034,35.72481236328586,51.275791003668864,1300.0000989651307,-6.407624999837935e-05,-5.5717916666253586e-05,0.0,-5.684341886080801e-13,-1.136868268795943e-12,0.0,270.12500000000193,70.0,0.0,255.0,0.0
33.80000000000034,35.72480884836667,51.27578848761994,1300.0000982973725,-6.407624999837935e-05,-5.5717916666253586e-05,0.0,0.0,0.0,0.0,270.40666666666857,70.0,0.0,255.0,0.0
33.850000000000335,35.72480533236951,51.27578596969219,1300.0000976305455,-6.407624999837935e-05,-5.5717916666253586e-05,0.0,-5.684341886080801e-13,-1.1368684856363775e-12,0.0,270.6883333333352,70.0,0.0,255.0,0.0
33.90000000000034,35.724801815301916,51.27578344987913,1300.0000969665125,-6.407625005522277e-05,-5.5717916779940424e-05,0.0,0.0,0.0,0.0,270.9700000000019,70.0,0.0,255.0,0.0
33.950000000000344,35.72479829717147,51.27578092817433,1300.0000963024795,-6.407624999837935e-05,-5.5717916666253586e-05,0.0,5.684341886080801e-13,1.1368684856363775e-12,0.0,271.2516666666686,70.0,0.0,255.0,0.0
34.00000000000034,35.72479477798574,51.275778404571426,1300.0000956384465,-6.407624999837935e-05,-5.5717916666253586e-05,0.0,5.684341886080801e-13,0.0,0.0,271.53333333333524,70.0,0.0,255.0,0.0
34.05000000000034,35.724791257752386,51.27577587906404,1300.0000949781388,-6.407624994153593e-05,-5.5717916666253586e-05,0.0,0.0,-1.0842021724855044e-19,0.0,271.8150000000019,70.0,0.0,255.0,0.0
34.10000000000034,35.724787736479016,51.2757733516459,1300.0000943187624,-6.407624999837935e-05,-5.5717916666253586e-05,0.0,-5.684341886080801e-13,0.0,0.0,272.09666666666857,70.0,0.0,255.0,0.0
34.15000000000035,35.724784214173326,51.27577082231077,1300.0000936603174,-6.407624999837935e-05,-5.5717916666253586e-05,0.0,0.0,1.1368684856363775e-12,0.0,272.37833333333526,70.0,0.0,255.0,0.0
34.200000000000344,35.72478069084301,51.27576829105243,1300.0000930028036,-6.407624999837935e-05,-5.571791655256675e-05,0.0,-5.684341886080801e-13,0.0,0.0,272.6600000000019,70.0,0.0,255.0,0.0
34.25000000000034,35.72477716649579,51.275765757864754,1300.0000923471525,-6.407625005522277e-05,-5.5717916666253586e-05,0.0,5.684341886080801e-13,-1.1368684856363775e-12,0.0,272.9416666666686,70.0,0.0,255.0,0.0
34.300000000000345,35.724773641139414,51.275763222741595,1300.0000916942954,-6.407624994153593e-05,-5.5717916666253586e-05,0.0,5.684341886080801e-13,0.0,0.0,273.2233333333353,70.0,0.0,255.0,0.0
34.35000000000035,35.724770114781634,51.27576068567694,1300.0000910414383,-6.407624999837935e-05,-5.5717916666253586e-05,0.0,-1.1368683772161603e-12,-1.136868268795943e-12,0.0,273.5050000000019,70.0,0.0,255.0,0.0
34.40000000000035,35.72476658743027,51.275758146664735,1300.0000903904438,-6.407625005522277e-05,-5.5717916779940424e-05,0.0,0.0,0.0,0.0,273.7866666666686,70.0,0.0,255.0,0.0
34.450000000000344,35.72476305909313,51.27575560569903,1300.000089741312,-6.407624999837935e-05,-5.5717916666253586e-05,0.0,5.684341886080801e-13,1.136868268795943e-12,0.0,274.06833333333526,70.0,0.0,255.0,0.0
34.50000000000035,35.724759529778055,51.275753062773916,1300.0000890931115,-6.407624999837935e-05,-5.5717916666253586e-05,0.0,5.684341886080801e-13,0.0,0.0,274.35000000000196,70.0,0.0,255.0,0.0
34.55000000000035,35.72475599949291,51.2757505178835,1300.0000884467736,-6.407624994153593e-05,-5.5717916666253586e-05,0.0,0.0,1.0842021724855044e-19,0.0,274.63166666666865,70.0,0.0,255.0,0.0
34.60000000000035,35.724752468245605,51.27574797102197,1300.000087804161,-6.407624999837935e-05,-5.5717916666253586e-05,0.0,-1.1368683772161603e-12,0.0,0.0,274.9133333333353,70.0,0.0,255.0,0.0
34.65000000000035,35.72474893604401,51.275745422183554,1300.0000871615484,-6.407625005522277e-05,-5.5717916666253586e-05,0.0,0.0,1.136868268795943e-12,0.0,275.1950000000019,70.0,0.0,255.0,0.0
34.70000000000035,35.72474540289611,51.27574287136251,1300.0000865207985,-6.407624999837935e-05,-5.571791655256675e-05,0.0,5.684341886080801e-13,0.0,0.0,275.4766666666686,70.0,0.0,255.0,0.0
34.750000000000355,35.724741868809815,51.27574031855317,1300.0000858819112,-6.407624999837935e-05,-5.5717916666253586e-05,0.0,-5.684341886080801e-13,-1.136868268795943e-12,0.0,275.7583333333353,70.0,0.0,255.0,0.0
34.80000000000035,35.72473833379317,51.275737763749895,1300.0000852439553,-6.407625005522277e-05,-5.5717916666253586e-05,0.0,0.0,0.0,0.0,276.04000000000195,70.0,0.0,255.0,0.0
34.85000000000035,35.72473479785411,51.275735206947104,1300.000084610656,-6.407624999837935e-05,-5.5717916666253586e-05,0.0,1.1368683772161603e-12,-1.1368684856363775e-12,0.0,276.32166666666865,70.0,0.0,255.0,0.0
34.900000000000354,35.72473126100071,51.275732648139254,1300.0000839773566,-6.407624994153593e-05,-5.5717916779940424e-05,0.0,0.0,0.0,0.0,276.6033333333353,70.0,0.0,255.0,0.0
34.95000000000036,35.724727723241,51.275730087320866,1300.0000833459198,-6.407624999837935e-05,-5.5717916666253586e-05,0.0,-5.684341886080801e-13,1.1368684856363775e-12,0.0,276.885000000002,70.0,0.0,255.0,0.0
35.000000000000355,35.724724184583046,51.2757275244865,1300.000082717277,-6.407624999837935e-05,-5.5717916666253586e-05,0.0,-5.684341886080801e-13,0.0,0.0,277.1666666666687,70.0,0.0,255.0,0.0
35.05000000000035,35.72472064503496,51.275724959630736,1300.0000820914283,-6.407625005522277e-05,-5.5717916666253586e-05,0.0,0.0,-1.0842021724855044e-19,0.0,277.4483333333353,70.0,0.0,255.0,0.0
35.10000000000036,35.72471710460483,51.275722392748285,1300.000081466511,-6.407624999837935e-05,-5.5717916666253586e-05,0.0,1.7053025658242404e-12,0.0,0.0,277.730000000002,70.0,0.0,255.0,0.0
35.15000000000036,35.724713563300824,51.27571982383381,1300.0000808443874,-6.407624988469252e-05,-5.5717916666253586e-05,0.0,0.0,1.1368684856363775e-12,0.0,278.0116666666687,70.0,0.0,255.0,0.0
35.20000000000036,35.724710021131045,51.2757172528821,1300.0000802241266,-6.407624999837935e-05,-5.571791655256675e-05,0.0,-1.7053025658242404e-12,0.0,0.0,278.29333333333534,70.0,0.0,255.0,0.0
35.250000000000355,35.72470647810373,51.27571467988795,1300.0000796066597,-6.407625005522277e-05,-5.5717916666253586e-05,0.0,-5.684341886080801e-13,-1.1368684856363775e-12,0.0,278.575000000002,70.0,0.0,255.0,0.0
35.30000000000036,35.72470293422704,51.275712104846185,1300.0000789901242,-6.407625005522277e-05,-5.5717916666253586e-05,0.0,5.684341886080801e-13,0.0,0.0,278.8566666666687,70.0,0.0,255.0,0.0
35.350000000000364,35.724699389509205,51.27570952775175,1300.0000783791766,-6.407624999837935e-05,-5.5717916666253586e-05,0.0,1.1368683772161603e-12,-1.136868268795943e-12,0.0,279.13833333333537,70.0,0.0,255.0,0.0
35.40000000000036,35.724695843958465,51.27570694859958,1300.0000777672976,-6.407624994153593e-05,-5.5717916779940424e-05,0.0,0.0,0.0,0.0,279.420000000002,70.0,0.0,255.0,0.0
35.45000000000036,35.72469229758306,51.27570436738469,1300.000077159144,-6.407624999837935e-05,-5.5717916666253586e-05,0.0,-5.684341886080801e-13,1.136868268795943e-12,0.0,279.70166666666864,70.0,0.0,255.0,0.0
35.50000000000036,35.724688750391294,51.275701784102125,1300.0000765537843,-6.407624999837935e-05,-5.5717916666253586e-05,0.0,0.0,0.0,0.0,279.98333333333534,70.0,0.0,255.0,0.0
35.55000000000037,35.72468520239145,51.275699198746985,1300.0000759512186,-6.407624999837935e-05,-5.5717916666253586e-05,0.0,0.0,1.0842021724855044e-19,0.0,280.26500000000203,70.0,0.0,255.0,0.0
35.600000000000364,35.72468165359185,51.27569661131442,1300.0000753505155,-6.407624999837935e-05,-5.5717916666253586e-05,0.0,-5.684341886080801e-13,0.0,0.0,280.54666666666867,70.0,0.0,255.0,0.0
35.65000000000036,35.724678104000844,51.27569402179966,1300.0000747516751,-6.407625005522277e-05,-5.5717916666253586e-05,0.0,0.0,1.136868268795943e-12,0.0,280.82833333333537,70.0,0.0,255.0,0.0
35.700000000000365,35.72467455362678,51.27569143019793,1300.0000741556287,-6.407624999837935e-05,-5.571791655256675e-05,0.0,1.1368683772161603e-12,0.0,0.0,281.11000000000206,70.0,0.0,255.0,0.0
35.75000000000037,35.72467100247801,51.27568883650456,1300.0000735633075,-6.407624994153593e-05,-5.5717916666253586e-05,0.0,-5.684341886080801e-13,-1.136868268795943e-12,0.0,281.3916666666687,70.0,0.0,255.0,0.0
35.80000000000037,35.72466745056297,51.27568624071488,1300.0000729737803,-6.407625005522277e-05,-5.5717916666253586e-05,0.0,-5.684341886080801e-13,0.0,0.0,281.6733333333354,70.0,0.0,255.0,0.0
35.850000000000364,35.724663897890025,51.27568364282432,1300.000072387047,-6.407624999837935e-05,-5.5717916666253586e-05,0.0,5.684341886080801e-13,-1.1368684856363775e-12,0.0,281.95500000000203,70.0,0.0,255.0,0.0
35.90000000000037,35.72466034446766,51.2756810428283,1300.0000718031079,-6.407624999837935e-05,-5.5717916779940424e-05,0.0,0.0,-1.1368683772161603e-12,0.0,282.2366666666687,70.0,0.0,255.0,0.0
35.95000000000037,35.72465679030427,51.27567844072238,1300.0000712210312,-6.407624999837935e-05,-5.5717916779940424e-05,0.0,5.684341886080801e-13,1.1368684856363775e-12,0.0,282.5183333333354,70.0,0.0,255.0,0.0
36.00000000000037,35.72465323540837,51.275675836502074,1300.0000706408173,-6.407624994153593e-05,-5.5717916666253586e-05,0.0,-5.684341886080801e-13,2.2737367544323206e-12,0.0,282.80000000000206,70.0,0.0,255.0,0.0
36.05000000000037,35.724649679788406,51.27567323016303,1300.0000700661913,-6.407625005522277e-05,-5.571791655256675e-05,0.0,-5.684341886080801e-13,-1.0842021724855044e-19,0.0,283.0816666666687,70.0,0.0,255.0,0.0
36.10000000000037,35.7246461234529,51.27567062170086,1300.0000694943592,-6.407624999837935e-05,-5.5717916666253586e-05,0.0,5.684341886080801e-13,-1.1368683772161603e-12,0.0,283.3633333333354,70.0,0.0,255.0,0.0
36.150000000000375,35.724642566410374,51.275668011111314,1300.0000689243898,-6.407624999837935e-05,-5.5717916666253586e-05,0.0,0.0,1.0842021724855044e-19,0.0,283.6450000000021,70.0,0.0,255.0,0.0
36.20000000000037,35.72463900866935,51.27566539839015,1300.0000683581457,-6.407624999837935e-05,-5.5717916666253586e-05,0.0,5.684341886080801e-13,0.0,0.0,283.9266666666688,70.0,0.0,255.0,0.0
36.25000000000037,35.72463545023839,51.27566278353317,1300.0000677928329,-6.407624994153593e-05,-5.5717916666253586e-05,0.0,-5.684341886080801e-13,1.136868268795943e-12,0.0,284.2083333333354,70.0,0.0,255.0,0.0
36.300000000000374,35.72463189112607,51.27566016653626,1300.0000672321767,-6.407625005522277e-05,-5.571791655256675e-05,0.0,-5.684341886080801e-13,0.0,0.0,284.49000000000206,70.0,0.0,255.0,0.0
36.35000000000038,35.72462833134096,51.275657547395326,1300.0000666743144,-6.407624999837935e-05,-5.5717916666253586e-05,0.0,5.684341886080801e-13,-2.2737366460121033e-12,0.0,284.7716666666688,70.0,0.0,255.0,0.0
36.400000000000375,35.724624770891666,51.27565492610633,1300.0000661201775,-6.407624999837935e-05,-5.5717916779940424e-05,0.0,0.0,0.0,0.0,285.05333333333544,70.0,0.0,255.0,0.0
36.45000000000037,35.72462120978684,51.275652302665314,1300.0000655697659,-6.407624999837935e-05,-5.5717916666253586e-05,0.0,0.0,1.136868268795943e-12,0.0,285.3350000000021,70.0,0.0,255.0,0.0
36.50000000000038,35.72461764803507,51.27564967706834,1300.0000650230795,-6.407624999837935e-05,-5.5717916666253586e-05,0.0,0.0,0.0,0.0,285.6166666666688,70.0,0.0,255.0,0.0
36.55000000000038,35.72461408564504,51.27564704931154,1300.0000644763932,-6.407624999837935e-05,-5.5717916666253586e-05,0.0,5.684341886080801e-13,1.0842021724855044e-19,0.0,285.8983333333355,70.0,0.0,255.0,0.0
36.60000000000038,35.724610522625376,51.27564441939108,1300.0000639352947,-6.407624994153593e-05,-5.5717916666253586e-05,0.0,-5.684341886080801e-13,0.0,0.0,286.1800000000021,70.0,0.0,255.0,0.0
36.650000000000375,35.72460695898481,51.275641787303194,1300.0000633969903,-6.407625005522277e-05,-5.5717916666253586e-05,0.0,-5.684341886080801e-13,-1.0842021724855044e-19,0.0,286.46166666666875,70.0,0.0,255.0,0.0
36.70000000000038,35.724603394732,51.27563915304419,1300.0000628624111,-6.407624999837935e-05,-5.5717916666253586e-05,0.0,5.684341886080801e-13,0.0,0.0,286.74333333333544,70.0,0.0,255.0,0.0
36.750000000000384,35.72459982987567,51.27563651661037,1300.0000623324886,-6.407624999837935e-05,-5.5717916666253586e-05,0.0,-5.684341886080801e-13,1.1368684856363775e-12,0.0,287.02500000000214,70.0,0.0,255.0,0.0
36.80000000000038,35.72459626442455,51.27563387799814,1300.000061802566,-6.407625005522277e-05,-5.571791655256675e-05,0.0,5.684341886080801e-13,0.0,0.0,287.3066666666688,70.0,0.0,255.0,0.0
36.85000000000038,35.724592698387376,51.27563123720393,1300.000061280094,-6.407624994153593e-05,-5.5717916666253586e-05,0.0,5.684341886080801e-13,-2.273736862852538e-12,0.0,287.5883333333354,70.0,0.0,255.0,0.0
36.90000000000038,35.7245891317729,51.275628594224244,1300.000060760416,-6.407624999837935e-05,-5.5717916779940424e-05,0.0,-5.684341886080801e-13,-1.1368683772161603e-12,0.0,287.87000000000216,70.0,0.0,255.0,0.0
36.95000000000039,35.72458556458987,51.27562594905565,1300.000060243532,-6.407624999837935e-05,-5.5717916779940424e-05,0.0,0.0,1.1368684856363775e-12,0.0,288.1516666666688,70.0,0.0,255.0,0.0
37.000000000000384,35.72458199684711,51.27562330169469,1300.0000597285107,-6.407624999837935e-05,-5.5717916666253586e-05,0.0,-5.684341886080801e-13,2.2737367544323206e-12,0.0,288.4333333333355,70.0,0.0,255.0,0.0
37.05000000000038,35.724578428553386,51.275620652138066,1300.0000592190772,-6.407625005522277e-05,-5.571791655256675e-05,0.0,5.684341886080801e-13,-1.0842021724855044e-19,0.0,288.71500000000214,70.0,0.0,255.0,0.0
37.100000000000385,35.724574859717514,51.27561800038246,1300.0000587143004,-6.407624994153593e-05,-5.5717916666253586e-05,0.0,5.684341886080801e-13,-1.1368683772161603e-12,0.0,288.99666666666883,70.0,0.0,255.0,0.0
37.15000000000039,35.72457129034832,51.27561534642464,1300.0000582123175,-6.407624999837935e-05,-5.5717916666253586e-05,0.0,-5.684341886080801e-13,1.0842021724855044e-19,0.0,289.2783333333355,70.0,0.0,255.0,0.0
37.20000000000039,35.724567720454615,51.27561269026141,1300.0000577121973,-6.407624999837935e-05,-5.5717916666253586e-05,0.0,0.0,0.0,0.0,289.56000000000216,70.0,0.0,255.0,0.0
37.250000000000384,35.724564150045275,51.27561003188964,1300.0000572185963,-6.407624999837935e-05,-5.5717916666253586e-05,0.0,-5.684341886080801e-13,1.136868268795943e-12,0.0,289.8416666666688,70.0,0.0,255.0,0.0
37.30000000000039,35.724560579129154,51.27560737130625,1300.000056726858,-6.407625005522277e-05,-5.571791655256675e-05,0.0,0.0,0.0,0.0,290.1233333333355,70.0,0.0,255.0,0.0
37.35000000000039,35.72455700771511,51.27560470850821,1300.0000562369823,-6.407624999837935e-05,-5.5717916666253586e-05,0.0,5.684341886080801e-13,-2.2737366460121033e-12,0.0,290.4050000000022,70.0,0.0,255.0,0.0
37.40000000000039,35.724553435812034,51.27560204349254,1300.00005575642,-6.407624999837935e-05,-5.5717916779940424e-05,0.0,5.684341886080801e-13,0.0,0.0,290.6866666666688,70.0,0.0,255.0,0.0
37.45000000000039,35.72454986342883,51.275599376256324,1300.0000552767888,-6.407624994153593e-05,-5.5717916666253586e-05,0.0,0.0,1.136868268795943e-12,0.0,290.9683333333355,70.0,0.0,255.0,0.0
37.50000000000039,35.724546290574395,51.275596706796705,1300.000054800883,-6.407624999837935e-05,-5.5717916666253586e-05,0.0,-5.684341886080801e-13,0.0,0.0,291.25000000000216,70.0,0.0,255.0,0.0
37.550000000000395,35.72454271725765,51.27559403511085,1300.0000543287024,-6.407624999837935e-05,-5.5717916666253586e-05,0.0,0.0,1.0842021724855044e-19,0.0,291.53166666666885,70.0,0.0,255.0,0.0
37.60000000000039,35.72453914348752,51.275591361196014,1300.000053863041,-6.407624999837935e-05,-5.5717916666253586e-05,0.0,-5.684341886080801e-13,0.0,0.0,291.81333333333555,70.0,0.0,255.0,0.0
37.65000000000039,35.72453556927295,51.27558868504947,1300.0000533983111,-6.407625005522277e-05,-5.5717916666253586e-05,0.0,5.684341886080801e-13,-1.0842021724855044e-19,0.0,292.0950000000022,70.0,0.0,255.0,0.0
37.700000000000394,35.724531994622886,51.27558600666859,1300.0000529382378,-6.407624994153593e-05,-5.5717916666253586e-05,0.0,5.684341886080801e-13,0.0,0.0,292.3766666666689,70.0,0.0,255.0,0.0
37.7500000000004,35.72452841954631,51.275583326050764,1300.0000524846837,-6.407624999837935e-05,-5.5717916666253586e-05,0.0,-1.1368683772161603e-12,1.1368684856363775e-12,0.0,292.6583333333356,70.0,0.0,255.0,0.0
37.800000000000395,35.72452484405217,51.27558064319346,1300.0000520339236,-6.407625005522277e-05,-5.571791655256675e-05,0.0,0.0,0.0,0.0,292.9400000000022,70.0,0.0,255.0,0.0
37.85000000000039,35.72452126814948,51.27557795809417,1300.000051585026,-6.407624999837935e-05,-5.5717916666253586e-05,0.0,5.684341886080801e-13,-2.273736862852538e-12,0.0,293.22166666666885,70.0,0.0,255.0,0.0
37.9000000000004,35.72451769184718,51.275575270750466,1300.0000511426479,-6.407624999837935e-05,-5.5717916779940424e-05,0.0,0.0,-1.1368683772161603e-12,0.0,293.50333333333555,70.0,0.0,255.0,0.0
37.9500000000004,35.72451411515433,51.27557258115997,1300.0000507049263,-6.407624999837935e-05,-5.5717916779940424e-05,0.0,0.0,1.1368684856363775e-12,0.0,293.78500000000224,70.0,0.0,255.0,0.0
38.0000000000004,35.72451053807989,51.275569889320344,1300.0000502690673,-6.407624999837935e-05,-5.5717916666253586e-05,0.0,0.0,2.2737367544323206e-12,0.0,294.0666666666689,70.0,0.0,255.0,0.0
38.050000000000395,35.72450696063292,51.27556719522934,1300.000049840659,-6.407624999837935e-05,-5.571791655256675e-05,0.0,0.0,-1.0842021724855044e-19,0.0,294.3483333333355,70.0,0.0,255.0,0.0
38.1000000000004,35.72450338282244,51.27556449888472,1300.0000494141132,-6.407624999837935e-05,-5.5717916666253586e-05,0.0,0.0,-1.1368683772161603e-12,0.0,294.6300000000022,70.0,0.0,255.0,0.0
38.150000000000404,35.72449980465747,51.27556180028431,1300.0000489931554,-6.407624999837935e-05,-5.5717916666253586e-05,0.0,-5.684341886080801e-13,1.0842021724855044e-19,0.0,294.9116666666689,70.0,0.0,255.0,0.0
38.2000000000004,35.724496226147075,51.275559099426026,1300.0000485759228,-6.407625005522277e-05,-5.5717916666253586e-05,0.0,0.0,0.0,0.0,295.19333333333554,70.0,0.0,255.0,0.0
38.2500000000004,35.724492647300295,51.27555639630779,1300.0000481642783,-6.407624999837935e-05,-5.5717916666253586e-05,0.0,1.1368683772161603e-12,1.136868268795943e-12,0.0,295.47500000000224,70.0,0.0,255.0,0.0
38.3000000000004,35.724489068126225,51.27555369092762,1300.0000477554277,-6.407624994153593e-05,-5.571791655256675e-05,0.0,0.0,0.0,0.0,295.75666666666893,70.0,0.0,255.0,0.0
38.350000000000406,35.72448548863389,51.27555098328356,1300.0000473530963,-6.407624999837935e-05,-5.5717916666253586e-05,0.0,-5.684341886080801e-13,-2.2737366460121033e-12,0.0,296.0383333333356,70.0,0.0,255.0,0.0
38.400000000000404,35.724481908832395,51.27554827337372,1300.0000469526276,-6.407624999837935e-05,-5.5717916779940424e-05,0.0,-5.684341886080801e-13,0.0,0.0,296.32000000000227,70.0,0.0,255.0,0.0
38.4500000000004,35.72447832873084,51.275545561196274,1300.0000465596095,-6.407625005522277e-05,-5.5717916666253586e-05,0.0,0.0,1.136868268795943e-12,0.0,296.6016666666689,70.0,0.0,255.0,0.0
38.500000000000405,35.72447474833829,51.27554284674942,1300.0000461693853,-6.407624999837935e-05,-5.5717916666253586e-05,0.0,1.7053025658242404e-12,0.0,0.0,296.8833333333356,70.0,0.0,255.0,0.0
38.55000000000041,35.72447116766388,51.27554013003146,1300.0000457838178,-6.407624988469252e-05,-5.5717916666253586e-05,0.0,0.0,1.0842021724855044e-19,0.0,297.1650000000023,70.0,0.0,255.0,0.0
38.600000000000406,35.72446758671668,51.275537411040695,1300.0000454038382,-6.407624999837935e-05,-5.5717916666253586e-05,0.0,-1.7053025658242404e-12,0.0,0.0,297.44666666666893,70.0,0.0,255.0,0.0
38.650000000000404,35.72446400550583,51.27553468977551,1300.0000450275838,-6.407625005522277e-05,-5.5717916666253586e-05,0.0,-5.684341886080801e-13,-1.0842021724855044e-19,0.0,297.72833333333557,70.0,0.0,255.0,0.0
38.70000000000041,35.72446042404044,51.27553196623437,1300.0000446559861,-6.407625005522277e-05,-5.5717916666253586e-05,0.0,5.684341886080801e-13,0.0,0.0,298.01000000000226,70.0,0.0,255.0,0.0
38.75000000000041,35.72445684232962,51.275529240415736,1300.0000442899764,-6.407624999837935e-05,-5.5717916666253586e-05,0.0,5.684341886080801e-13,1.1368684856363775e-12,0.0,298.29166666666896,70.0,0.0,255.0,0.0
38.80000000000041,35.72445326038254,51.27552651231819,1300.0000439276919,-6.407624999837935e-05,-5.571791655256675e-05,0.0,0.0,0.0,0.0,298.57333333333565,70.0,0.0,255.0,0.0
38.850000000000406,35.72444967820832,51.27552378194031,1300.0000435719267,-6.407624999837935e-05,-5.5717916666253586e-05,0.0,5.684341886080801e-13,-2.273736862852538e-12,0.0,298.8550000000023,70.0,0.0,255.0,0.0
38.90000000000041,35.7244460958161,51.27552104928075,1300.0000432170928,-6.407624994153593e-05,-5.5717916779940424e-05,0.0,0.0,-1.1368683772161603e-12,0.0,299.13666666666893,70.0,0.0,255.0,0.0
38.950000000000415,35.72444251321504,51.27551831433825,1300.000042871572,-6.407624999837935e-05,-5.5717916779940424e-05,0.0,-5.684341886080801e-13,1.1368684856363775e-12,0.0,299.4183333333357,70.0,0.0,255.0,0.0
39.00000000000041,35.72443893041426,51.275515577111555,1300.0000425288454,-6.407624999837935e-05,-5.5717916666253586e-05,0.0,-5.684341886080801e-13,2.2737367544323206e-12,0.0,299.7000000000023,70.0,0.0,255.0,0.0
39.05000000000041,35.72443534742297,51.2755128375995,1300.0000421907753,-6.407625005522277e-05,-5.571791655256675e-05,0.0,0.0,-1.0842021724855044e-19,0.0,299.98166666666896,70.0,0.0,255.0,0.0
39.10000000000041,35.7244317642503,51.275510095800975,1300.0000418592244,-6.407624999837935e-05,-5.5717916666253586e-05,0.0,1.1368683772161603e-12,-1.1368683772161603e-12,0.0,300.26333333333565,70.0,0.0,255.0,0.0
39.15000000000042,35.72442818090542,51.275507351714886,1300.000041531399,-6.407624994153593e-05,-5.5717916666253586e-05,0.0,-5.684341886080801e-13,1.0842021724855044e-19,0.0,300.54500000000235,70.0,0.0,255.0,0.0
39.200000000000415,35.72442459739754,51.275504605340245,1300.0000412063673,-6.407625005522277e-05,-5.5717916666253586e-05,0.0,-5.684341886080801e-13,0.0,0.0,300.826666666669,70.0,0.0,255.0,0.0
39.25000000000041,35.72442101373577,51.27550185667608,1300.000040890649,-6.407624999837935e-05,-5.5717916666253586e-05,0.0,5.684341886080801e-13,1.136868268795943e-12,0.0,301.1083333333356,70.0,0.0,255.0,0.0
39.300000000000416,35.72441742992933,51.275499105721515,1300.0000405777246,-6.407624999837935e-05,-5.571791655256675e-05,0.0,0.0,0.0,0.0,301.3900000000023,70.0,0.0,255.0,0.0
39.35000000000042,35.72441384598741,51.27549635247569,1300.0000402694568,-6.407624999837935e-05,-5.5717916666253586e-05,0.0,5.684341886080801e-13,-2.2737366460121033e-12,0.0,301.671666666669,70.0,0.0,255.0,0.0
39.40000000000042,35.72441026191919,51.275493596937814,1300.000039966777,-6.407624994153593e-05,-5.5717916779940424e-05,0.0,-5.684341886080801e-13,0.0,0.0,301.95333333333565,70.0,0.0,255.0,0.0
39.450000000000415,35.724406677733825,51.27549083910718,1300.0000396678224,-6.407625005522277e-05,-5.5717916666253586e-05,0.0,-5.684341886080801e-13,1.136868268795943e-12,0.0,302.2350000000023,70.0,0.0,255.0,0.0
39.50000000000042,35.72440309344056,51.27548807898306,1300.0000393763185,-6.407624999837935e-05,-5.5717916666253586e-05,0.0,5.684341886080801e-13,0.0,0.0,302.51666666666904,70.0,0.0,255.0,0.0
39.55000000000042,35.72439950904857,51.275485316564875,1300.000039089471,-6.407624999837935e-05,-5.5717916666253586e-05,0.0,0.0,1.0842021724855044e-19,0.0,302.7983333333357,70.0,0.0,255.0,0.0
39.60000000000042,35.72439592456702,51.275482551852036,1300.0000388072804,-6.407624999837935e-05,-5.5717916666253586e-05,0.0,0.0,0.0,0.0,303.08000000000237,70.0,0.0,255.0,0.0
39.65000000000042,35.72439234000516,51.27547978484405,1300.0000385297462,-6.407624999837935e-05,-5.5717916666253586e-05,0.0,-5.684341886080801e-13,-1.0842021724855044e-19,0.0,303.361666666669,70.0,0.0,255.0,0.0
39.70000000000042,35.72438875537216,51.27547701554044,1300.0000382578,-6.407625005522277e-05,-5.5717916666253586e-05,0.0,5.684341886080801e-13,0.0,0.0,303.6433333333357,70.0,0.0,255.0,0.0
39.750000000000426,35.72438517067726,51.27547424394081,1300.0000379914418,-6.407624994153593e-05,-5.5717916666253586e-05,0.0,5.684341886080801e-13,1.1368684856363775e-12,0.0,303.9250000000024,70.0,0.0,255.0,0.0
39.80000000000042,35.724381585929606,51.27547147004482,1300.0000377297401,-6.407624999837935e-05,-5.571791655256675e-05,0.0,-5.684341886080801e-13,0.0,0.0,304.20666666666904,70.0,0.0,255.0,0.0
39.85000000000042,35.724378001138454,51.2754686938522,1300.0000374745578,-6.407624999837935e-05,-5.5717916666253586e-05,0.0,0.0,-2.273736862852538e-12,0.0,304.4883333333357,70.0,0.0,255.0,0.0
39.900000000000425,35.72437441631298,51.275465915362666,1300.0000372231007,-6.407624999837935e-05,-5.5717916779940424e-05,0.0,0.0,-1.1368683772161603e-12,0.0,304.77000000000237,70.0,0.0,255.0,0.0
39.95000000000043,35.724370831462416,51.27546313457609,1300.0000369763002,-6.407624999837935e-05,-5.5717916779940424e-05,0.0,5.684341886080801e-13,1.1368684856363775e-12,0.0,305.05166666666906,70.0,0.0,255.0,0.0
40.000000000000426,35.72436724659595,51.27546035149231,1300.0000367378816,-6.407624994153593e-05,-5.5717916666253586e-05,0.0,-5.684341886080801e-13,2.2737367544323206e-12,0.0,305.3333333333357,70.0,0.0,255.0,0.0
40.05000000000042,35.72436366172281,51.275457566111285,1300.000036502257,-6.407625005522277e-05,-5.571791655256675e-05,0.0,-5.684341886080801e-13,-1.0842021724855044e-19,0.0,305.6150000000024,70.0,0.0,255.0,0.0
40.10000000000043,35.724360076852186,51.275454778432994,1300.0000362750143,-6.407624999837935e-05,-5.5717916666253586e-05,0.0,5.684341886080801e-13,-1.1368683772161603e-12,0.0,305.89666666666903,70.0,0.0,255.0,0.0
40.15000000000043,35.724356491993305,51.275451988457476,1300.0000360505655,-6.407624999837935e-05,-5.5717916666253586e-05,0.0,-5.684341886080801e-13,1.0842021724855044e-19,0.0,306.17833333333573,70.0,0.0,255.0,0.0
40.20000000000043,35.724352907155364,51.27544919618484,1300.000035832636,-6.407625005522277e-05,-5.5717916666253586e-05,0.0,5.684341886080801e-13,0.0,0.0,306.4600000000024,70.0,0.0,255.0,0.0
40.250000000000426,35.724349322347564,51.27544640161521,1300.0000356193632,-6.407624994153593e-05,-5.5717916666253586e-05,0.0,5.684341886080801e-13,1.136868268795943e-12,0.0,306.74166666666906,70.0,0.0,255.0,0.0
40.30000000000043,35.72434573757914,51.27544360474885,1300.0000354098156,-6.407624999837935e-05,-5.571791655256675e-05,0.0,-5.684341886080801e-13,0.0,0.0,307.02333333333576,70.0,0.0,255.0,0.0
40.350000000000435,35.724342152859265,51.27544080558597,1300.0000352095813,-6.407624999837935e-05,-5.5717916666253586e-05,0.0,0.0,-2.2737366460121033e-12,0.0,307.30500000000245,70.0,0.0,255.0,0.0
40.40000000000043,35.72433856819717,51.27543800412693,1300.0000350140035,-6.407624999837935e-05,-5.5717916779940424e-05,0.0,-5.684341886080801e-13,0.0,0.0,307.5866666666691,70.0,0.0,255.0,0.0
40.45000000000043,35.72433498360204,51.275435200372094,1300.000034822151,-6.407625005522277e-05,-5.5717916666253586e-05,0.0,0.0,1.136868268795943e-12,0.0,307.8683333333357,70.0,0.0,255.0,0.0
40.50000000000043,35.72433139908309,51.27543239432188,1300.0000346377492,-6.407624999837935e-05,-5.5717916666253586e-05,0.0,5.684341886080801e-13,0.0,0.0,308.1500000000024,70.0,0.0,255.0,0.0
40.55000000000044,35.72432781464952,51.27542958597679,1300.000034458004,-6.407624999837935e-05,-5.5717916666253586e-05,0.0,5.684341886080801e-13,1.0842021724855044e-19,0.0,308.4316666666691,70.0,0.0,255.0,0.0
40.600000000000435,35.724324230310536,51.275426775337365,1300.0000342838466,-6.407624994153593e-05,-5.5717916666253586e-05,0.0,0.0,0.0,0.0,308.71333333333575,70.0,0.0,255.0,0.0
40.65000000000043,35.72432064607531,51.2754239624042,1300.000034114346,-6.407624999837935e-05,-5.5717916666253586e-05,0.0,-1.1368683772161603e-12,-1.0842021724855044e-19,0.0,308.9950000000024,70.0,0.0,255.0,0.0
40.700000000000436,35.72431706195305,51.27542114717796,1300.0000339522958,-6.407625005522277e-05,-5.5717916666253586e-05,0.0,0.0,0.0,0.0,309.2766666666691,70.0,0.0,255.0,0.0
40.75000000000044,35.72431347795295,51.27541832965933,1300.0000337949023,-6.407624999837935e-05,-5.5717916666253586e-05,0.0,5.684341886080801e-13,1.0842021724855044e-19,0.0,309.5583333333358,70.0,0.0,255.0,0.0
40.80000000000044,35.72430989408418,51.2754155098491,1300.000033644028,-6.407624999837935e-05,-5.5717916666253586e-05,0.0,5.684341886080801e-13,0.0,0.0,309.8400000000024,70.0,0.0,255.0,0.0
40.850000000000435,35.72430631035596,51.275412687748066,1300.000033496879,-6.407624994153593e-05,-5.5717916666253586e-05,0.0,0.0,-1.0842021724855044e-19,0.0,310.1216666666691,70.0,0.0,255.0,0.0
40.90000000000044,35.72430272677744,51.275409863357126,1300.0000333571807,-6.407624999837935e-05,-5.5717916666253586e-05,0.0,-5.684341886080801e-13,-1.1368683772161603e-12,0.0,310.4033333333358,70.0,0.0,255.0,0.0
40.95000000000044,35.724299143357804,51.2754070366772,1300.0000332230702,-6.407624999837935e-05,-5.5717916779940424e-05,0.0,0.0,1.0842021724855044e-19,0.0,310.68500000000245,70.0,0.0,255.0,0.0
41.00000000000044,35.72429556010623,51.27540420770927,1300.0000330945477,-6.407624999837935e-05,-5.5717916666253586e-05,0.0,-5.684341886080801e-13,1.1368683772161603e-12,0.0,310.96666666666914,70.0,0.0,255.0,0.0
41.05000000000044,35.72429197703189,51.27540137645438,1300.000032971613,-6.407625005522277e-05,-5.5717916666253586e-05,0.0,5.684341886080801e-13,-1.0842021724855044e-19,0.0,311.2483333333358,70.0,0.0,255.0,0.0
41.10000000000044,35.72428839414395,51.27539854291363,1300.0000328542665,-6.407624994153593e-05,-5.5717916666253586e-05,0.0,5.684341886080801e-13,1.1368683772161603e-12,0.0,311.5300000000025,70.0,0.0,255.0,0.0
41.150000000000446,35.72428481145157,51.27539570708818,1300.0000327443704,-6.407624999837935e-05,-5.571791655256675e-05,0.0,-1.1368683772161603e-12,1.0842021724855044e-19,0.0,311.81166666666917,70.0,0.0,255.0,0.0
41.20000000000044,35.724281228963896,51.27539286897921,1300.0000326372683,-6.407625005522277e-05,-5.5717916666253586e-05,0.0,0.0,-1.1368683772161603e-12,0.0,312.0933333333358,70.0,0.0,255.0,0.0
41.25000000000044,35.72427764669009,51.275390028588,1300.000032538548,-6.407624999837935e-05,-5.5717916666253586e-05,0.0,5.684341886080801e-13,-1.0842021724855044e-19,0.0,312.37500000000244,70.0,0.0,255.0,0.0
41.300000000000445,35.724274064639296,51.275387185915875,1300.0000324435532,-6.407624999837935e-05,-5.5717916666253586e-05,0.0,0.0,0.0,0.0,312.65666666666914,70.0,0.0,255.0,0.0
41.35000000000045,35.724270482820664,51.27538434096419,1300.0000323578715,-6.407624999837935e-05,-5.5717916666253586e-05,0.0,0.0,1.0842021724855044e-19,0.0,312.93833333333583,70.0,0.0,255.0,0.0
41.400000000000446,35.7242669012433,51.27538149373439,1300.0000322749838,-6.407624999837935e-05,-5.5717916666253586e-05,0.0,0.0,0.0,0.0,313.2200000000025,70.0,0.0,255.0,0.0
41.45000000000044,35.724263319916375,51.275378644227935,1300.000032197684,-6.407624999837935e-05,-5.5717916666253586e-05,0.0,0.0,-1.0842021724855044e-19,0.0,313.50166666666917,70.0,0.0,255.0,0.0
41.50000000000045,35.724259738848986,51.27537579244638,1300.0000321278349,-6.407624999837935e-05,-5.5717916666253586e-05,0.0,0.0,-1.1368683772161603e-12,0.0,313.7833333333358,70.0,0.0,255.0,0.0
41.55000000000045,35.724256158050245,51.275372938391314,1300.000032064505,-6.407624999837935e-05,-5.5717916779940424e-05,0.0,-5.684341886080801e-13,1.0842021724855044e-19,0.0,314.06500000000256,70.0,0.0,255.0,0.0
41.60000000000045,35.724252577529285,51.275370082064384,1300.0000320058316,-6.407625005522277e-05,-5.5717916666253586e-05,0.0,0.0,2.2737367544323206e-12,0.0,314.3466666666692,70.0,0.0,255.0,0.0
41.650000000000446,35.72424899729518,51.27536722346729,1300.0000319536775,-6.407624999837935e-05,-5.571791655256675e-05,0.0,1.1368683772161603e-12,-1.0842021724855044e-19,0.0,314.62833333333583,70.0,0.0,255.0,0.0
41.70000000000045,35.72424541735706,51.27536436260179,1300.0000319071114,-6.407624994153593e-05,-5.5717916666253586e-05,0.0,0.0,-1.1368683772161603e-12,0.0,314.9100000000025,70.0,0.0,255.0,0.0
41.750000000000455,35.72424183772399,51.275361499469696,1300.0000318679959,-6.407624999837935e-05,-5.5717916666253586e-05,0.0,-5.684341886080801e-13,1.0842021724855044e-19,0.0,315.1916666666692,70.0,0.0,255.0,0.0
41.80000000000045,35.72423825840506,51.27535863407288,1300.0000318344682,-6.407624999837935e-05,-5.5717916666253586e-05,0.0,-5.684341886080801e-13,0.0,0.0,315.47333333333586,70.0,0.0,255.0,0.0
41.85000000000045,35.72423467940935,51.27535576641324,1300.0000318028033,-6.407625005522277e-05,-5.5717916666253586e-05,0.0,0.0,-1.0842021724855044e-19,0.0,315.7550000000025,70.0,0.0,255.0,0.0
41.90000000000045,35.72423110074592,51.27535289649279,1300.0000317813829,-6.407624999837935e-05,-5.5717916666253586e-05,0.0,5.684341886080801e-13,-1.1368683772161603e-12,0.0,316.0366666666692,70.0,0.0,255.0,0.0
41.95000000000046,35.72422752242385,51.275350024313546,1300.0000317655504,-6.407624999837935e-05,-5.5717916779940424e-05,0.0,0.0,1.0842021724855044e-19,0.0,316.3183333333359,70.0,0.0,255.0,0.0
42.000000000000455,35.72422394445215,51.275347149877575,1300.0000317553058,-6.407624999837935e-05,-5.5717916666253586e-05,0.0,5.684341886080801e-13,1.1368683772161603e-12,0.0,316.6000000000025,70.0,0.0,255.0,0.0
42.05000000000045,35.724220366839894,51.275344273187045,1300.0000317515805,-6.407624994153593e-05,-5.5717916666253586e-05,0.0,-5.684341886080801e-13,-1.0842021724855044e-19,0.0,316.88166666666916,70.0,0.0,255.0,0.0
42.100000000000456,35.724216789596106,51.27534139424412,1300.0000317534432,-6.407625005522277e-05,-5.5717916666253586e-05,0.0,-5.684341886080801e-13,1.1368683772161603e-12,0.0,317.1633333333359,70.0,0.0,255.0,0.0
42.15000000000046,35.724213212729815,51.27533851305108,1300.0000317599624,-6.407624999837935e-05,-5.571791655256675e-05,0.0,5.684341886080801e-13,1.0842021724855044e-19,0.0,317.44500000000255,70.0,0.0,255.0,0.0
42.20000000000046,35.72420963625002,51.275335629610204,1300.000031775795,-6.407624999837935e-05,-5.5717916666253586e-05,0.0,0.0,-1.1368683772161603e-12,0.0,317.7266666666692,70.0,0.0,255.0,0.0
42.250000000000455,35.72420606016575,51.27533274392386,1300.0000317953527,-6.407624999837935e-05,-5.5717916666253586e-05,0.0,5.684341886080801e-13,-1.0842021724855044e-19,0.0,318.0083333333359,70.0,0.0,255.0,0.0
42.30000000000046,35.724202484485986,51.27532985599446,1300.0000318214297,-6.407624994153593e-05,-5.5717916666253586e-05,0.0,0.0,0.0,0.0,318.2900000000026,70.0,0.0,255.0,0.0
42.35000000000046,35.72419890921973,51.275326965824476,1300.0000318549573,-6.407624999837935e-05,-5.5717916666253586e-05,0.0,-5.684341886080801e-13,1.0842021724855044e-19,0.0,318.5716666666693,70.0,0.0,255.0,0.0
42.40000000000046,35.724195334375935,51.275324073416414,1300.0000318922102,-6.407624999837935e-05,-5.5717916666253586e-05,0.0,-5.684341886080801e-13,0.0,0.0,318.8533333333359,70.0,0.0,255.0,0.0
42.45000000000046,35.7241917599636,51.27532117877286,1300.0000319369137,-6.407625005522277e-05,-5.5717916666253586e-05,0.0,0.0,-1.0842021724855044e-19,0.0,319.13500000000255,70.0,0.0,255.0,0.0
42.50000000000046,35.72418818599164,51.275318281896425,1300.0000319881365,-6.407624999837935e-05,-5.5717916666253586e-05,0.0,1.1368683772161603e-12,-1.1368683772161603e-12,0.0,319.41666666666924,70.0,0.0,255.0,0.0
42.550000000000466,35.724184612469045,51.275315382789806,1300.0000320458785,-6.407624994153593e-05,-5.5717916779940424e-05,0.0,-5.684341886080801e-13,1.0842021724855044e-19,0.0,319.69833333333594,70.0,0.0,255.0,0.0
42.60000000000046,35.724181039404726,51.27531248145576,1300.000032108277,-6.407625005522277e-05,-5.5717916666253586e-05,0.0,-5.684341886080801e-13,2.2737367544323206e-12,0.0,319.9800000000026,70.0,0.0,255.0,0.0
42.65000000000046,35.72417746680759,51.27530957789703,1300.0000321762636,-6.407624999837935e-05,-5.571791655256675e-05,0.0,5.684341886080801e-13,-1.0842021724855044e-19,0.0,320.26166666666927,70.0,0.0,255.0,0.0
42.700000000000465,35.72417389468659,51.27530667211649,1300.000032252632,-6.407624999837935e-05,-5.5717916666253586e-05,0.0,0.0,-1.1368683772161603e-12,0.0,320.5433333333359,70.0,0.0,255.0,0.0
42.75000000000047,35.724170323050586,51.27530376411704,1300.0000323355198,-6.407624999837935e-05,-5.5717916666253586e-05,0.0,0.0,1.0842021724855044e-19,0.0,320.8250000000026,70.0,0.0,255.0,0.0
42.800000000000466,35.72416675190851,51.27530085390162,1300.000032423064,-6.407624999837935e-05,-5.5717916666253586e-05,0.0,-5.684341886080801e-13,0.0,0.0,321.1066666666693,70.0,0.0,255.0,0.0
42.85000000000046,35.7241631812692,51.27529794147323,1300.0000325161964,-6.407625005522277e-05,-5.5717916666253586e-05,0.0,5.684341886080801e-13,-1.0842021724855044e-19,0.0,321.38833333333594,70.0,0.0,255.0,0.0
42.90000000000047,35.72415961114153,51.27529502683495,1300.0000326177105,-6.407624994153593e-05,-5.5717916666253586e-05,0.0,5.684341886080801e-13,-1.1368683772161603e-12,0.0,321.67000000000263,70.0,0.0,255.0,0.0
42.95000000000047,35.72415604153437,51.275292109989856,1300.00003272295,-6.407624999837935e-05,-5.5717916779940424e-05,0.0,-5.684341886080801e-13,1.0842021724855044e-19,0.0,321.9516666666693,70.0,0.0,255.0,0.0
43.00000000000047,35.72415247245655,51.275289190941145,1300.0000328375027,-6.407624999837935e-05,-5.5717916666253586e-05,0.0,0.0,1.1368683772161603e-12,0.0,322.23333333333596,70.0,0.0,255.0,0.0
43.050000000000466,35.7241489039169,51.27528626969202,1300.0000329548493,-6.407624999837935e-05,-5.5717916666253586e-05,0.0,-5.684341886080801e-13,-1.0842021724855044e-19,0.0,322.5150000000026,70.0,0.0,255.0,0.0
43.10000000000047,35.72414533592421,51.27528334624574,1300.0000330824405,-6.407625005522277e-05,-5.5717916666253586e-05,0.0,5.684341886080801e-13,1.1368683772161603e-12,0.0,322.7966666666693,70.0,0.0,255.0,0.0
43.150000000000475,35.72414176848733,51.275280420605675,1300.0000332128257,-6.407624994153593e-05,-5.571791655256675e-05,0.0,5.684341886080801e-13,1.0842021724855044e-19,0.0,323.078333333336,70.0,0.0,255.0,0.0
43.20000000000047,35.724138201615,51.275277492775174,1300.00003334973,-6.407624999837935e-05,-5.5717916666253586e-05,0.0,-5.684341886080801e-13,-1.1368683772161603e-12,0.0,323.36000000000263,70.0,0.0,255.0,0.0
43.25000000000047,35.72413463531602,51.275274562757645,1300.0000334950164,-6.407624999837935e-05,-5.5717916666253586e-05,0.0,0.0,-1.0842021724855044e-19,0.0,323.64166666666927,70.0,0.0,255.0,0.0
43.30000000000047,35.72413106959914,51.275271630556595,1300.0000336449593,-6.407624999837935e-05,-5.5717916666253586e-05,0.0,0.0,0.0,0.0,323.92333333333596,70.0,0.0,255.0,0.0
43.35000000000048,35.724127504473124,51.27526869617556,1300.0000338014215,-6.407624999837935e-05,-5.5717916666253586e-05,0.0,5.684341886080801e-13,1.0842021724855044e-19,0.0,324.20500000000266,70.0,0.0,255.0,0.0
43.400000000000475,35.724123939946665,51.27526575961813,1300.000033964403,-6.407624994153593e-05,-5.5717916666253586e-05,0.0,-5.684341886080801e-13,0.0,0.0,324.4866666666693,70.0,0.0,255.0,0.0
43.45000000000047,35.72412037602852,51.27526282088794,1300.000034134835,-6.407625005522277e-05,-5.5717916666253586e-05,0.0,-5.684341886080801e-13,-1.0842021724855044e-19,0.0,324.768333333336,70.0,0.0,255.0,0.0
43.500000000000476,35.72411681272738,51.27525987998868,1300.000034310855,-6.407624999837935e-05,-5.5717916666253586e-05,0.0,5.684341886080801e-13,-1.1368683772161603e-12,0.0,325.0500000000027,70.0,0.0,255.0,0.0
43.55000000000048,35.724113250051936,51.27525693692411,1300.0000344906002,-6.407624999837935e-05,-5.5717916779940424e-05,0.0,-5.684341886080801e-13,1.0842021724855044e-19,0.0,325.3316666666693,70.0,0.0,255.0,0.0
43.60000000000048,35.72410968801083,51.27525399169801,1300.0000346815214,-6.407625005522277e-05,-5.5717916666253586e-05,0.0,0.0,2.2737367544323206e-12,0.0,325.613333333336,70.0,0.0,255.0,0.0
43.650000000000475,35.72410612661276,51.275251044314246,1300.0000348743051,-6.407624999837935e-05,-5.571791655256675e-05,0.0,5.684341886080801e-13,-1.0842021724855044e-19,0.0,325.89500000000265,70.0,0.0,255.0,0.0
43.70000000000048,35.724102565866346,51.27524809477672,1300.0000350736082,-6.407624999837935e-05,-5.5717916666253586e-05,0.0,5.684341886080801e-13,-1.1368683772161603e-12,0.0,326.17666666666935,70.0,0.0,255.0,0.0
43.75000000000048,35.72409900578022,51.27524514308938,1300.0000352822244,-6.407624994153593e-05,-5.5717916666253586e-05,0.0,0.0,1.0842021724855044e-19,0.0,326.45833333333604,70.0,0.0,255.0,0.0
43.80000000000048,35.72409544636298,51.27524218925624,1300.000035494566,-6.407624999837935e-05,-5.5717916666253586e-05,0.0,-1.1368683772161603e-12,0.0,0.0,326.7400000000027,70.0,0.0,255.0,0.0
43.85000000000048,35.724091887623246,51.27523923328134,1300.0000357152894,-6.407625005522277e-05,-5.5717916666253586e-05,0.0,0.0,-1.0842021724855044e-19,0.0,327.0216666666693,70.0,0.0,255.0,0.0
43.90000000000048,35.72408832956957,51.275236275168815,1300.0000359416008,-6.407624999837935e-05,-5.5717916666253586e-05,0.0,5.684341886080801e-13,-1.1368683772161603e-12,0.0,327.303333333336,70.0,0.0,255.0,0.0
43.950000000000486,35.724084772210524,51.275233314922815,1300.0000361735001,-6.407624999837935e-05,-5.5717916779940424e-05,0.0,5.684341886080801e-13,1.0842021724855044e-19,0.0,327.5850000000027,70.0,0.0,255.0,0.0
44.00000000000048,35.72408121555466,51.27523035254755,1300.0000364119187,-6.407624994153593e-05,-5.5717916666253586e-05,0.0,0.0,1.1368683772161603e-12,0.0,327.8666666666694,70.0,0.0,255.0,0.0
44.05000000000048,35.724077659610494,51.2752273880473,1300.0000366559252,-6.407624999837935e-05,-5.5717916666253586e-05,0.0,-1.1368683772161603e-12,-1.0842021724855044e-19,0.0,328.14833333333604,70.0,0.0,255.0,0.0
44.100000000000485,35.724074104386524,51.27522442142637,1300.0000369083136,-6.407625005522277e-05,-5.5717916666253586e-05,0.0,0.0,1.1368683772161603e-12,0.0,328.4300000000027,70.0,0.0,255.0,0.0
44.15000000000049,35.724070549891266,51.275221452689124,1300.0000371644273,-6.407624999837935e-05,-5.571791655256675e-05,0.0,5.684341886080801e-13,1.0842021724855044e-19,0.0,328.71166666666943,70.0,0.0,255.0,0.0
44.200000000000486,35.72406699613319,51.27521848184,1300.000037428923,-6.407624999837935e-05,-5.5717916666253586e-05,0.0,5.684341886080801e-13,-1.1368683772161603e-12,0.0,328.99333333333607,70.0,0.0,255.0,0.0
44.25000000000048,35.72406344312074,51.275215508883434,1300.0000376999378,-6.407624994153593e-05,-5.5717916666253586e-05,0.0,0.0,-1.0842021724855044e-19,0.0,329.2750000000027,70.0,0.0,255.0,0.0
44.30000000000049,35.72405989086238,51.27521253382398,1300.0000379737467,-6.407624999837935e-05,-5.5717916666253586e-05,0.0,-5.684341886080801e-13,0.0,0.0,329.5566666666694,70.0,0.0,255.0,0.0
44.35000000000049,35.724056339366484,51.27520955666619,1300.0000382578,-6.407624999837935e-05,-5.5717916666253586e-05,0.0,0.0,1.0842021724855044e-19,0.0,329.8383333333361,70.0,0.0,255.0,0.0
44.40000000000049,35.72405278864151,51.27520657741472,1300.00003854651,-6.407624999837935e-05,-5.5717916666253586e-05,0.0,-5.684341886080801e-13,0.0,0.0,330.12000000000273,70.0,0.0,255.0,0.0
44.450000000000486,35.724049238695805,51.27520359607419,1300.000038840808,-6.407625005522277e-05,-5.5717916666253586e-05,0.0,-5.684341886080801e-13,-1.0842021724855044e-19,0.0,330.40166666666937,70.0,0.0,255.0,0.0
44.50000000000049,35.72404568953776,51.27520061264934,1300.0000391453505,-6.407625005522277e-05,-5.5717916666253586e-05,0.0,5.684341886080801e-13,-1.1368683772161603e-12,0.0,330.68333333333607,70.0,0.0,255.0,0.0
44.550000000000495,35.72404214117568,51.27519762714498,1300.0000394517556,-6.407624999837935e-05,-5.5717916779940424e-05,0.0,1.1368683772161603e-12,1.0842021724855044e-19,0.0,330.96500000000276,70.0,0.0,255.0,0.0
44.60000000000049,35.72403859361794,51.27519463956589,1300.00003976468,-6.407624994153593e-05,-5.5717916666253586e-05,0.0,0.0,2.2737367544323206e-12,0.0,331.2466666666694,70.0,0.0,255.0,0.0
44.65000000000049,35.724035046872814,51.275191649916984,1300.000040087849,-6.407624999837935e-05,-5.571791655256675e-05,0.0,-5.684341886080801e-13,-1.0842021724855044e-19,0.0,331.52833333333604,70.0,0.0,255.0,0.0
44.70000000000049,35.72403150094861,51.27518865820315,1300.0000404128805,-6.407624999837935e-05,-5.5717916666253586e-05,0.0,0.0,-1.1368683772161603e-12,0.0,331.8100000000028,70.0,0.0,255.0,0.0
44.7500000000005,35.724027955853586,51.27518566442938,1300.0000407453626,-6.407624999837935e-05,-5.5717916666253586e-05,0.0,0.0,1.0842021724855044e-19,0.0,332.0916666666694,70.0,0.0,255.0,0.0
44.800000000000495,35.72402441159598,51.275182668600685,1300.000041084364,-6.407624999837935e-05,-5.5717916666253586e-05,0.0,0.0,0.0,0.0,332.37333333333606,70.0,0.0,255.0,0.0
44.85000000000049,35.724020868184034,51.27517967072216,1300.000041430816,-6.407624999837935e-05,-5.5717916666253586e-05,0.0,0.0,-1.0842021724855044e-19,0.0,332.65500000000276,70.0,0.0,255.0,0.0
44.900000000000496,35.72401732562596,51.275176670798906,1300.000041782856,-6.407624999837935e-05,-5.5717916666253586e-05,0.0,0.0,-1.1368683772161603e-12,0.0,332.93666666666945,70.0,0.0,255.0,0.0
44.9500000000005,35.72401378392992,51.27517366883612,1300.0000421404839,-6.407624999837935e-05,-5.5717916779940424e-05,0.0,-5.684341886080801e-13,1.0842021724855044e-19,0.0,333.21833333333615,70.0,0.0,255.0,0.0
45.0000000000005,35.724010243104104,51.275170664838996,1300.000042507425,-6.407625005522277e-05,-5.5717916666253586e-05,0.0,0.0,1.1368683772161603e-12,0.0,333.5000000000028,70.0,0.0,255.0,0.0
45.050000000000495,35.72400670315664,51.27516765881282,1300.0000428762287,-6.407624999837935e-05,-5.5717916666253586e-05,0.0,1.1368683772161603e-12,-1.0842021724855044e-19,0.0,333.7816666666694,70.0,0.0,255.0,0.0
45.1000000000005,35.72400316409567,51.27516465076292,1300.0000432534143,-6.407624994153593e-05,-5.5717916666253586e-05,0.0,0.0,1.1368683772161603e-12,0.0,334.0633333333361,70.0,0.0,255.0,0.0
45.1500000000005,35.72399962592928,51.27516164069464,1300.0000436352566,-6.407624999837935e-05,-5.571791655256675e-05,0.0,-5.684341886080801e-13,1.0842021724855044e-19,0.0,334.3450000000028,70.0,0.0,255.0,0.0
45.2000000000005,35.72399608866555,51.275158628613426,1300.0000440273434,-6.407624999837935e-05,-5.5717916666253586e-05,0.0,-5.684341886080801e-13,-1.1368683772161603e-12,0.0,334.62666666666945,70.0,0.0,255.0,0.0
45.2500000000005,35.72399255231254,51.27515561452472,1300.0000444231555,-6.407625005522277e-05,-5.5717916666253586e-05,0.0,0.0,-1.0842021724855044e-19,0.0,334.90833333333615,70.0,0.0,255.0,0.0
45.3000000000005,35.72398901687829,51.27515259843407,1300.0000448236242,-6.407624999837935e-05,-5.5717916666253586e-05,0.0,5.684341886080801e-13,0.0,0.0,335.1900000000028,70.0,0.0,255.0,0.0
45.350000000000506,35.72398548237083,51.27514958034699,1300.0000452324748,-6.407624999837935e-05,-5.5717916666253586e-05,0.0,0.0,1.0842021724855044e-19,0.0,335.4716666666695,70.0,0.0,255.0,0.0
45.4000000000005,35.72398194879813,51.27514656026914,1300.000045645982,-6.407624999837935e-05,-5.5717916666253586e-05,0.0,5.684341886080801e-13,0.0,0.0,335.7533333333362,70.0,0.0,255.0,0.0
45.4500000000005,35.723978416168144,51.275143538206166,1300.0000460660085,-6.407624994153593e-05,-5.5717916666253586e-05,0.0,-5.684341886080801e-13,-1.0842021724855044e-19,0.0,336.0350000000028,70.0,0.0,255.0,0.0
45.500000000000504,35.72397488448887,51.275140514163745,1300.000046494417,-6.407625005522277e-05,-5.5717916666253586e-05,0.0,-5.684341886080801e-13,-1.1368683772161603e-12,0.0,336.3166666666695,70.0,0.0,255.0,0.0
45.55000000000051,35.72397135376818,51.27513748814768,1300.0000469256192,-6.407624999837935e-05,-5.5717916779940424e-05,0.0,5.684341886080801e-13,1.0842021724855044e-19,0.0,336.5983333333362,70.0,0.0,255.0,0.0
45.600000000000506,35.72396782401399,51.27513446016373,1300.0000473661348,-6.407624999837935e-05,-5.5717916666253586e-05,0.0,0.0,1.1368683772161603e-12,0.0,336.88000000000284,70.0,0.0,255.0,0.0
45.6500000000005,35.7239642952342,51.27513143021777,1300.0000478103757,-6.407624999837935e-05,-5.5717916666253586e-05,0.0,5.684341886080801e-13,-1.0842021724855044e-19,0.0,337.1616666666695,70.0,0.0,255.0,0.0
45.70000000000051,35.72396076743663,51.275128398315694,1300.0000482629985,-6.407624994153593e-05,-5.5717916666253586e-05,0.0,0.0,1.1368683772161603e-12,0.0,337.44333333333617,70.0,0.0,255.0,0.0
45.75000000000051,35.72395724062914,51.27512536446345,1300.0000487202778,-6.407624999837935e-05,-5.571791655256675e-05,0.0,-5.684341886080801e-13,1.0842021724855044e-19,0.0,337.72500000000286,70.0,0.0,255.0,0.0
45.80000000000051,35.723953714819515,51.275122328667024,1300.0000491850078,-6.407624999837935e-05,-5.5717916666253586e-05,0.0,-5.684341886080801e-13,-1.1368683772161603e-12,0.0,338.0066666666695,70.0,0.0,255.0,0.0
45.850000000000506,35.72395019001555,51.275119290932466,1300.0000496543944,-6.407625005522277e-05,-5.5717916666253586e-05,0.0,0.0,-1.0842021724855044e-19,0.0,338.28833333333614,70.0,0.0,255.0,0.0
45.90000000000051,35.723946666224975,51.27511625126585,1300.0000501303002,-6.407624999837935e-05,-5.5717916666253586e-05,0.0,5.684341886080801e-13,-1.1368683772161603e-12,0.0,338.57000000000284,70.0,0.0,255.0,0.0
45.950000000000514,35.72394314345556,51.275113209673314,1300.000050611794,-6.407624999837935e-05,-5.5717916779940424e-05,0.0,-5.684341886080801e-13,1.0842021724855044e-19,0.0,338.85166666666953,70.0,0.0,255.0,0.0
46.00000000000051,35.72393962171498,51.275110166161035,1300.000051102601,-6.407625005522277e-05,-5.5717916666253586e-05,0.0,5.684341886080801e-13,1.1368683772161603e-12,0.0,339.13333333333617,70.0,0.0,255.0,0.0
46.05000000000051,35.72393610101095,51.275107120735264,1300.0000515952706,-6.407624994153593e-05,-5.5717916666253586e-05,0.0,5.684341886080801e-13,-1.0842021724855044e-19,0.0,339.41500000000286,70.0,0.0,255.0,0.0
46.10000000000051,35.72393258135113,51.275104073402225,1300.0000520953909,-6.407624999837935e-05,-5.5717916666253586e-05,0.0,-5.684341886080801e-13,0.0,0.0,339.69666666666956,70.0,0.0,255.0,0.0
46.15000000000052,35.723929062743096,51.27510102416828,1300.0000526020303,-6.407624999837935e-05,-5.5717916666253586e-05,0.0,0.0,1.0842021724855044e-19,0.0,339.9783333333362,70.0,0.0,255.0,0.0
46.200000000000514,35.72392554519452,51.27509797303975,1300.0000531142578,-6.407624999837935e-05,-5.5717916666253586e-05,0.0,-5.684341886080801e-13,1.1368683772161603e-12,0.0,340.2600000000029,70.0,0.0,255.0,0.0
46.25000000000051,35.72392202871294,51.27509492002311,1300.0000536330044,-6.407625005522277e-05,-5.571791655256675e-05,0.0,5.684341886080801e-13,-1.0842021724855044e-19,0.0,340.5416666666695,70.0,0.0,255.0,0.0
46.300000000000516,35.72391851330595,51.27509186512474,1300.0000541564077,-6.407624994153593e-05,-5.5717916666253586e-05,0.0,5.684341886080801e-13,-1.1368683772161603e-12,0.0,340.8233333333362,70.0,0.0,255.0,0.0
46.35000000000052,35.72391499898105,51.27508880835119,1300.0000546891242,-6.407624999837935e-05,-5.5717916666253586e-05,0.0,-5.684341886080801e-13,1.0842021724855044e-19,0.0,341.1050000000029,70.0,0.0,255.0,0.0
46.40000000000052,35.72391148574576,51.27508574970901,1300.0000552237034,-6.407624999837935e-05,-5.5717916666253586e-05,0.0,0.0,0.0,0.0,341.38666666666956,70.0,0.0,255.0,0.0
46.450000000000514,35.72390797360755,51.275082689204744,1300.000055768527,-6.407624999837935e-05,-5.5717916666253586e-05,0.0,-5.684341886080801e-13,-1.0842021724855044e-19,0.0,341.6683333333362,70.0,0.0,255.0,0.0
46.50000000000052,35.723904462573884,51.27507962684509,1300.000056317076,-6.407625005522277e-05,-5.5717916666253586e-05,0.0,5.684341886080801e-13,-1.1368683772161603e-12,0.0,341.9500000000029,70.0,0.0,255.0,0.0
46.55000000000052,35.723900952652166,51.275076562636684,1300.000056871213,-6.407624994153593e-05,-5.5717916779940424e-05,0.0,5.684341886080801e-13,1.0842021724855044e-19,0.0,342.2316666666696,70.0,0.0,255.0,0.0
46.60000000000052,35.72389744384982,51.275073496586266,1300.0000574328005,-6.407624999837935e-05,-5.5717916666253586e-05,0.0,-5.684341886080801e-13,1.1368683772161603e-12,0.0,342.5133333333362,70.0,0.0,255.0,0.0
46.65000000000052,35.72389393617418,51.27507042870061,1300.0000579990447,-6.407624999837935e-05,-5.5717916666253586e-05,0.0,0.0,-1.0842021724855044e-19,0.0,342.7950000000029,70.0,0.0,255.0,0.0
46.70000000000052,35.723890429632625,51.27506735898653,1300.0000585708767,-6.407624999837935e-05,-5.5717916666253586e-05,0.0,0.0,1.1368683772161603e-12,0.0,343.07666666666955,70.0,0.0,255.0,0.0
46.750000000000526,35.72388692423245,51.27506428745089,1300.000059149228,-6.407624999837935e-05,-5.571791655256675e-05,0.0,0.0,1.0842021724855044e-19,0.0,343.3583333333363,70.0,0.0,255.0,0.0
46.80000000000052,35.723883419980965,51.275061214100596,1300.00005973503,-6.407624999837935e-05,-5.5717916666253586e-05,0.0,-5.684341886080801e-13,-1.1368683772161603e-12,0.0,343.64000000000294,70.0,0.0,255.0,0.0
46.85000000000052,35.7238799168854,51.275058138942555,1300.0000603245571,-6.407625005522277e-05,-5.5717916666253586e-05,0.0,5.684341886080801e-13,-1.0842021724855044e-19,0.0,343.9216666666696,70.0,0.0,255.0,0.0
46.900000000000524,35.72387641495301,51.27505506198382,1300.0000609196723,-6.407624994153593e-05,-5.5717916666253586e-05,0.0,5.684341886080801e-13,-1.1368683772161603e-12,0.0,344.2033333333363,70.0,0.0,255.0,0.0
46.95000000000053,35.723872914191,51.27505198323137,1300.0000615213066,-6.407624999837935e-05,-5.5717916779940424e-05,0.0,-1.1368683772161603e-12,1.0842021724855044e-19,0.0,344.48500000000297,70.0,0.0,255.0,0.0
47.000000000000526,35.72386941460652,51.27504890269232,1300.000062131323,-6.407625005522277e-05,-5.5717916666253586e-05,0.0,0.0,1.1368683772161603e-12,0.0,344.7666666666696,70.0,0.0,255.0,0.0
47.05000000000052,35.72386591620676,51.27504582037378,1300.0000627441332,-6.407624999837935e-05,-5.5717916666253586e-05,0.0,5.684341886080801e-13,-1.0842021724855044e-19,0.0,345.04833333333625,70.0,0.0,255.0,0.0
47.10000000000053,35.723862418998806,51.27504273628289,1300.000063364394,-6.407624999837935e-05,-5.5717916666253586e-05,0.0,5.684341886080801e-13,0.0,0.0,345.33000000000294,70.0,0.0,255.0,0.0
47.15000000000053,35.72385892298976,51.275039650426905,1300.0000639893115,-6.407624994153593e-05,-5.5717916666253586e-05,0.0,0.0,1.0842021724855044e-19,0.0,345.61166666666963,70.0,0.0,255.0,0.0
47.20000000000053,35.72385542818668,51.27503656281303,1300.0000646179542,-6.407624999837935e-05,-5.5717916666253586e-05,0.0,-1.1368683772161603e-12,1.1368683772161603e-12,0.0,345.8933333333363,70.0,0.0,255.0,0.0
47.250000000000526,35.72385193459661,51.27503347344858,1300.0000652559102,-6.407625005522277e-05,-5.571791655256675e-05,0.0,0.0,-1.0842021724855044e-19,0.0,346.1750000000029,70.0,0.0,255.0,0.0
47.30000000000053,35.72384844222654,51.275030382340894,1300.0000658985227,-6.407624999837935e-05,-5.5717916666253586e-05,0.0,5.684341886080801e-13,-1.1368683772161603e-12,0.0,346.45666666666966,70.0,0.0,255.0,0.0
47.350000000000534,35.72384495108343,51.27502728949732,1300.0000665467232,-6.407624999837935e-05,-5.5717916666253586e-05,0.0,5.684341886080801e-13,1.0842021724855044e-19,0.0,346.7383333333363,70.0,0.0,255.0,0.0
47.40000000000053,35.72384146117426,51.275024194925294,1300.0000672005117,-6.407624994153593e-05,-5.5717916666253586e-05,0.0,0.0,0.0,0.0,347.02000000000294,70.0,0.0,255.0,0.0
47.45000000000053,35.723837972505926,51.27502109863229,1300.0000678589568,-6.407624999837935e-05,-5.5717916666253586e-05,0.0,-1.1368683772161603e-12,-1.0842021724855044e-19,0.0,347.30166666666963,70.0,0.0,255.0,0.0
47.50000000000053,35.723834485085305,51.27501800062578,1300.0000685248524,-6.407625005522277e-05,-5.5717916666253586e-05,0.0,0.0,-1.1368683772161603e-12,0.0,347.5833333333363,70.0,0.0,255.0,0.0
47.55000000000054,35.72383099891926,51.27501490091333,1300.0000691972673,-6.407624999837935e-05,-5.5717916779940424e-05,0.0,5.684341886080801e-13,1.0842021724855044e-19,0.0,347.86500000000296,70.0,0.0,255.0,0.0
47.600000000000534,35.723827514014616,51.27501179950251,1300.0000698715448,-6.407624999837935e-05,-5.5717916666253586e-05,0.0,-5.684341886080801e-13,1.1368683772161603e-12,0.0,348.14666666666966,70.0,0.0,255.0,0.0
47.65000000000053,35.72382403037815,51.27500869640095,1300.0000705551356,-6.407625005522277e-05,-5.5717916666253586e-05,0.0,0.0,-1.0842021724855044e-19,0.0,348.4283333333363,70.0,0.0,255.0,0.0
47.700000000000536,35.72382054801664,51.27500559161631,1300.0000712415203,-6.407624999837935e-05,-5.5717916666253586e-05,0.0,1.7053025658242404e-12,1.1368683772161603e-12,0.0,348.710000000003,70.0,0.0,255.0,0.0
47.75000000000054,35.723817066936824,51.27500248515632,1300.0000719353557,-6.407624988469252e-05,-5.571791655256675e-05,0.0,0.0,1.0842021724855044e-19,0.0,348.9916666666697,70.0,0.0,255.0,0.0
47.80000000000054,35.723813587145386,51.274999377028706,1300.0000726338476,-6.407624999837935e-05,-5.5717916666253586e-05,0.0,-1.7053025658242404e-12,-1.1368683772161603e-12,0.0,349.2733333333363,70.0,0.0,255.0,0.0
47.850000000000534,35.723810108649,51.27499626724126,1300.0000733379275,-6.407625005522277e-05,-5.5717916666253586e-05,0.0,-5.684341886080801e-13,-1.0842021724855044e-19,0.0,349.555000000003,70.0,0.0,255.0,0.0
47.90000000000054,35.72380663145431,51.2749931558018,1300.000074046664,-6.407625005522277e-05,-5.5717916666253586e-05,0.0,5.684341886080801e-13,0.0,0.0,349.83666666666966,70.0,0.0,255.0,0.0
47.95000000000054,35.72380315556792,51.2749900427182,1300.0000747619197,-6.407624999837935e-05,-5.5717916666253586e-05,0.0,0.0006407625005626902,0.0005571791666716336,0.0,350.1183333333364,70.0,0.0,255.0,0.0
48.0,35.72379968099639,51.27498692799839,1300.0000754836947,0.0,0.0,0.0,14289.542952587079,20509.967568441658,519999.9999888268,350.4,70.0,0.0,255.0,0.0
48.00000000000054,35.72379968099639,51.27498692799839,1300.0000754836947,7.71653151622578e-09,1.1075638434607534e-08,2.808064891693907e-07,14289.542952587079,20509.967568441658,519999.9999888268,350.39999999999276,70.0,0.0,255.0,0.0
48.05000000000054,35.72380334801797,51.274987077992904,1300.0000736303627,6.0444705866302684e-05,-1.2555882335618662e-05,0.0,0.000604369893347942,-0.00012566958087741715,-2.8080648916942664e-06,349.7314705882281,70.0,0.0,255.0,0.0
48.10000000000054,35.72380702239583,51.27498721870864,1300.0000717798248,6.0444705866302684e-05,-1.25558824493055e-05,0.0,5.684341886080801e-13,0.0,0.0,349.0629411764633,70.0,0.0,255.0,0.0
48.150000000000546,35.72381070404124,51.274987350040995,1300.000069935806,6.04447059231461e-05,-1.2555882335618662e-05,0.0,-1.0842021724855044e-19,1.1368684043212146e-12,0.0,348.3944117646986,70.0,0.0,255.0,0.0
48.20000000000054,35.7238143928644,51.27498747188659,1300.000068096444,6.0444705866302684e-05,-1.2555882335618662e-05,0.0,-5.684341886080801e-13,0.0,0.0,347.7258823529339,70.0,0.0,255.0,0.0
48.25000000000054,35.72381808877456,51.27498758414339,1300.0000662636012,6.0444705866302684e-05,-1.2555882335618662e-05,0.0,1.0842021724855044e-19,-2.710505431213761e-20,0.0,347.05735294116926,70.0,0.0,255.0,0.0
48.300000000000544,35.72382179168001,51.27498768671063,1300.0000644363463,6.0444705866302684e-05,-1.2555882335618662e-05,0.0,0.0,0.0,0.0,346.3888235294045,70.0,0.0,255.0,0.0
48.35000000000055,35.72382550148809,51.27498777948888,1300.0000626156107,6.0444705866302684e-05,-1.2555882335618662e-05,0.0,5.684340801878629e-13,2.710505431213761e-20,0.0,345.7202941176397,70.0,0.0,255.0,0.0
48.400000000000546,35.72382921810516,51.27498786238003,1300.0000608069822,6.04447059231461e-05,-1.2555882335618662e-05,0.0,0.0,0.0,0.0,345.05176470587503,70.0,0.0,255.0,0.0
48.45000000000054,35.72383294143673,51.274987935287335,1300.000059002079,6.0444705866302684e-05,-1.2555882335618662e-05,0.0,-5.684340801878629e-13,-1.1368684043212146e-12,0.0,344.38323529411036,70.0,0.0,255.0,0.0
48.50000000000055,35.723836671387325,51.27498799811539,1300.0000572055578,6.0444705866302684e-05,-1.25558824493055e-05,0.0,5.684341886080801e-13,-1.1368683772161603e-12,0.0,343.7147058823456,70.0,0.0,255.0,0.0
48.55000000000055,35.7238404078606,51.2749880507702,1300.0000554164872,6.04447059231461e-05,-1.25558824493055e-05,0.0,-1.0842021724855044e-19,2.273736781537375e-12,0.0,343.04617647058086,70.0,0.0,255.0,0.0
48.60000000000055,35.72384415075931,51.27498809315909,1300.0000536357984,6.0444705866302684e-05,-1.2555882221931824e-05,0.0,-5.684341886080801e-13,2.2737367544323206e-12,0.0,342.3776470588162,70.0,0.0,255.0,0.0
48.650000000000546,35.723847899985365,51.274988125190845,1300.0000518644229,6.0444705866302684e-05,-1.2555882221931824e-05,0.0,1.0842021724855044e-19,-2.273736781537375e-12,0.0,341.7091176470515,70.0,0.0,255.0,0.0
48.70000000000055,35.72385165543977,51.27498814677561,1300.0000501023605,6.0444705866302684e-05,-1.25558824493055e-05,0.0,0.0,-2.2737367544323206e-12,0.0,341.04058823528675,70.0,0.0,255.0,0.0
48.750000000000554,35.72385541702272,51.27498815782499,1300.0000483496115,6.0444705866302684e-05,-1.25558824493055e-05,0.0,5.684340801878629e-13,1.1368684043212146e-12,0.0,340.37205882352197,70.0,0.0,255.0,0.0
48.80000000000055,35.72385918463355,51.27498815825203,1300.0000466052443,6.04447059231461e-05,-1.2555882335618662e-05,0.0,0.0,1.1368683772161603e-12,0.0,339.7035294117573,70.0,0.0,255.0,0.0
48.85000000000055,35.723862958170784,51.274988147971165,1300.000044872053,6.0444705866302684e-05,-1.2555882335618662e-05,0.0,-5.684340801878629e-13,-1.1368684043212146e-12,0.0,339.03499999999264,70.0,0.0,255.0,0.0
48.90000000000055,35.72386673753213,51.27498812689835,1300.0000431509688,6.0444705866302684e-05,-1.25558824493055e-05,0.0,5.684341886080801e-13,0.0,0.0,338.36647058822786,70.0,0.0,255.0,0.0
48.95000000000056,35.723870522614526,51.27498809495099,1300.0000414382666,6.04447059231461e-05,-1.2555882335618662e-05,0.0,-1.0842021724855044e-19,1.1368684043212146e-12,0.0,337.69794117646313,70.0,0.0,255.0,0.0
49.000000000000554,35.72387431331411,51.27498805204794,1300.0000397367403,6.0444705866302684e-05,-1.2555882335618662e-05,0.0,-5.684341886080801e-13,0.0,0.0,337.02941176469847,70.0,0.0,255.0,0.0
49.05000000000055,35.72387810952626,51.27498799810958,1300.0000380491838,6.0444705866302684e-05,-1.2555882335618662e-05,0.0,1.0842021724855044e-19,-2.710505431213761e-20,0.0,336.3608823529338,70.0,0.0,255.0,0.0
49.100000000000556,35.72388191114562,51.274987933057794,1300.0000363700092,6.0444705866302684e-05,-1.2555882335618662e-05,0.0,0.0,-1.1368683772161603e-12,0.0,335.692352941169,70.0,0.0,255.0,0.0
49.15000000000056,35.723885718066064,51.27498785681595,1300.0000347048044,6.0444705866302684e-05,-1.25558824493055e-05,0.0,5.684340801878629e-13,2.710505431213761e-20,0.0,335.02382352940424,70.0,0.0,255.0,0.0
49.20000000000056,35.72388953018078,51.274987769308964,1300.0000330526382,6.04447059231461e-05,-1.2555882335618662e-05,0.0,0.0,2.2737367544323206e-12,0.0,334.3552941176396,70.0,0.0,255.0,0.0
49.250000000000554,35.72389334738221,51.2749876704633,1300.0000314107165,6.0444705866302684e-05,-1.2555882221931824e-05,0.0,-5.684340801878629e-13,-1.1368684043212146e-12,0.0,333.6867647058749,70.0,0.0,255.0,0.0
49.30000000000056,35.72389716956214,51.27498756020691,1300.000029783696,6.0444705866302684e-05,-1.25558824493055e-05,0.0,5.684341886080801e-13,-2.2737367544323206e-12,0.0,333.0182352941102,70.0,0.0,255.0,0.0
49.35000000000056,35.723900996611675,51.27498743846937,1300.0000281706452,6.04447059231461e-05,-1.25558824493055e-05,0.0,-1.0842021724855044e-19,1.1368684043212146e-12,0.0,332.3497058823454,70.0,0.0,255.0,0.0
49.40000000000056,35.72390482842124,51.27498730518174,1300.0000265687704,6.0444705866302684e-05,-1.2555882335618662e-05,0.0,-5.684341886080801e-13,1.1368683772161603e-12,0.0,331.68117647058074,70.0,0.0,255.0,0.0
49.45000000000056,35.72390866488062,51.274987160276744,1300.0000249808654,6.0444705866302684e-05,-1.2555882335618662e-05,0.0,1.0842021724855044e-19,-1.1368684043212146e-12,0.0,331.01264705881607,70.0,0.0,255.0,0.0
49.50000000000056,35.723912505878936,51.2749870036886,1300.0000234078616,6.0444705866302684e-05,-1.25558824493055e-05,0.0,0.0,0.0,0.0,330.3441176470513,70.0,0.0,255.0,0.0
49.550000000000566,35.72391635130477,51.27498683535318,1300.000021849759,6.0444705866302684e-05,-1.2555882335618662e-05,0.0,5.684340801878629e-13,1.1368684043212146e-12,0.0,329.6755882352865,70.0,0.0,255.0,0.0
49.60000000000056,35.723920201046006,51.27498665520793,1300.000020305626,6.04447059231461e-05,-1.2555882335618662e-05,0.0,5.684341886080801e-13,0.0,0.0,329.00705882352185,70.0,0.0,255.0,0.0
49.65000000000056,35.72392405499002,51.274986463191894,1300.0000187763944,6.04447059231461e-05,-1.2555882335618662e-05,0.0,-5.684340801878629e-13,-2.710505431213761e-20,0.0,328.3385294117572,70.0,0.0,255.0,0.0
49.700000000000564,35.723927913023566,51.27498625924574,1300.0000172629952,6.0444705866302684e-05,-1.2555882335618662e-05,0.0,0.0,-1.1368683772161603e-12,0.0,327.66999999999246,70.0,0.0,255.0,0.0
49.75000000000057,35.72393177503285,51.274986043311785,1300.000015763566,6.04447059231461e-05,-1.25558824493055e-05,0.0,-1.0842021724855044e-19,2.710505431213761e-20,0.0,327.0014705882277,70.0,0.0,255.0,0.0
49.800000000000566,35.72393564090356,51.274985815333935,1300.0000142809004,6.0444705866302684e-05,-1.2555882335618662e-05,0.0,-5.684341886080801e-13,2.2737367544323206e-12,0.0,326.332941176463,70.0,0.0,255.0,0.0
49.85000000000056,35.723939510520836,51.274985575257766,1300.0000128149986,6.0444705866302684e-05,-1.2555882221931824e-05,0.0,1.0842021724855044e-19,-1.1368684043212146e-12,0.0,325.66441176469834,70.0,0.0,255.0,0.0
49.90000000000057,35.7239433837693,51.2749853230305,1300.0000113649294,6.0444705866302684e-05,-1.25558824493055e-05,0.0,0.0,-2.2737367544323206e-12,0.0,324.99588235293356,70.0,0.0,255.0,0.0
49.95000000000057,35.72394726053311,51.27498505860099,1300.00000992883,6.0444705866302684e-05,-1.25558824493055e-05,0.0,5.684340801878629e-13,1.1368684043212146e-12,0.0,324.3273529411688,70.0,0.0,255.0,0.0
50.00000000000057,35.723951140695945,51.27498478191978,1300.0000085122883,6.04447059231461e-05,-1.2555882335618662e-05,0.0,0.0,2.2737367544323206e-12,0.0,323.6588235294041,70.0,0.0,255.0,0.0
50.050000000000566,35.723955024140956,51.27498449293905,1300.0000071134418,6.0444705866302684e-05,-1.2555882221931824e-05,0.0,-5.684340801878629e-13,-1.1368684043212146e-12,0.0,322.99029411763945,70.0,0.0,255.0,0.0
50.10000000000057,35.723958910750945,51.27498419161268,1300.0000057313591,6.0444705866302684e-05,-1.25558824493055e-05,0.0,5.684341886080801e-13,-2.2737367544323206e-12,0.0,322.3217647058747,70.0,0.0,255.0,0.0
50.150000000000574,35.72396280040821,51.27498387789623,1300.0000043669716,6.04447059231461e-05,-1.25558824493055e-05,0.0,-1.0842021724855044e-19,1.1368684043212146e-12,0.0,321.65323529410995,70.0,0.0,255.0,0.0
50.20000000000057,35.72396669299466,51.27498355174695,1300.000003020279,6.0444705866302684e-05,-1.2555882335618662e-05,0.0,-5.684341886080801e-13,1.1368683772161603e-12,0.0,320.9847058823453,70.0,0.0,255.0,0.0
50.25000000000057,35.72397058839182,51.27498321312374,1300.0000016894192,6.0444705866302684e-05,-1.2555882335618662e-05,0.0,1.0842021724855044e-19,-2.710505431213761e-20,0.0,320.3161764705806,70.0,0.0,255.0,0.0
50.30000000000057,35.7239744864808,51.27498286198724,1300.0000003799796,6.0444705866302684e-05,-1.2555882335618662e-05,0.0,0.0,0.0,0.0,319.64764705881583,70.0,0.0,255.0,0.0
50.35000000000058,35.72397838714236,51.2749824982998,1299.9999990882352,6.0444705866302684e-05,-1.2555882335618662e-05,0.0,5.684340801878629e-13,2.710505431213761e-20,0.0,318.9791176470511,70.0,0.0,255.0,0.0
50.400000000000574,35.72398229025692,51.27498212202546,1299.9999978132546,6.04447059231461e-05,-1.2555882335618662e-05,0.0,0.0,0.0,0.0,318.31058823528645,70.0,0.0,255.0,0.0
50.45000000000057,35.723986195704555,51.274981733129955,1299.999996558763,6.0444705866302684e-05,-1.2555882335618662e-05,0.0,-5.684340801878629e-13,-2.710505431213761e-20,0.0,317.6420588235218,70.0,0.0,255.0,0.0
50.500000000000576,35.72399010336501,51.27498133158079,1299.9999953219667,6.0444705866302684e-05,-1.2555882335618662e-05,0.0,5.684341886080801e-13,-1.1368683772161603e-12,0.0,316.973529411757,70.0,0.0,255.0,0.0
50.55000000000058,35.723994013117746,51.27498091734714,1299.9999941065907,6.04447059231461e-05,-1.25558824493055e-05,0.0,-1.0842021724855044e-19,-1.136868350111106e-12,0.0,316.3049999999922,70.0,0.0,255.0,0.0
50.60000000000058,35.72399792484195,51.27498049039994,1299.9999929098412,6.0444705866302684e-05,-1.25558824493055e-05,0.0,-5.684341886080801e-13,2.2737367544323206e-12,0.0,315.63647058822755,70.0,0.0,255.0,0.0
50.650000000000574,35.724001838416505,51.27498005071185,1299.9999917326495,6.0444705866302684e-05,-1.2555882221931824e-05,0.0,1.0842021724855044e-19,-2.710505431213761e-20,0.0,314.9679411764629,70.0,0.0,255.0,0.0
50.70000000000058,35.72400575372007,51.27497959825723,1299.9999905787408,6.0444705866302684e-05,-1.25558824493055e-05,0.0,0.0,-2.2737367544323206e-12,0.0,314.2994117646981,70.0,0.0,255.0,0.0
50.75000000000058,35.72400967063107,51.27497913301223,1299.999989438802,6.0444705866302684e-05,-1.25558824493055e-05,0.0,5.684340801878629e-13,1.1368684043212146e-12,0.0,313.6308823529334,70.0,0.0,255.0,0.0
50.80000000000058,35.7240135890277,51.27497865495474,1299.9999883230776,6.04447059231461e-05,-1.2555882335618662e-05,0.0,0.0,1.1368683772161603e-12,0.0,312.9623529411687,70.0,0.0,255.0,0.0
50.85000000000058,35.724017508787945,51.274978164064336,1299.999987226911,6.0444705866302684e-05,-1.2555882335618662e-05,0.0,-5.684340801878629e-13,-2.710505431213761e-20,0.0,312.29382352940405,70.0,0.0,255.0,0.0
50.90000000000058,35.724021429789616,51.27497766032239,1299.999986153096,6.0444705866302684e-05,-1.2555882335618662e-05,0.0,5.684341886080801e-13,0.0,0.0,311.62529411763927,70.0,0.0,255.0,0.0
50.950000000000585,35.72402535191035,51.27497714371201,1299.9999850988388,6.04447059231461e-05,-1.2555882335618662e-05,0.0,-1.0842021724855044e-19,2.710505431213761e-20,0.0,310.9567647058745,70.0,0.0,255.0,0.0
51.00000000000058,35.724029275027654,51.274976614218076,1299.9999840669334,6.0444705866302684e-05,-1.2555882335618662e-05,0.0,-5.684341886080801e-13,0.0,0.0,310.2882352941098,70.0,0.0,255.0,0.0
51.05000000000058,35.724033199018876,51.27497607182718,1299.9999830545858,6.0444705866302684e-05,-1.2555882335618662e-05,0.0,1.0842021724855044e-19,-2.710505431213761e-20,0.0,309.61970588234516,70.0,0.0,255.0,0.0
51.100000000000584,35.724037123761235,51.274975516527704,1299.9999820645899,6.0444705866302684e-05,-1.2555882335618662e-05,0.0,0.0,-1.1368683772161603e-12,0.0,308.95117647058044,70.0,0.0,255.0,0.0
51.15000000000059,35.72404104913185,51.27497494830979,1299.999981095083,6.0444705866302684e-05,-1.25558824493055e-05,0.0,5.684340801878629e-13,-1.136868350111106e-12,0.0,308.28264705881566,70.0,0.0,255.0,0.0
51.200000000000585,35.72404497500782,51.2749743671653,1299.9999801488593,6.04447059231461e-05,-1.25558824493055e-05,0.0,0.0,2.2737367544323206e-12,0.0,307.614117647051,70.0,0.0,255.0,0.0
51.25000000000058,35.724048901266066,51.2749737730879,1299.9999792221934,6.0444705866302684e-05,-1.2555882221931824e-05,0.0,-5.684340801878629e-13,1.136868350111106e-12,0.0,306.9455882352863,70.0,0.0,255.0,0.0
51.30000000000059,35.72405282778354,51.27497316607299,1299.999978320673,6.0444705866302684e-05,-1.2555882335618662e-05,0.0,5.684341886080801e-13,-2.2737367544323206e-12,0.0,306.27705882352154,70.0,0.0,255.0,0.0
51.35000000000059,35.724056754437115,51.274972546117745,1299.9999774405733,6.04447059231461e-05,-1.25558824493055e-05,0.0,5.684340801878629e-13,-1.136868350111106e-12,0.0,305.60852941175676,70.0,0.0,255.0,0.0
51.40000000000059,35.72406068110367,51.274971913221094,1299.9999765809625,6.04447059231461e-05,-1.25558824493055e-05,0.0,-5.684341886080801e-13,2.2737367544323206e-12,0.0,304.9399999999921,70.0,0.0,255.0,0.0
51.450000000000585,35.724064607660104,51.274971267383734,1299.9999757464975,6.0444705866302684e-05,-1.2555882221931824e-05,0.0,1.0842021724855044e-19,1.136868350111106e-12,0.0,304.27147058822743,70.0,0.0,255.0,0.0
51.50000000000059,35.72406853398326,51.274970608608115,1299.999974933453,6.04447059231461e-05,-1.2555882335618662e-05,0.0,0.0,-2.2737367544323206e-12,0.0,303.6029411764627,70.0,0.0,255.0,0.0
51.550000000000594,35.724072459950065,51.274969936898444,1299.9999741418287,6.0444705866302684e-05,-1.25558824493055e-05,0.0,-5.684342970282974e-13,2.710505431213761e-20,0.0,302.9344117646979,70.0,0.0,255.0,0.0
51.60000000000059,35.72407638543747,51.27496925226072,1299.9999733753502,6.0444705866302684e-05,-1.2555882335618662e-05,0.0,0.0,1.1368683772161603e-12,0.0,302.26588235293326,70.0,0.0,255.0,0.0
51.65000000000059,35.72408031032255,51.27496855470266,1299.9999726302922,6.0444705866302684e-05,-1.2555882335618662e-05,0.0,1.0842021724855044e-19,-2.710505431213761e-20,0.0,301.5973529411686,70.0,0.0,255.0,0.0
51.70000000000059,35.72408423448237,51.274967844233764,1299.9999719113111,6.0444705866302684e-05,-1.2555882335618662e-05,0.0,5.684341886080801e-13,0.0,0.0,300.9288235294038,70.0,0.0,255.0,0.0
51.7500000000006,35.724088157794164,51.274967120865306,1299.9999712128192,6.04447059231461e-05,-1.2555882335618662e-05,0.0,-1.0842021724855044e-19,-1.136868350111106e-12,0.0,300.2602941176391,70.0,0.0,255.0,0.0
51.800000000000594,35.72409208013525,51.27496638461028,1299.9999705348164,6.0444705866302684e-05,-1.25558824493055e-05,0.0,-5.684341886080801e-13,0.0,0.0,299.59176470587437,70.0,0.0,255.0,0.0
51.85000000000059,35.724096001383074,51.274965635483454,1299.9999698847532,6.0444705866302684e-05,-1.2555882335618662e-05,0.0,5.684342970282974e-13,1.136868350111106e-12,0.0,298.9232352941097,70.0,0.0,255.0,0.0
51.900000000000595,35.72409992141527,51.27496487350135,1299.9999692570418,6.04447059231461e-05,-1.2555882335618662e-05,0.0,0.0,-1.1368683772161603e-12,0.0,298.254705882345,70.0,0.0,255.0,0.0
51.9500000000006,35.724103840109606,51.27496409868221,1299.9999686554074,6.0444705866302684e-05,-1.25558824493055e-05,0.0,-5.684342970282974e-13,-1.136868350111106e-12,0.0,297.5861764705802,70.0,0.0,255.0,0.0
52.0000000000006,35.72410775734401,51.27496331104608,1299.9999680714682,6.0444705866302684e-05,-1.25558824493055e-05,0.0,0.0,2.2737367544323206e-12,0.0,296.91764705881553,70.0,0.0,255.0,0.0
52.050000000000594,35.72411167299667,51.2749625106147,1299.9999675145373,6.0444705866302684e-05,-1.2555882221931824e-05,0.0,1.0842021724855044e-19,1.136868350111106e-12,0.0,296.24911764705087,70.0,0.0,255.0,0.0
52.1000000000006,35.72411558694593,51.274961697411584,1299.9999669836834,6.0444705866302684e-05,-1.2555882335618662e-05,0.0,5.684341886080801e-13,-2.2737367544323206e-12,0.0,295.5805882352861,70.0,0.0,255.0,0.0
52.1500000000006,35.72411949907039,51.27496087146196,1299.9999664751813,6.04447059231461e-05,-1.25558824493055e-05,0.0,-1.0842021724855044e-19,2.710505431213761e-20,0.0,294.9120588235213,70.0,0.0,255.0,0.0
52.2000000000006,35.72412340924891,51.27496003279282,1299.9999659899622,6.0444705866302684e-05,-1.2555882335618662e-05,0.0,-5.684341886080801e-13,1.1368683772161603e-12,0.0,294.24352941175664,70.0,0.0,255.0,0.0
52.2500000000006,35.72412731736059,51.27495918143287,1299.9999655289575,6.0444705866302684e-05,-1.2555882335618662e-05,0.0,5.684342970282974e-13,-2.710505431213761e-20,0.0,293.574999999992,70.0,0.0,255.0,0.0
52.3000000000006,35.72413122328485,51.274958317412526,1299.9999650930986,6.04447059231461e-05,-1.2555882335618662e-05,0.0,0.0,0.0,0.0,292.90647058822725,70.0,0.0,255.0,0.0
52.350000000000605,35.72413512690137,51.27495744076396,1299.9999646795914,6.0444705866302684e-05,-1.2555882335618662e-05,0.0,-5.684342970282974e-13,-1.136868350111106e-12,0.0,292.23794117646247,70.0,0.0,255.0,0.0
52.4000000000006,35.72413902809015,51.27495655152105,1299.9999642921612,6.0444705866302684e-05,-1.25558824493055e-05,0.0,0.0,0.0,0.0,291.5694117646978,70.0,0.0,255.0,0.0
52.4500000000006,35.72414292673153,51.27495564971939,1299.9999639270827,6.0444705866302684e-05,-1.2555882335618662e-05,0.0,1.0842021724855044e-19,1.136868350111106e-12,0.0,290.90088235293314,70.0,0.0,255.0,0.0
52.500000000000604,35.7241468227062,51.27495473539629,1299.9999635880813,6.0444705866302684e-05,-1.2555882335618662e-05,0.0,5.684341886080801e-13,0.0,0.0,290.23235294116836,70.0,0.0,255.0,0.0
52.55000000000061,35.72415071589522,51.274953808590745,1299.999963272363,6.04447059231461e-05,-1.2555882335618662e-05,0.0,-1.0842021724855044e-19,-1.136868350111106e-12,0.0,289.56382352940363,70.0,0.0,255.0,0.0
52.600000000000605,35.72415460617997,51.27495286934346,1299.9999629817903,6.0444705866302684e-05,-1.25558824493055e-05,0.0,-5.684341886080801e-13,0.0,0.0,288.89529411763897,70.0,0.0,255.0,0.0
52.6500000000006,35.724158493442346,51.27495191769684,1299.9999627163634,6.0444705866302684e-05,-1.2555882335618662e-05,0.0,5.684342970282974e-13,2.2737367273272663e-12,0.0,288.2267647058743,70.0,0.0,255.0,0.0
52.70000000000061,35.72416237756451,51.274950953694976,1299.9999624723569,6.04447059231461e-05,-1.2555882221931824e-05,0.0,0.0,-1.1368683772161603e-12,0.0,287.5582352941095,70.0,0.0,255.0,0.0
52.75000000000061,35.72416625842915,51.274949977383635,1299.9999622553587,6.0444705866302684e-05,-1.25558824493055e-05,0.0,-5.684342970282974e-13,-2.2737367273272663e-12,0.0,286.88970588234474,70.0,0.0,255.0,0.0
52.80000000000061,35.72417013591937,51.27494898881025,1299.999962062575,6.0444705866302684e-05,-1.25558824493055e-05,0.0,0.0,1.1368683772161603e-12,0.0,286.2211764705801,70.0,0.0,255.0,0.0
52.850000000000605,35.724174009918755,51.274947988023975,1299.9999618958682,6.0444705866302684e-05,-1.2555882335618662e-05,0.0,1.0842021724855044e-19,1.136868350111106e-12,0.0,285.5526470588154,70.0,0.0,255.0,0.0
52.90000000000061,35.724177880311316,51.27494697507556,1299.9999617505819,6.0444705866302684e-05,-1.2555882335618662e-05,0.0,5.684341886080801e-13,0.0,0.0,284.88411764705063,70.0,0.0,255.0,0.0
52.950000000000614,35.72418174698161,51.27494595001744,1299.99996162951,6.04447059231461e-05,-1.2555882335618662e-05,0.0,-1.0842021724855044e-19,2.710505431213761e-20,0.0,284.2155882352859,70.0,0.0,255.0,0.0
53.00000000000061,35.72418560981464,51.2749449129037,1299.999961534515,6.0444705866302684e-05,-1.2555882335618662e-05,0.0,0.0,0.0,0.0,283.54705882352124,70.0,0.0,255.0,0.0
53.05000000000061,35.724189468696,51.274943863790064,1299.9999614637345,6.04447059231461e-05,-1.2555882335618662e-05,0.0,5.684342970282974e-13,-2.710505431213761e-20,0.0,282.8785294117566,70.0,0.0,255.0,0.0
53.10000000000061,35.72419332351174,51.2749428027339,1299.999961419031,6.04447059231461e-05,-1.2555882335618662e-05,0.0,0.0,0.0,0.0,282.2099999999918,70.0,0.0,255.0,0.0
53.15000000000062,35.72419717414858,51.274941729794186,1299.9999613948166,6.04447059231461e-05,-1.2555882335618662e-05,0.0,-5.684342970282974e-13,-1.136868350111106e-12,0.0,281.541470588227,70.0,0.0,255.0,0.0
53.200000000000614,35.72420102049367,51.27494064503151,1299.9999613976106,6.0444705866302684e-05,-1.25558824493055e-05,0.0,-5.684341886080801e-13,0.0,0.0,280.87294117646235,70.0,0.0,255.0,0.0
53.25000000000061,35.72420486243487,51.2749395485081,1299.9999614236876,6.0444705866302684e-05,-1.2555882335618662e-05,0.0,1.0842021724855044e-19,2.2737367273272663e-12,0.0,280.2044117646977,70.0,0.0,255.0,0.0
53.300000000000615,35.72420869986054,51.27493844028777,1299.9999614749104,6.0444705866302684e-05,-1.2555882221931824e-05,0.0,0.0,-1.1368683772161603e-12,0.0,279.53588235293296,70.0,0.0,255.0,0.0
53.35000000000062,35.72421253265973,51.27493732043592,1299.9999615494162,6.0444705866302684e-05,-1.25558824493055e-05,0.0,-1.0842021724855044e-19,-2.2737367273272663e-12,0.0,278.8673529411682,70.0,0.0,255.0,0.0
53.40000000000062,35.72421636072207,51.274936189019535,1299.9999616509303,6.0444705866302684e-05,-1.25558824493055e-05,0.0,0.0,1.1368683772161603e-12,0.0,278.1988235294035,70.0,0.0,255.0,0.0
53.450000000000614,35.72422018393785,51.274935046107196,1299.999961773865,6.0444705866302684e-05,-1.2555882335618662e-05,0.0,5.684342970282974e-13,1.136868350111106e-12,0.0,277.53029411763885,70.0,0.0,255.0,0.0
53.50000000000062,35.724224002198056,51.27493389176899,1299.999961921014,6.04447059231461e-05,-1.2555882335618662e-05,0.0,5.684341886080801e-13,0.0,0.0,276.86176470587407,70.0,0.0,255.0,0.0
53.55000000000062,35.72422781539427,51.274932726076635,1299.999962091446,6.04447059231461e-05,-1.2555882335618662e-05,0.0,-5.684342970282974e-13,2.710505431213761e-20,0.0,276.1932352941093,70.0,0.0,255.0,0.0
53.60000000000062,35.724231623418845,51.27493154910334,1299.999962287955,6.0444705866302684e-05,-1.2555882335618662e-05,0.0,-5.684341886080801e-13,0.0,0.0,275.5247058823446,70.0,0.0,255.0,0.0
53.65000000000062,35.72423542616477,51.2749303609239,1299.9999625077471,6.0444705866302684e-05,-1.2555882335618662e-05,0.0,1.0842021724855044e-19,-2.710505431213761e-20,0.0,274.85617647057995,70.0,0.0,255.0,0.0
53.70000000000062,35.72423922352583,51.27492916161457,1299.9999627508223,6.0444705866302684e-05,-1.2555882335618662e-05,0.0,0.0,0.0,0.0,274.18764705881523,70.0,0.0,255.0,0.0
53.750000000000625,35.72424301539644,51.27492795125318,1299.9999630190432,6.0444705866302684e-05,-1.2555882335618662e-05,0.0,-1.0842021724855044e-19,-1.136868350111106e-12,0.0,273.51911764705045,70.0,0.0,255.0,0.0
53.80000000000062,35.724246801671875,51.274926729919045,1299.9999633086845,6.0444705866302684e-05,-1.25558824493055e-05,0.0,0.0,0.0,0.0,272.8505882352858,70.0,0.0,255.0,0.0
53.85000000000062,35.7242505822481,51.274925497692955,1299.9999636234716,6.0444705866302684e-05,-1.2555882335618662e-05,0.0,5.684342970282974e-13,2.2737367273272663e-12,0.0,272.1820588235211,70.0,0.0,255.0,0.0
53.900000000000624,35.724254357021834,51.274924254657186,1299.9999639587477,6.04447059231461e-05,-1.2555882221931824e-05,0.0,5.684341886080801e-13,0.0,0.0,271.51352941175634,70.0,0.0,255.0,0.0
53.95000000000063,35.72425812589067,51.27492300089551,1299.9999643210322,6.04447059231461e-05,-1.2555882335618662e-05,0.0,-5.684342970282974e-13,-2.2737367273272663e-12,0.0,270.8449999999916,70.0,0.0,255.0,0.0
54.000000000000625,35.72426188875295,51.27492173649316,1299.9999647065997,6.0444705866302684e-05,-1.25558824493055e-05,0.0,-5.684341886080801e-13,-1.1368683772161603e-12,0.0,270.17647058822695,70.0,0.0,255.0,0.0
54.05000000000062,35.724265645507835,51.274920461536794,1299.9999651154503,6.0444705866302684e-05,-1.25558824493055e-05,0.0,1.0842021724855044e-19,2.2737367273272663e-12,0.0,269.5079411764623,70.0,0.0,255.0,0.0
54.10000000000063,35.72426939605534,51.274919176114516,1299.99996554479,6.0444705866302684e-05,-1.2555882221931824e-05,0.0,0.0,1.1368683772161603e-12,0.0,268.8394117646975,70.0,0.0,255.0,0.0
54.15000000000063,35.724273140296305,51.274917880315854,1299.9999659974128,6.0444705866302684e-05,-1.2555882335618662e-05,0.0,-1.0842021724855044e-19,-1.136868350111106e-12,0.0,268.1708823529327,70.0,0.0,255.0,0.0
54.20000000000063,35.72427687813242,51.274916574231746,1299.99996647425,6.0444705866302684e-05,-1.2555882335618662e-05,0.0,0.0,0.0,0.0,267.50235294116806,70.0,0.0,255.0,0.0
54.250000000000625,35.72428060946628,51.27491525795454,1299.9999669743702,6.0444705866302684e-05,-1.2555882335618662e-05,0.0,5.684342970282974e-13,-2.710505431213761e-20,0.0,266.8338235294034,70.0,0.0,255.0,0.0
54.30000000000063,35.72428433420134,51.27491393157797,1299.9999674959108,6.04447059231461e-05,-1.2555882335618662e-05,0.0,5.684341886080801e-13,0.0,0.0,266.1652941176386,70.0,0.0,255.0,0.0
54.350000000000634,35.72428805224196,51.27491259519713,1299.9999680398032,6.04447059231461e-05,-1.2555882335618662e-05,0.0,-5.684342970282974e-13,2.710505431213761e-20,0.0,265.49676470587383,70.0,0.0,255.0,0.0
54.40000000000063,35.72429176349342,51.2749112489085,1299.9999686069787,6.0444705866302684e-05,-1.2555882335618662e-05,0.0,-5.684341886080801e-13,0.0,0.0,264.82823529410916,70.0,0.0,255.0,0.0
54.45000000000063,35.724295467861886,51.2749098928099,1299.9999691946432,6.0444705866302684e-05,-1.2555882335618662e-05,0.0,1.0842021724855044e-19,-2.710505431213761e-20,0.0,264.1597058823445,70.0,0.0,255.0,0.0
54.50000000000063,35.72429916525454,51.27490852700046,1299.9999698083848,6.0444705866302684e-05,-1.2555882335618662e-05,0.0,0.0,0.0,0.0,263.4911764705798,70.0,0.0,255.0,0.0
54.55000000000064,35.72430285557943,51.27490715158067,1299.9999704388902,6.0444705866302684e-05,-1.2555882335618662e-05,0.0,-1.0842021724855044e-19,-1.136868350111106e-12,0.0,262.822647058815,70.0,0.0,255.0,0.0
54.600000000000634,35.724306538745616,51.27490576665231,1299.99997109361,6.0444705866302684e-05,-1.25558824493055e-05,0.0,0.0,-1.1368683772161603e-12,0.0,262.1541176470503,70.0,0.0,255.0,0.0
54.65000000000063,35.7243102146631,51.27490437231845,1299.9999717706814,6.0444705866302684e-05,-1.25558824493055e-05,0.0,5.684342970282974e-13,2.2737367273272663e-12,0.0,261.48558823528566,70.0,0.0,255.0,0.0
54.700000000000635,35.72431388324289,51.27490296868347,1299.9999724673107,6.04447059231461e-05,-1.2555882221931824e-05,0.0,5.684341886080801e-13,1.1368683772161603e-12,0.0,260.81705882352094,70.0,0.0,255.0,0.0
54.75000000000064,35.72431754439703,51.27490155585298,1299.9999731862918,6.04447059231461e-05,-1.2555882335618662e-05,0.0,-1.0842021724855044e-19,-1.136868350111106e-12,0.0,260.14852941175616,70.0,0.0,255.0,0.0
54.80000000000064,35.72432119803849,51.27490013393383,1299.9999739238992,6.04447059231461e-05,-1.2555882335618662e-05,0.0,-5.684341886080801e-13,0.0,0.0,259.4799999999915,70.0,0.0,255.0,0.0
54.850000000000634,35.72432484408132,51.274898703034175,1299.9999746847898,6.0444705866302684e-05,-1.2555882335618662e-05,0.0,-5.684340801878629e-13,-2.710505431213761e-20,0.0,258.8114705882268,70.0,0.0,255.0,0.0
54.90000000000064,35.724328482440626,51.27489726326332,1299.9999754661694,6.0444705866302684e-05,-1.2555882335618662e-05,0.0,0.0,0.0,0.0,258.14294117646205,70.0,0.0,255.0,0.0
54.95000000000064,35.724332113032474,51.27489581473181,1299.9999762689695,6.0444705866302684e-05,-1.2555882335618662e-05,0.0,5.684340801878629e-13,2.710505431213761e-20,0.0,257.47441176469727,70.0,0.0,255.0,0.0
55.00000000000064,35.724335735774076,51.27489435755141,1299.9999770894647,6.04447059231461e-05,-1.2555882335618662e-05,0.0,0.0,0.0,0.0,256.8058823529326,70.0,0.0,255.0,0.0
55.05000000000064,35.724339350583676,51.27489289183501,1299.999977933243,6.0444705866302684e-05,-1.2555882335618662e-05,0.0,-5.684340801878629e-13,-2.710505431213761e-20,0.0,256.13735294116793,70.0,0.0,255.0,0.0
55.10000000000064,35.72434295738059,51.27489141769669,1299.999978793785,6.0444705866302684e-05,-1.2555882335618662e-05,0.0,5.684341886080801e-13,0.0,0.0,255.46882352940318,70.0,0.0,255.0,0.0
55.150000000000645,35.72434655608523,51.27488993525167,1299.99997967761,6.04447059231461e-05,-1.2555882335618662e-05,0.0,-1.0842021724855044e-19,2.710505431213761e-20,0.0,254.80029411763843,70.0,0.0,255.0,0.0
55.20000000000064,35.72435014661914,51.2748884446163,1299.999980578199,6.0444705866302684e-05,-1.2555882335618662e-05,0.0,-5.684341886080801e-13,-1.1368683772161603e-12,0.0,254.13176470587376,70.0,0.0,255.0,0.0
55.25000000000064,35.72435372890492,51.27488694590805,1299.9999815002084,6.0444705866302684e-05,-1.25558824493055e-05,0.0,1.0842021724855044e-19,-2.710505431213761e-20,0.0,253.4632352941091,70.0,0.0,255.0,0.0
55.300000000000644,35.72435730286633,51.274885439245494,1299.9999824389815,6.0444705866302684e-05,-1.2555882335618662e-05,0.0,0.0,2.2737367544323206e-12,0.0,252.79470588234432,70.0,0.0,255.0,0.0
55.35000000000065,35.72436086842829,51.274883924748295,1299.9999833982438,6.0444705866302684e-05,-1.2555882221931824e-05,0.0,5.684340801878629e-13,2.710505431213761e-20,0.0,252.12617647057954,70.0,0.0,255.0,0.0
55.400000000000645,35.72436442551679,51.27488240253714,1299.9999843752012,6.04447059231461e-05,-1.2555882335618662e-05,0.0,0.0,-2.2737367544323206e-12,0.0,251.45764705881487,70.0,0.0,255.0,0.0
55.45000000000064,35.72436797405903,51.2748808727338,1299.999985370785,6.0444705866302684e-05,-1.25558824493055e-05,0.0,-5.684340801878629e-13,-2.710505431213761e-20,0.0,250.7891176470502,70.0,0.0,255.0,0.0
55.50000000000065,35.72437151398335,51.2748793354611,1299.999986386858,6.0444705866302684e-05,-1.2555882335618662e-05,0.0,5.684341886080801e-13,1.1368683772161603e-12,0.0,250.12058823528545,70.0,0.0,255.0,0.0
55.55000000000065,35.7243750452193,51.27487779084284,1299.999987417832,6.04447059231461e-05,-1.2555882335618662e-05,0.0,-1.0842021724855044e-19,2.710505431213761e-20,0.0,249.4520588235207,70.0,0.0,255.0,0.0
55.60000000000065,35.72437856769752,51.27487623900384,1299.9999884702265,6.0444705866302684e-05,-1.2555882335618662e-05,0.0,-5.684341886080801e-13,0.0,0.0,248.78352941175604,70.0,0.0,255.0,0.0
55.650000000000645,35.72438208134998,51.27487468006989,1299.9999895356596,6.0444705866302684e-05,-1.2555882335618662e-05,0.0,1.0842021724855044e-19,-2.710505431213761e-20,0.0,248.11499999999137,70.0,0.0,255.0,0.0
55.70000000000065,35.72438558610972,51.27487311416778,1299.9999906215817,6.0444705866302684e-05,-1.2555882335618662e-05,0.0,0.0,0.0,0.0,247.4464705882266,70.0,0.0,255.0,0.0
55.750000000000654,35.72438908191109,51.27487154142521,1299.9999917233363,6.0444705866302684e-05,-1.2555882335618662e-05,0.0,5.684340801878629e-13,2.710505431213761e-20,0.0,246.77794117646184,70.0,0.0,255.0,0.0
55.80000000000065,35.7243925686896,51.27486996197083,1299.9999928418547,6.04447059231461e-05,-1.2555882335618662e-05,0.0,0.0,-1.1368683772161603e-12,0.0,246.10941176469717,70.0,0.0,255.0,0.0
55.85000000000065,35.724396046382,51.2748683759342,1299.9999939799309,6.0444705866302684e-05,-1.25558824493055e-05,0.0,-5.684340801878629e-13,-2.710505431213761e-20,0.0,245.4408823529325,70.0,0.0,255.0,0.0
55.90000000000065,35.724399514926276,51.27486678344577,1299.999995129183,6.0444705866302684e-05,-1.2555882335618662e-05,0.0,5.684341886080801e-13,2.2737367544323206e-12,0.0,244.77235294116775,70.0,0.0,255.0,0.0
55.95000000000066,35.72440297426171,51.2748651846369,1299.9999962998554,6.04447059231461e-05,-1.2555882221931824e-05,0.0,-1.0842021724855044e-19,2.710505431213761e-20,0.0,244.10382352940297,70.0,0.0,255.0,0.0
56.000000000000654,35.724406424328734,51.27486357963976,1299.999997482635,6.0444705866302684e-05,-1.2555882335618662e-05,0.0,-5.684341886080801e-13,-2.2737367544323206e-12,0.0,243.4352941176383,70.0,0.0,255.0,0.0
56.05000000000065,35.72440986506915,51.27486196858739,1299.9999986812472,6.0444705866302684e-05,-1.25558824493055e-05,0.0,1.0842021724855044e-19,-2.710505431213761e-20,0.0,242.76676470587364,70.0,0.0,255.0,0.0
56.100000000000655,35.72441329642595,51.274860351613654,1299.9999998956919,6.0444705866302684e-05,-1.2555882335618662e-05,0.0,0.0,1.1368683772161603e-12,0.0,242.09823529410886,70.0,0.0,255.0,0.0
56.15000000000066,35.72441671834346,51.27485872885323,1300.0000011269003,6.0444705866302684e-05,-1.2555882335618662e-05,0.0,5.684340801878629e-13,2.710505431213761e-20,0.0,241.4297058823441,70.0,0.0,255.0,0.0
56.20000000000066,35.72442013076725,51.27485710044156,1300.0000023720786,6.04447059231461e-05,-1.2555882335618662e-05,0.0,0.0,0.0,0.0,240.76117647057944,70.0,0.0,255.0,0.0
56.250000000000654,35.724423533644206,51.27485546651488,1300.0000036302954,6.0444705866302684e-05,-1.2555882335618662e-05,0.0,-5.684340801878629e-13,-2.710505431213761e-20,0.0,240.09264705881478,70.0,0.0,255.0,0.0
56.30000000000066,35.724426926922504,51.27485382721017,1300.000004905276,6.0444705866302684e-05,-1.2555882335618662e-05,0.0,5.684341886080801e-13,0.0,0.0,239.42411764705002,70.0,0.0,255.0,0.0
56.35000000000066,35.72443031055163,51.27485218266512,1300.0000061923638,6.04447059231461e-05,-1.2555882335618662e-05,0.0,-1.0842021724855044e-19,2.710505431213761e-20,0.0,238.75558823528524,70.0,0.0,255.0,0.0
56.40000000000066,35.724433684482385,51.27485053301819,1300.00000749249,6.0444705866302684e-05,-1.2555882335618662e-05,0.0,0.0,-1.1368683772161603e-12,0.0,238.08705882352058,70.0,0.0,255.0,0.0
56.45000000000066,35.724437048666886,51.274848878408456,1300.000008805655,6.04447059231461e-05,-1.25558824493055e-05,0.0,1.0842021724855044e-19,-2.710505431213761e-20,0.0,237.4185294117559,70.0,0.0,255.0,0.0
56.50000000000066,35.724440403058594,51.27484721897572,1300.000010133721,6.0444705866302684e-05,-1.2555882335618662e-05,0.0,-5.684341886080801e-13,2.2737367544323206e-12,0.0,236.74999999999113,70.0,0.0,255.0,0.0
56.550000000000665,35.72444374761225,51.27484555486045,1300.0000114757568,6.0444705866302684e-05,-1.2555882221931824e-05,0.0,5.684340801878629e-13,1.1368684043212146e-12,0.0,236.0814705882264,70.0,0.0,255.0,0.0
56.60000000000066,35.72444708228401,51.274843886203705,1300.0000128280371,6.04447059231461e-05,-1.2555882221931824e-05,0.0,0.0,-2.2737367544323206e-12,0.0,235.41294117646174,70.0,0.0,255.0,0.0
56.65000000000066,35.72445040703133,51.274842213147224,1300.0000141924247,6.0444705866302684e-05,-1.25558824493055e-05,0.0,-5.684340801878629e-13,-2.273736781537375e-12,0.0,234.74441176469705,70.0,0.0,255.0,0.0
56.700000000000664,35.72445372181301,51.274840535833285,1300.0000155689195,6.0444705866302684e-05,-1.25558824493055e-05,0.0,5.684341886080801e-13,1.1368683772161603e-12,0.0,234.0758823529323,70.0,0.0,255.0,0.0
56.75000000000067,35.72445702658925,51.27483885440477,1300.0000169575214,6.04447059231461e-05,-1.2555882335618662e-05,0.0,-1.0842021724855044e-19,1.1368684043212146e-12,0.0,233.40735294116752,70.0,0.0,255.0,0.0
56.800000000000665,35.72446032132155,51.27483716900514,1300.000018359162,6.0444705866302684e-05,-1.2555882335618662e-05,0.0,-5.684341886080801e-13,0.0,0.0,232.73882352940285,70.0,0.0,255.0,0.0
56.85000000000066,35.724463605972836,51.27483547977835,1300.0000197701156,6.0444705866302684e-05,-1.2555882335618662e-05,0.0,1.0842021724855044e-19,-2.710505431213761e-20,0.0,232.07029411763818,70.0,0.0,255.0,0.0
56.90000000000067,35.72446688050739,51.27483378686895,1300.0000211931765,6.0444705866302684e-05,-1.2555882335618662e-05,0.0,0.0,0.0,0.0,231.40176470587343,70.0,0.0,255.0,0.0
56.95000000000067,35.72447014489082,51.2748320904219,1300.000022623688,6.0444705866302684e-05,-1.2555882335618662e-05,0.0,5.684340801878629e-13,2.710505431213761e-20,0.0,230.73323529410868,70.0,0.0,255.0,0.0
57.00000000000067,35.724473399090215,51.27483039058272,1300.0000240663067,6.04447059231461e-05,-1.2555882335618662e-05,0.0,0.0,0.0,0.0,230.06470588234401,70.0,0.0,255.0,0.0
57.050000000000665,35.724476643073956,51.27482868749737,1300.0000255182385,6.0444705866302684e-05,-1.2555882335618662e-05,0.0,-5.684340801878629e-13,-2.710505431213761e-20,0.0,229.39617647057935,70.0,0.0,255.0,0.0
57.10000000000067,35.72447987681186,51.27482698131221,1300.0000269794837,6.0444705866302684e-05,-1.2555882335618662e-05,0.0,5.684341886080801e-13,0.0,0.0,228.72764705881457,70.0,0.0,255.0,0.0
57.150000000000674,35.724483100275165,51.274825272174056,1300.000028450042,6.04447059231461e-05,-1.2555882335618662e-05,0.0,-1.0842021724855044e-19,1.1368684043212146e-12,0.0,228.0591176470498,70.0,0.0,255.0,0.0
57.20000000000067,35.72448631343642,51.274823560230146,1300.0000299289823,6.0444705866302684e-05,-1.2555882221931824e-05,0.0,-5.684341886080801e-13,-1.1368683772161603e-12,0.0,227.39058823528512,70.0,0.0,255.0,0.0
57.25000000000067,35.72448951626967,51.27482184562806,1300.000031418167,6.0444705866302684e-05,-1.25558824493055e-05,0.0,1.0842021724855044e-19,-2.273736781537375e-12,0.0,226.72205882352046,70.0,0.0,255.0,0.0
57.30000000000067,35.72449270875033,51.27482012851577,1300.0000329157338,6.0444705866302684e-05,-1.25558824493055e-05,0.0,0.0,1.1368683772161603e-12,0.0,226.0535294117557,70.0,0.0,255.0,0.0
57.350000000000676,35.7244958908552,51.27481840904158,1300.0000344170257,6.0444705866302684e-05,-1.2555882335618662e-05,0.0,5.684340801878629e-13,1.1368684043212146e-12,0.0,225.38499999999095,70.0,0.0,255.0,0.0
57.400000000000674,35.72449906256252,51.274816687354104,1300.0000359313563,6.04447059231461e-05,-1.2555882335618662e-05,0.0,0.0,0.0,0.0,224.7164705882263,70.0,0.0,255.0,0.0
57.45000000000067,35.724502223851964,51.27481496360226,1300.0000374484807,6.0444705866302684e-05,-1.2555882335618662e-05,0.0,-5.684340801878629e-13,-2.710505431213761e-20,0.0,224.04794117646162,70.0,0.0,255.0,0.0
57.500000000000675,35.72450537470458,51.27481323793527,1300.0000389758497,6.0444705866302684e-05,-1.2555882335618662e-05,0.0,5.684341886080801e-13,0.0,0.0,223.37941176469684,70.0,0.0,255.0,0.0
57.55000000000068,35.72450851510286,51.274811510502595,1300.0000405078754,6.04447059231461e-05,-1.2555882335618662e-05,0.0,-1.0842021724855044e-19,2.710505431213761e-20,0.0,222.7108823529321,70.0,0.0,255.0,0.0
57.600000000000676,35.72451164503073,51.27480978145394,1300.0000420473516,6.0444705866302684e-05,-1.2555882335618662e-05,0.0,-5.684341886080801e-13,0.0,0.0,222.04235294116742,70.0,0.0,255.0,0.0
57.650000000000674,35.72451476447348,51.27480805093923,1300.0000435924158,6.0444705866302684e-05,-1.2555882335618662e-05,0.0,1.0842021724855044e-19,-2.710505431213761e-20,0.0,221.37382352940276,70.0,0.0,255.0,0.0
57.70000000000068,35.72451787341796,51.27480631910861,1300.0000451412052,6.0444705866302684e-05,-1.2555882335618662e-05,0.0,0.0,0.0,0.0,220.70529411763798,70.0,0.0,255.0,0.0
57.75000000000068,35.724520971852286,51.27480458611235,1300.0000467002392,6.0444705866302684e-05,-1.2555882335618662e-05,0.0,5.684340801878629e-13,1.1368684043212146e-12,0.0,220.03676470587322,70.0,0.0,255.0,0.0
57.80000000000068,35.72452405976613,51.27480285210096,1300.0000482602045,6.04447059231461e-05,-1.2555882221931824e-05,0.0,0.0,0.0,0.0,219.36823529410856,70.0,0.0,255.0,0.0
57.850000000000676,35.72452713715053,51.274801117225,1300.0000498248264,6.0444705866302684e-05,-1.2555882335618662e-05,0.0,-5.684340801878629e-13,-2.273736781537375e-12,0.0,218.6997058823439,70.0,0.0,255.0,0.0
57.90000000000068,35.724530203997986,51.27479938163521,1300.0000513978302,6.0444705866302684e-05,-1.25558824493055e-05,0.0,5.684341886080801e-13,-1.1368683772161603e-12,0.0,218.0311764705791,70.0,0.0,255.0,0.0
57.950000000000685,35.72453326030244,51.27479764548241,1300.00005296804,6.04447059231461e-05,-1.25558824493055e-05,0.0,-1.0842021724855044e-19,2.273736781537375e-12,0.0,217.36264705881436,70.0,0.0,255.0,0.0
58.00000000000068,35.72453630605922,51.2747959089175,1300.0000545466319,6.0444705866302684e-05,-1.2555882221931824e-05,0.0,-5.684341886080801e-13,1.1368683772161603e-12,0.0,216.6941176470497,70.0,0.0,255.0,0.0
58.05000000000068,35.72453934126514,51.27479417209141,1300.0000561270863,6.0444705866302684e-05,-1.2555882335618662e-05,0.0,1.0842021724855044e-19,-2.273736781537375e-12,0.0,216.02558823528503,70.0,0.0,255.0,0.0
58.10000000000068,35.72454236591845,51.27479243515513,1300.0000577103347,6.0444705866302684e-05,-1.25558824493055e-05,0.0,0.0,0.0,0.0,215.35705882352028,70.0,0.0,255.0,0.0
58.15000000000069,35.72454538001879,51.27479069825967,1300.000059296377,6.0444705866302684e-05,-1.2555882335618662e-05,0.0,1.136868268795943e-12,1.1368684043212146e-12,0.0,214.6885294117555,70.0,0.0,255.0,0.0
58.200000000000685,35.72454838356729,51.274788961556034,1300.000060884282,6.044470597998952e-05,-1.2555882335618662e-05,0.0,0.0,0.0,0.0,214.01999999999083,70.0,0.0,255.0,0.0
58.25000000000068,35.724551376566495,51.274787225195176,1300.000062474981,6.0444705866302684e-05,-1.2555882335618662e-05,0.0,-1.136868268795943e-12,-2.710505431213761e-20,0.0,213.35147058822616,70.0,0.0,255.0,0.0
58.300000000000686,35.72455435902037,51.27478548932802,1300.0000640666112,6.0444705866302684e-05,-1.2555882335618662e-05,0.0,5.684341886080801e-13,0.0,0.0,212.6829411764614,70.0,0.0,255.0,0.0
58.35000000000069,35.72455733093433,51.274783754105435,1300.0000656591728,6.04447059231461e-05,-1.2555882335618662e-05,0.0,-1.0842021724855044e-19,2.710505431213761e-20,0.0,212.01441176469663,70.0,0.0,255.0,0.0
58.40000000000069,35.72456029231524,51.27478201967816,1300.0000672545284,6.0444705866302684e-05,-1.2555882335618662e-05,0.0,-5.684341886080801e-13,0.0,0.0,211.34588235293197,70.0,0.0,255.0,0.0
58.450000000000685,35.72456324317139,51.27478028619689,1300.00006884709,6.0444705866302684e-05,-1.2555882335618662e-05,0.0,5.684342970282974e-13,-1.1368684043212146e-12,0.0,210.6773529411673,70.0,0.0,255.0,0.0
58.50000000000069,35.72456618351248,51.27477855381213,1300.000070443377,6.04447059231461e-05,-1.25558824493055e-05,0.0,0.0,-1.1368683772161603e-12,0.0,210.00882352940255,70.0,0.0,255.0,0.0
58.55000000000069,35.724569113349666,51.274776822674276,1300.0000720378011,6.0444705866302684e-05,-1.25558824493055e-05,0.0,-5.684342970282974e-13,2.273736781537375e-12,0.0,209.34029411763777,70.0,0.0,255.0,0.0
58.60000000000069,35.72457203269551,51.274775092933524,1300.000073631294,6.0444705866302684e-05,-1.2555882221931824e-05,0.0,0.0,1.1368683772161603e-12,0.0,208.6717647058731,70.0,0.0,255.0,0.0
58.65000000000069,35.72457494156408,51.27477336473992,1300.0000752238557,6.0444705866302684e-05,-1.2555882335618662e-05,0.0,1.0842021724855044e-19,-2.273736781537375e-12,0.0,208.00323529410844,70.0,0.0,255.0,0.0
58.70000000000069,35.724577839970735,51.274771638243244,1300.0000768173486,6.0444705866302684e-05,-1.25558824493055e-05,0.0,5.684341886080801e-13,0.0,0.0,207.33470588234368,70.0,0.0,255.0,0.0
58.750000000000696,35.72458072793236,51.274769913593104,1300.000078406185,6.04447059231461e-05,-1.2555882335618662e-05,0.0,-1.0842021724855044e-19,1.1368684043212146e-12,0.0,206.6661764705789,70.0,0.0,255.0,0.0
58.80000000000069,35.72458360546727,51.274768190938815,1300.0000799978152,6.0444705866302684e-05,-1.2555882335618662e-05,0.0,-5.684341886080801e-13,0.0,0.0,205.99764705881424,70.0,0.0,255.0,0.0
58.85000000000069,35.72458647259512,51.27476647042943,1300.000081581995,6.0444705866302684e-05,-1.2555882335618662e-05,0.0,5.684342970282974e-13,-2.710505431213761e-20,0.0,205.32911764704957,70.0,0.0,255.0,0.0
58.900000000000695,35.72458932933703,51.27476475221371,1300.0000831680372,6.04447059231461e-05,-1.2555882335618662e-05,0.0,0.0,0.0,0.0,204.66058823528482,70.0,0.0,255.0,0.0
58.9500000000007,35.724592175715564,51.27476303644014,1300.0000847475603,6.0444705866302684e-05,-1.2555882335618662e-05,0.0,-5.684342970282974e-13,2.710505431213761e-20,0.0,203.99205882352007,70.0,0.0,255.0,0.0
59.000000000000696,35.72459501175462,51.274761323256804,1300.000086326152,6.0444705866302684e-05,-1.2555882335618662e-05,0.0,0.0,0.0,0.0,203.32352941175537,70.0,0.0,255.0,0.0
59.05000000000069,35.72459783747959,51.274759612811486,1300.0000879010186,6.0444705866302684e-05,-1.2555882335618662e-05,0.0,1.0842021724855044e-19,-2.710505431213761e-20,0.0,202.6549999999907,70.0,0.0,255.0,0.0
59.1000000000007,35.724600652917196,51.27475790525157,1300.000089470297,6.0444705866302684e-05,-1.2555882335618662e-05,0.0,5.684341886080801e-13,-1.1368683772161603e-12,0.0,201.98647058822596,70.0,0.0,255.0,0.0
59.1500000000007,35.724603458095615,51.27475620072408,1300.0000910367817,6.04447059231461e-05,-1.25558824493055e-05,0.0,-1.0842021724855044e-19,2.710505431213761e-20,0.0,201.3179411764612,70.0,0.0,255.0,0.0
59.2000000000007,35.72460625304437,51.274754499375554,1300.0000925986096,6.0444705866302684e-05,-1.2555882335618662e-05,0.0,-5.684341886080801e-13,2.2737367544323206e-12,0.0,200.64941176469654,70.0,0.0,255.0,0.0
59.250000000000696,35.724609037794444,51.27475280135221,1300.0000941548496,6.0444705866302684e-05,-1.2555882221931824e-05,0.0,5.684342970282974e-13,-1.1368684043212146e-12,0.0,199.98088235293187,70.0,0.0,255.0,0.0
59.3000000000007,35.72461181237811,51.27475110679973,1300.000095706433,6.04447059231461e-05,-1.25558824493055e-05,0.0,0.0,-2.2737367544323206e-12,0.0,199.3123529411671,70.0,0.0,255.0,0.0
59.350000000000705,35.72461457682914,51.274749415863326,1300.0000972542912,6.0444705866302684e-05,-1.25558824493055e-05,0.0,-5.684342970282974e-13,1.1368684043212146e-12,0.0,198.64382352940234,70.0,0.0,255.0,0.0
59.4000000000007,35.724617331182614,51.27474772868775,1300.0000987946987,6.0444705866302684e-05,-1.2555882335618662e-05,0.0,0.0,1.1368683772161603e-12,0.0,197.97529411763767,70.0,0.0,255.0,0.0
59.4500000000007,35.72462007547498,51.27474604541724,1300.000100328587,6.0444705866302684e-05,-1.2555882335618662e-05,0.0,1.0842021724855044e-19,-1.1368684043212146e-12,0.0,197.306764705873,70.0,0.0,255.0,0.0
59.5000000000007,35.72462280974409,51.27474436619546,1300.000101855956,6.0444705866302684e-05,-1.25558824493055e-05,0.0,5.684341886080801e-13,0.0,0.0,196.63823529410823,70.0,0.0,255.0,0.0
59.55000000000071,35.72462553402918,51.27474269116559,1300.0001033749431,6.04447059231461e-05,-1.2555882335618662e-05,0.0,-1.0842021724855044e-19,1.1368684043212146e-12,0.0,195.96970588234348,70.0,0.0,255.0,0.0
59.600000000000705,35.724628248370756,51.274741020470195,1300.0001048883423,6.0444705866302684e-05,-1.2555882335618662e-05,0.0,-5.684341886080801e-13,0.0,0.0,195.3011764705788,70.0,0.0,255.0,0.0
59.6500000000007,35.72463095281077,51.27473935425124,1300.0001063952222,6.0444705866302684e-05,-1.2555882335618662e-05,0.0,5.684342970282974e-13,-2.710505431213761e-20,0.0,194.63264705881414,70.0,0.0,255.0,0.0
59.700000000000706,35.724633647392494,51.27473769265011,1300.000107892789,6.04447059231461e-05,-1.2555882335618662e-05,0.0,0.0,-1.1368683772161603e-12,0.0,193.96411764704936,70.0,0.0,255.0,0.0
59.75000000000071,35.72463633216052,51.27473603580755,1300.0001093810424,6.0444705866302684e-05,-1.25558824493055e-05,0.0,-5.684342970282974e-13,2.710505431213761e-20,0.0,193.2955882352846,70.0,0.0,255.0,0.0
59.80000000000071,35.72463900716078,51.27473438386365,1300.0001108627766,6.0444705866302684e-05,-1.2555882335618662e-05,0.0,1.1368683772161603e-12,2.2737367544323206e-12,0.0,192.62705882351995,70.0,0.0,255.0,0.0
59.850000000000705,35.72464167244057,51.27473273695785,1300.0001123351976,6.044470597998952e-05,-1.2555882221931824e-05,0.0,1.0842021724855044e-19,-1.1368684043212146e-12,0.0,191.95852941175528,70.0,0.0,255.0,0.0
59.90000000000071,35.72464432804849,51.27473109522891,1300.000113797374,6.0444705866302684e-05,-1.25558824493055e-05,0.0,-1.1368683772161603e-12,-2.2737367544323206e-12,0.0,191.2899999999905,70.0,0.0,255.0,0.0
59.95000000000071,35.724646974034435,51.274729458814825,1300.0001152511686,6.0444705866302684e-05,-1.25558824493055e-05,0.0,-1.0842021724855044e-19,1.1368684043212146e-12,0.0,190.62147058822575,70.0,0.0,255.0,0.0
60.00000000000071,35.72464961044965,51.27472782785294,1300.00011669565,6.0444705866302684e-05,-1.2555882335618662e-05,0.0,0.0,1.1368683772161603e-12,0.0,189.95294117646108,70.0,0.0,255.0,0.0
60.05000000000071,35.72465223734663,51.27472620247984,1300.000118128024,6.0444705866302684e-05,-1.2555882335618662e-05,0.0,5.684342970282974e-13,-1.1368684043212146e-12,0.0,189.28441176469642,70.0,0.0,255.0,0.0
60.10000000000071,35.72465485477922,51.27472458283131,1300.000119551085,6.04447059231461e-05,-1.25558824493055e-05,0.0,5.684341886080801e-13,0.0,0.0,188.61588235293166,70.0,0.0,255.0,0.0
60.150000000000716,35.72465746280251,51.274722969042394,1300.0001209620386,6.04447059231461e-05,-1.2555882335618662e-05,0.0,-5.684342970282974e-13,1.1368684043212146e-12,0.0,187.94735294116688,70.0,0.0,255.0,0.0
60.20000000000071,35.72466006147293,51.27472136124734,1300.000122363679,6.0444705866302684e-05,-1.2555882335618662e-05,0.0,-5.684341886080801e-13,0.0,0.0,187.27882352940222,70.0,0.0,255.0,0.0
60.25000000000071,35.72466265084811,51.27471975957955,1300.0001237541437,6.0444705866302684e-05,-1.2555882335618662e-05,0.0,1.0842021724855044e-19,-2.710505431213761e-20,0.0,186.61029411763755,70.0,0.0,255.0,0.0
60.300000000000715,35.724665230987,51.274718164171624,1300.0001251315698,6.0444705866302684e-05,-1.2555882335618662e-05,0.0,0.0,-1.1368683772161603e-12,0.0,185.9417647058728,70.0,0.0,255.0,0.0
60.35000000000072,35.72466780194978,51.27471657515529,1300.00012649782,6.0444705866302684e-05,-1.25558824493055e-05,0.0,-1.0842021724855044e-19,2.710505431213761e-20,0.0,185.27323529410802,70.0,0.0,255.0,0.0
60.400000000000716,35.72467036379787,51.2747149926614,1300.0001278510317,6.0444705866302684e-05,-1.2555882335618662e-05,0.0,0.0,2.2737367544323206e-12,0.0,184.60470588234335,70.0,0.0,255.0,0.0
60.45000000000071,35.72467291659397,51.27471341681995,1300.000129191205,6.0444705866302684e-05,-1.2555882221931824e-05,0.0,5.684342970282974e-13,-2.710505431213761e-20,0.0,183.9361764705787,70.0,0.0,255.0,0.0
60.50000000000072,35.724675460402004,51.27471184775999,1300.0001305211335,6.04447059231461e-05,-1.2555882335618662e-05,0.0,5.684341886080801e-13,-2.2737367544323206e-12,0.0,183.26764705881394,70.0,0.0,255.0,0.0
60.55000000000072,35.72467799528707,51.27471028560968,1300.0001318352297,6.04447059231461e-05,-1.25558824493055e-05,0.0,-5.684342970282974e-13,-1.136868350111106e-12,0.0,182.59911764704916,70.0,0.0,255.0,0.0
60.60000000000072,35.72468052131555,51.27470873049622,1300.0001331372187,6.0444705866302684e-05,-1.25558824493055e-05,0.0,-5.684341886080801e-13,2.2737367544323206e-12,0.0,181.9305882352845,70.0,0.0,255.0,0.0
60.650000000000716,35.72468303855497,51.27470718254586,1300.0001344243065,6.0444705866302684e-05,-1.2555882221931824e-05,0.0,1.0842021724855044e-19,-2.710505431213761e-20,0.0,181.26205882351982,70.0,0.0,255.0,0.0
60.70000000000072,35.72468554707411,51.27470564188386,1300.0001356974244,6.0444705866302684e-05,-1.25558824493055e-05,0.0,0.0,-2.2737367544323206e-12,0.0,180.59352941175507,70.0,0.0,255.0,0.0
60.750000000000725,35.72468804694287,51.27470410863452,1300.0001369565725,6.0444705866302684e-05,-1.25558824493055e-05,0.0,-1.0842021724855044e-19,1.1368684043212146e-12,0.0,179.9249999999903,70.0,0.0,255.0,0.0
60.80000000000072,35.724690538232416,51.2747025829211,1300.0001382008195,6.0444705866302684e-05,-1.2555882335618662e-05,0.0,0.0,1.1368683772161603e-12,0.0,179.25647058822562,70.0,0.0,255.0,0.0
60.85000000000072,35.72469302101498,51.274701064865845,1300.0001394310966,6.0444705866302684e-05,-1.2555882335618662e-05,0.0,5.684342970282974e-13,-2.710505431213761e-20,0.0,178.58794117646096,70.0,0.0,255.0,0.0
60.90000000000072,35.724695495364045,51.27469955458996,1300.00014064461,6.04447059231461e-05,-1.2555882335618662e-05,0.0,5.684341886080801e-13,0.0,0.0,177.9194117646962,70.0,0.0,255.0,0.0
60.95000000000073,35.72469796135418,51.2746980522136,1300.000141843222,6.04447059231461e-05,-1.2555882335618662e-05,0.0,-5.684342970282974e-13,2.710505431213761e-20,0.0,177.25088235293146,70.0,0.0,255.0,0.0
61.000000000000725,35.724700419061136,51.27469655785581,1300.000143026933,6.0444705866302684e-05,-1.2555882335618662e-05,0.0,-5.684341886080801e-13,0.0,0.0,176.58235294116676,70.0,0.0,255.0,0.0
61.05000000000072,35.72470286856173,51.27469507163457,1300.0001441938803,6.0444705866302684e-05,-1.2555882335618662e-05,0.0,1.0842021724855044e-19,-2.710505431213761e-20,0.0,175.9138235294021,70.0,0.0,255.0,0.0
61.100000000000726,35.72470530993395,51.274693593666754,1300.000145344995,6.0444705866302684e-05,-1.2555882335618662e-05,0.0,0.0,-1.1368683772161603e-12,0.0,175.24529411763734,70.0,0.0,255.0,0.0
61.15000000000073,35.72470774325691,51.274692124068125,1300.0001464784145,6.0444705866302684e-05,-1.25558824493055e-05,0.0,-1.0842021724855044e-19,-1.136868350111106e-12,0.0,174.5767647058726,70.0,0.0,255.0,0.0
61.20000000000073,35.72471016861075,51.274690662953255,1300.0001475950703,6.0444705866302684e-05,-1.25558824493055e-05,0.0,0.0,2.2737367544323206e-12,0.0,173.90823529410793,70.0,0.0,255.0,0.0
61.250000000000725,35.72471258607674,51.27468921043561,1300.000148696825,6.0444705866302684e-05,-1.2555882221931824e-05,0.0,5.684342970282974e-13,-2.710505431213761e-20,0.0,173.23970588234326,70.0,0.0,255.0,0.0
61.30000000000073,35.724714995737216,51.27468776662749,1300.0001497790217,6.04447059231461e-05,-1.25558824493055e-05,0.0,5.684341886080801e-13,-2.2737367544323206e-12,0.0,172.57117647057848,70.0,0.0,255.0,0.0
61.35000000000073,35.724717397675555,51.27468633163994,1300.0001508444548,6.04447059231461e-05,-1.25558824493055e-05,0.0,-5.684342970282974e-13,1.1368684043212146e-12,0.0,171.90264705881373,70.0,0.0,255.0,0.0
61.40000000000073,35.724719791976256,51.2746849055829,1300.0001518912613,6.0444705866302684e-05,-1.2555882335618662e-05,0.0,-5.684341886080801e-13,1.1368683772161603e-12,0.0,171.23411764704906,70.0,0.0,255.0,0.0
61.45000000000073,35.72472217872475,51.27468348856504,1300.0001529203728,6.0444705866302684e-05,-1.2555882335618662e-05,0.0,1.0842021724855044e-19,-2.710505431213761e-20,0.0,170.5655882352844,70.0,0.0,255.0,0.0
61.50000000000073,35.72472455800759,51.27468208069378,1300.000153931789,6.0444705866302684e-05,-1.2555882335618662e-05,0.0,0.0,0.0,0.0,169.89705882351961,70.0,0.0,255.0,0.0
61.550000000000736,35.724726929912286,51.274680682075356,1300.0001549255103,6.0444705866302684e-05,-1.2555882335618662e-05,0.0,1.136868268795943e-12,2.710505431213761e-20,0.0,169.22852941175486,70.0,0.0,255.0,0.0
61.60000000000073,35.72472929452741,51.27467929281469,1300.0001558987424,6.044470597998952e-05,-1.2555882335618662e-05,0.0,0.0,0.0,0.0,168.5599999999902,70.0,0.0,255.0,0.0
61.65000000000073,35.72473165194245,51.27467791301545,1300.0001568542793,6.0444705866302684e-05,-1.2555882335618662e-05,0.0,-1.136868268795943e-12,-2.710505431213761e-20,0.0,167.89147058822553,70.0,0.0,255.0,0.0
61.700000000000735,35.724734002247935,51.27467654278002,1300.0001577874646,6.0444705866302684e-05,-1.2555882335618662e-05,0.0,5.684341886080801e-13,0.0,0.0,167.22294117646075,70.0,0.0,255.0,0.0
61.75000000000074,35.72473634553536,51.27467518220948,1300.0001587029546,6.04447059231461e-05,-1.2555882335618662e-05,0.0,-1.0842021724855044e-19,-1.136868350111106e-12,0.0,166.554411764696,70.0,0.0,255.0,0.0
61.800000000000736,35.72473868189712,51.27467383140359,1300.0001596007496,6.0444705866302684e-05,-1.25558824493055e-05,0.0,-5.684341886080801e-13,0.0,0.0,165.88588235293133,70.0,0.0,255.0,0.0
61.85000000000073,35.724741011426616,51.27467249046077,1300.0001604761928,6.0444705866302684e-05,-1.2555882335618662e-05,0.0,1.0842021724855044e-19,1.136868350111106e-12,0.0,165.21735294116667,70.0,0.0,255.0,0.0
61.90000000000074,35.72474333421815,51.27467115947814,1300.0001613330096,6.0444705866302684e-05,-1.2555882335618662e-05,0.0,0.0,-1.1368683772161603e-12,0.0,164.5488235294019,70.0,0.0,255.0,0.0
61.95000000000074,35.72474565036696,51.27466983855142,1300.0001621674746,6.0444705866302684e-05,-1.25558824493055e-05,0.0,5.684340801878629e-13,-1.136868350111106e-12,0.0,163.88029411763713,70.0,0.0,255.0,0.0
62.00000000000074,35.72474795996915,51.27466852777495,1300.0001629842445,6.04447059231461e-05,-1.25558824493055e-05,0.0,0.0,2.2737367544323206e-12,0.0,163.21176470587247,70.0,0.0,255.0,0.0
62.050000000000736,35.724750263121756,51.27466722724174,1300.0001637786627,6.0444705866302684e-05,-1.2555882221931824e-05,0.0,-5.684340801878629e-13,1.136868350111106e-12,0.0,162.5432352941078,70.0,0.0,255.0,0.0
62.10000000000074,35.72475255992266,51.27466593704339,1300.000164550729,6.0444705866302684e-05,-1.2555882335618662e-05,0.0,5.684341886080801e-13,-2.2737367544323206e-12,0.0,161.87470588234305,70.0,0.0,255.0,0.0
62.150000000000745,35.72475485047064,51.274664657270044,1300.0001653032377,6.04447059231461e-05,-1.25558824493055e-05,0.0,-1.0842021724855044e-19,2.710505431213761e-20,0.0,161.20617647057827,70.0,0.0,255.0,0.0
62.20000000000074,35.724757134865285,51.274663388010495,1300.0001660333946,6.0444705866302684e-05,-1.2555882335618662e-05,0.0,-5.684341886080801e-13,1.1368683772161603e-12,0.0,160.5376470588136,70.0,0.0,255.0,0.0
62.25000000000074,35.72475941320708,51.274662129352066,1300.0001667439938,6.0444705866302684e-05,-1.2555882335618662e-05,0.0,1.0842021724855044e-19,-2.710505431213761e-20,0.0,159.86911764704894,70.0,0.0,255.0,0.0
62.30000000000074,35.72476168559728,51.27466088138065,1300.0001674313098,6.0444705866302684e-05,-1.2555882335618662e-05,0.0,0.0,0.0,0.0,159.2005882352842,70.0,0.0,255.0,0.0
62.35000000000075,35.724763952137984,51.274659644180666,1300.0001680953428,6.0444705866302684e-05,-1.2555882335618662e-05,0.0,5.684340801878629e-13,-1.136868350111106e-12,0.0,158.5320588235194,70.0,0.0,255.0,0.0
62.400000000000745,35.72476621293205,51.27465841783507,1300.0001687388867,6.04447059231461e-05,-1.25558824493055e-05,0.0,0.0,0.0,0.0,157.86352941175474,70.0,0.0,255.0,0.0
62.45000000000074,35.72476846808316,51.27465720242538,1300.0001693610102,6.0444705866302684e-05,-1.2555882335618662e-05,0.0,-5.684340801878629e-13,1.136868350111106e-12,0.0,157.19499999999007,70.0,0.0,255.0,0.0
62.500000000000746,35.72477071769575,51.274655998031584,1300.000169957988,6.0444705866302684e-05,-1.2555882335618662e-05,0.0,5.684341886080801e-13,-1.1368683772161603e-12,0.0,156.52647058822532,70.0,0.0,255.0,0.0
62.55000000000075,35.72477296187498,51.27465480473219,1300.0001705363393,6.04447059231461e-05,-1.25558824493055e-05,0.0,-1.0842021724855044e-19,-1.136868350111106e-12,0.0,155.85794117646054,70.0,0.0,255.0,0.0
62.60000000000075,35.724775200726796,51.274653622604156,1300.0001710904762,6.0444705866302684e-05,-1.25558824493055e-05,0.0,-5.684341886080801e-13,2.2737367544323206e-12,0.0,155.18941176469588,70.0,0.0,255.0,0.0
62.650000000000745,35.72477743435788,51.274652451722986,1300.0001716194674,6.0444705866302684e-05,-1.2555882221931824e-05,0.0,1.0842021724855044e-19,1.136868350111106e-12,0.0,154.5208823529312,70.0,0.0,255.0,0.0
62.70000000000075,35.72477966287553,51.27465129216261,1300.0001721279696,6.0444705866302684e-05,-1.2555882335618662e-05,0.0,0.0,-2.2737367544323206e-12,0.0,153.85235294116646,70.0,0.0,255.0,0.0
62.75000000000075,35.72478188638784,51.274650143995395,1300.000172611326,6.0444705866302684e-05,-1.25558824493055e-05,0.0,5.684340801878629e-13,2.710505431213761e-20,0.0,153.18382352940168,70.0,0.0,255.0,0.0
62.80000000000075,35.72478410500355,51.274649007292226,1300.000173073262,6.04447059231461e-05,-1.2555882335618662e-05,0.0,0.0,1.1368683772161603e-12,0.0,152.515294117637,70.0,0.0,255.0,0.0
62.85000000000075,35.72478631883207,51.27464788212238,1300.0001735109836,6.0444705866302684e-05,-1.2555882335618662e-05,0.0,-5.684340801878629e-13,-2.710505431213761e-20,0.0,151.84676470587235,70.0,0.0,255.0,0.0
62.90000000000075,35.72478852798343,51.274646768553545,1300.0001739254221,6.0444705866302684e-05,-1.2555882335618662e-05,0.0,5.684341886080801e-13,0.0,0.0,151.1782352941076,70.0,0.0,255.0,0.0
62.950000000000756,35.72479073256837,51.27464566665188,1300.000174314715,6.04447059231461e-05,-1.2555882335618662e-05,0.0,-1.0842021724855044e-19,2.710505431213761e-20,0.0,150.50970588234284,70.0,0.0,255.0,0.0
63.00000000000075,35.724792932698165,51.274644576481926,1300.0001746807247,6.0444705866302684e-05,-1.2555882335618662e-05,0.0,-5.684341886080801e-13,0.0,0.0,149.84117647057815,70.0,0.0,255.0,0.0
63.05000000000075,35.72479512848477,51.27464349810662,1300.0001750234514,6.0444705866302684e-05,-1.2555882335618662e-05,0.0,1.0842021724855044e-19,-2.710505431213761e-20,0.0,149.17264705881348,70.0,0.0,255.0,0.0
63.100000000000755,35.72479732004067,51.274642431587324,1300.0001753410324,6.0444705866302684e-05,-1.2555882335618662e-05,0.0,0.0,0.0,0.0,148.50411764704873,70.0,0.0,255.0,0.0
63.15000000000076,35.72479950747897,51.27464137698376,1300.000175634399,6.0444705866302684e-05,-1.2555882335618662e-05,0.0,5.684340801878629e-13,-1.136868350111106e-12,0.0,147.83558823528398,70.0,0.0,255.0,0.0
63.200000000000756,35.72480169091332,51.27464033435403,1300.0001759044826,6.04447059231461e-05,-1.25558824493055e-05,0.0,5.684341886080801e-13,0.0,0.0,147.1670588235193,70.0,0.0,255.0,0.0
63.25000000000075,35.72480387045792,51.27463930375462,1300.0001761503518,6.04447059231461e-05,-1.2555882335618662e-05,0.0,-5.684340801878629e-13,2.2737367273272663e-12,0.0,146.49852941175465,70.0,0.0,255.0,0.0
63.30000000000076,35.72480604622749,51.27463828524036,1300.0001763720065,6.0444705866302684e-05,-1.2555882221931824e-05,0.0,0.0,-1.1368683772161603e-12,0.0,145.82999999998987,70.0,0.0,255.0,0.0
63.35000000000076,35.72480821833727,51.27463727886445,1300.000176566653,6.04447059231461e-05,-1.25558824493055e-05,0.0,-1.0842021724855044e-19,-2.2737367273272663e-12,0.0,145.16147058822511,70.0,0.0,255.0,0.0
63.40000000000076,35.724810386903016,51.27463628467843,1300.000176737085,6.0444705866302684e-05,-1.25558824493055e-05,0.0,-5.684341886080801e-13,1.1368683772161603e-12,0.0,144.49294117646045,70.0,0.0,255.0,0.0
63.450000000000756,35.7248125520409,51.27463530273219,1300.000176884234,6.0444705866302684e-05,-1.2555882335618662e-05,0.0,1.0842021724855044e-19,1.136868350111106e-12,0.0,143.82441176469578,70.0,0.0,255.0,0.0
63.50000000000076,35.72481471386767,51.274634333073934,1300.0001770071685,6.0444705866302684e-05,-1.2555882335618662e-05,0.0,0.0,0.0,0.0,143.155882352931,70.0,0.0,255.0,0.0
63.550000000000765,35.724816872500426,51.2746333757502,1300.0001771030948,6.0444705866302684e-05,-1.2555882335618662e-05,0.0,5.684340801878629e-13,2.710505431213761e-20,0.0,142.48735294116625,70.0,0.0,255.0,0.0
63.60000000000076,35.724819028056736,51.27463243080587,1300.0001771748066,6.04447059231461e-05,-1.2555882335618662e-05,0.0,0.0,0.0,0.0,141.81882352940158,70.0,0.0,255.0,0.0
63.65000000000076,35.7248211806546,51.2746314982841,1300.0001772213727,6.0444705866302684e-05,-1.2555882335618662e-05,0.0,-5.684340801878629e-13,-2.710505431213761e-20,0.0,141.15029411763692,70.0,0.0,255.0,0.0
63.70000000000076,35.72482333041243,51.27463057822639,1300.0001772437245,6.0444705866302684e-05,-1.2555882335618662e-05,0.0,5.684341886080801e-13,0.0,0.0,140.48176470587214,70.0,0.0,255.0,0.0
63.75000000000077,35.72482547744899,51.27462967067253,1300.0001772399992,6.04447059231461e-05,-1.2555882335618662e-05,0.0,-1.0842021724855044e-19,-1.136868350111106e-12,0.0,139.8132352941074,70.0,0.0,255.0,0.0
63.800000000000765,35.72482762188342,51.27462877566061,1300.0001772129908,6.0444705866302684e-05,-1.25558824493055e-05,0.0,-5.684341886080801e-13,0.0,0.0,139.14470588234272,70.0,0.0,255.0,0.0
63.85000000000076,35.724829763835245,51.274627893227,1300.0001771571115,6.0444705866302684e-05,-1.2555882335618662e-05,0.0,1.0842021724855044e-19,2.2737367273272663e-12,0.0,138.47617647057805,70.0,0.0,255.0,0.0
63.900000000000766,35.7248319034243,51.27462702340638,1300.0001770770177,6.0444705866302684e-05,-1.2555882221931824e-05,0.0,0.0,-1.1368683772161603e-12,0.0,137.80764705881327,70.0,0.0,255.0,0.0
63.95000000000077,35.72483404077076,51.27462616623169,1300.0001769727096,6.0444705866302684e-05,-1.25558824493055e-05,0.0,5.684340801878629e-13,-2.2737367273272663e-12,0.0,137.13911764704852,70.0,0.0,255.0,0.0
64.00000000000077,35.724836175995094,51.27462532173415,1300.000176841393,6.04447059231461e-05,-1.25558824493055e-05,0.0,0.0,1.1368683772161603e-12,0.0,136.47058823528386,70.0,0.0,255.0,0.0
64.05000000000076,35.724838309218036,51.274624489943285,1300.000176684931,6.0444705866302684e-05,-1.2555882335618662e-05,0.0,-5.684341886080801e-13,1.1368683772161603e-12,-1.81898940354596e-11,135.8020588235192,70.0,0.0,255.0,0.0
64.10000000000076,35.724840440560655,51.27462367088686,1300.0001765042543,6.0444705866302684e-05,-1.2555882335618662e-05,-1.8189894035458565e-12,0.0,-1.136868350111106e-12,1.8189894035441504e-11,135.13352941175452,70.0,0.0,255.0,0.0
64.15000000000077,35.724842570144205,51.27462286459091,1300.0001762993634,6.0444705866302684e-05,-1.25558824493055e-05,1.8189894035458565e-12,0.0,-2.710505431213761e-20,1.8189894035441504e-11,134.46499999998966,70.0,0.0,255.0,0.0
64.20000000000077,35.72484469809022,51.274622071079754,1300.0001760683954,6.0444705866302684e-05,-1.2555882335618662e-05,0.0,0.0,1.1368683772161603e-12,-3.63797880709192e-11,133.796470588225,70.0,0.0,255.0,0.0
64.25000000000077,35.724846824520476,51.27462129037592,1300.0001758094877,6.0444705866302684e-05,-1.2555882335618662e-05,-1.8189894035458565e-12,5.684341886080801e-13,2.710505431213761e-20,1.8189894035441504e-11,133.12794117646033,70.0,0.0,255.0,0.0
64.30000000000078,35.72484894955691,51.27462052250025,1300.0001755254343,6.04447059231461e-05,-1.2555882335618662e-05,1.8189894035458565e-12,5.684341886080801e-13,-2.710505431213761e-20,1.8189894035441504e-11,132.45941176469546,70.0,0.0,255.0,0.0
64.35000000000078,35.72485107332167,51.274619767471805,1300.0001752180979,6.04447059231461e-05,-1.2555882335618662e-05,0.0,0.0,0.0,-1.81898940354596e-11,131.7908823529308,70.0,0.0,255.0,0.0
64.40000000000077,35.72485319593706,51.27461902530793,1300.000174883753,6.04447059231461e-05,-1.2555882335618662e-05,0.0,-5.684341886080801e-13,0.0,0.0,131.12235294116613,70.0,0.0,255.0,0.0
64.45000000000077,35.72485531752559,51.27461829602416,1300.0001745251939,6.0444705866302684e-05,-1.2555882335618662e-05,0.0,-5.684341886080801e-13,0.0,-1.81898940354596e-11,130.45382352940146,70.0,0.0,255.0,0.0
64.50000000000077,35.72485743820985,51.274617579634345,1300.000174138695,6.0444705866302684e-05,-1.2555882335618662e-05,-1.8189894035458565e-12,0.0,2.710505431213761e-20,1.8189894035441504e-11,129.7852941176368,70.0,0.0,255.0,0.0
64.55000000000078,35.724859558112584,51.27461687615053,1300.000173728913,6.0444705866302684e-05,-1.2555882335618662e-05,1.8189894035458565e-12,0.0,-1.1368684043212146e-12,1.8189894035441504e-11,129.11676470587193,70.0,0.0,255.0,0.0
64.60000000000078,35.724861677356664,51.27461618558302,1300.0001732939854,6.0444705866302684e-05,-1.25558824493055e-05,0.0,0.0,0.0,-3.63797880709192e-11,128.44823529410726,70.0,0.0,255.0,0.0
64.65000000000077,35.724863796064966,51.274615507940375,1300.000172833912,6.0444705866302684e-05,-1.2555882335618662e-05,-1.8189894035458565e-12,5.684341886080801e-13,1.1368684043212146e-12,1.8189894035441504e-11,127.7797058823426,70.0,0.0,255.0,0.0
64.70000000000078,35.72486591436054,51.27461484322936,1300.0001723468304,6.04447059231461e-05,-1.2555882335618662e-05,1.8189894035458565e-12,5.684341886080801e-13,-1.1368684043212146e-12,1.8189894035441504e-11,127.11117647057776,70.0,0.0,255.0,0.0
64.75000000000078,35.72486803236645,51.27461419145502,1300.0001718336716,6.04447059231461e-05,-1.25558824493055e-05,0.0,0.0,0.0,-1.81898940354596e-11,126.44264705881307,70.0,0.0,255.0,0.0
64.80000000000078,35.72487015020579,51.27461355262061,1300.0001712972298,6.04447059231461e-05,-1.2555882335618662e-05,0.0,-5.684341886080801e-13,2.2737367544323206e-12,0.0,125.7741176470484,70.0,0.0,255.0,0.0
64.85000000000078,35.724872268001675,51.27461292672765,1300.0001707356423,6.0444705866302684e-05,-1.2555882221931824e-05,0.0,-5.684341886080801e-13,0.0,-1.81898940354596e-11,125.10558823528373,70.0,0.0,255.0,0.0
64.90000000000077,35.724874385877264,51.274612313775854,1300.000170148909,6.0444705866302684e-05,-1.2555882335618662e-05,-1.8189894035458565e-12,5.684341886080801e-13,-2.2737367273272663e-12,-1.0339757656911083e-23,124.43705882351907,70.0,0.0,255.0,0.0
64.95000000000078,35.724876503955656,51.27461171376322,1300.0001695360988,6.04447059231461e-05,-1.25558824493055e-05,0.0,-0.0006044470586773201,0.0001255588233591557,1.8189894035309672e-11,123.76852941175423,70.0,0.0,255.0,0.0
65.0,35.72487862235995,51.27461112668597,1300.0001688981429,0.0,0.0,0.0,14289.952063062556,20509.88376902265,519999.99998380186,123.1,70.0,0.0,255.0,0.0
65.00000000000078,35.72487862235995,51.27461112668597,1300.0001688981429,1.1168983796220665e-08,1.603046381594992e-08,4.064304448484702e-07,14289.952063062556,20509.88376902265,519999.99998380186,123.1,70.0,0.0,255.0,0.0
65.05000000000078,35.72487686113182,51.27461445084177,1300.0001685041934,-3.522461543070676e-05,6.648307692103117e-05,-1.8189894035458565e-12,-0.00035235784357666574,0.0006646704645722844,-4.064286258591475e-06,123.1,70.0,0.0,255.0,0.0
65.10000000000079,35.724875099903656,51.274617774997566,1300.0001681121066,-3.5224615373863344e-05,6.648307692103117e-05,1.8189894035458565e-12,0.0,0.0,1.8189894035441504e-11,123.1,70.0,0.0,255.0,0.0
65.15000000000079,35.72487333867551,51.27462109915337,1300.0001677172258,-3.522461543070676e-05,6.648307692103117e-05,0.0,5.684341886080801e-13,0.0,-1.81898940354596e-11,123.1,70.0,0.0,255.0,0.0
65.20000000000078,35.724871577447374,51.27462442330917,1300.0001673232764,-3.5224615317019925e-05,6.648307692103117e-05,0.0,1.1368683772161603e-12,0.0,0.0,123.1,70.0,0.0,255.0,0.0
65.25000000000078,35.72486981621923,51.27462774746497,1300.0001669311896,-3.5224615317019925e-05,6.648307692103117e-05,0.0,-1.1368683772161603e-12,0.0,-1.81898940354596e-11,123.1,70.0,0.0,255.0,0.0
65.30000000000078,35.724868054991084,51.27463107162077,1300.0001665363088,-3.522461543070676e-05,6.648307692103117e-05,-1.8189894035458565e-12,-5.684341886080801e-13,1.1368683772161603e-12,1.8189894035441504e-11,123.1,70.0,0.0,255.0,0.0
65.35000000000079,35.72486629376292,51.274634395776566,1300.000166144222,-3.5224615373863344e-05,6.648307703471801e-05,1.8189894035458565e-12,5.684341886080801e-13,0.0,1.8189894035441504e-11,123.1,70.0,0.0,255.0,0.0
65.40000000000079,35.72486453253478,51.27463771993237,1300.0001657493412,-3.5224615373863344e-05,6.648307692103117e-05,0.0,-5.684341886080801e-13,-1.1368683772161603e-12,-3.63797880709192e-11,123.1,70.0,0.0,255.0,0.0
65.45000000000078,35.72486277130664,51.27464104408817,1300.0001653544605,-3.522461543070676e-05,6.648307692103117e-05,-1.8189894035458565e-12,0.0,0.0,1.8189894035441504e-11,123.1,70.0,0.0,255.0,0.0
65.5000000000008,35.72486101007848,51.27464436824397,1300.0001649623737,-3.5224615373863344e-05,6.648307692103117e-05,1.8189894035458565e-12,0.0,1.1368683772161603e-12,1.8189894035441504e-11,123.1,70.0,0.0,255.0,0.0
65.5500000000008,35.724859248850336,51.27464769239977,1300.0001645693555,-3.522461543070676e-05,6.648307703471801e-05,0.0,5.684341886080801e-13,0.0,-1.81898940354596e-11,123.1,70.0,0.0,255.0,0.0
65.60000000000079,35.724857487622195,51.27465101655557,1300.000164175406,-3.5224615317019925e-05,6.648307692103117e-05,0.0,1.1368683772161603e-12,-2.2737367544323206e-12,0.0,123.1,70.0,0.0,255.0,0.0
65.65000000000079,35.72485572639405,51.27465434071137,1300.0001637814566,-3.5224615317019925e-05,6.648307680734433e-05,0.0,-1.1368683772161603e-12,0.0,-1.81898940354596e-11,123.1,70.0,0.0,255.0,0.0
65.70000000000078,35.7248539651659,51.27465766486717,1300.0001633893698,-3.522461543070676e-05,6.648307692103117e-05,-1.8189894035458565e-12,-5.684341886080801e-13,0.0,1.8189894035441504e-11,123.1,70.0,0.0,255.0,0.0
65.7500000000008,35.724852203937765,51.27466098902297,1300.0001629954204,-3.5224615373863344e-05,6.648307680734433e-05,1.8189894035458565e-12,5.684341886080801e-13,0.0,1.8189894035441504e-11,123.1,70.0,0.0,255.0,0.0
65.8000000000008,35.72485044270962,51.27466431317876,1300.000162601471,-3.5224615373863344e-05,6.648307692103117e-05,0.0,-5.684341886080801e-13,2.2737367544323206e-12,-3.63797880709192e-11,123.1,70.0,0.0,255.0,0.0
65.85000000000079,35.72484868148146,51.27466763733457,1300.0001622065902,-3.522461543070676e-05,6.648307703471801e-05,-1.8189894035458565e-12,0.0,0.0,1.8189894035441504e-11,123.1,70.0,0.0,255.0,0.0
65.9000000000008,35.724846920253306,51.274670961490365,1300.0001618145034,-3.5224615373863344e-05,6.648307692103117e-05,1.8189894035458565e-12,5.684341886080801e-13,-2.2737367544323206e-12,1.8189894035441504e-11,123.1,70.0,0.0,255.0,0.0
65.9500000000008,35.72484515902517,51.274674285646164,1300.0001614196226,-3.5224615373863344e-05,6.648307680734433e-05,0.0,5.684341886080801e-13,0.0,-1.81898940354596e-11,123.1,70.0,0.0,255.0,0.0
66.0000000000008,35.72484339779701,51.27467760980196,1300.0001610275358,-3.5224615317019925e-05,6.648307692103117e-05,0.0,0.0,2.2737367544323206e-12,0.0,123.1,70.0,0.0,255.0,0.0
66.0500000000008,35.724841636568875,51.274680933957754,1300.0001606335863,-3.5224615373863344e-05,6.648307703471801e-05,0.0,-1.1368683772161603e-12,0.0,-1.81898940354596e-11,123.1,70.0,0.0,255.0,0.0
66.10000000000079,35.72483987534073,51.27468425811357,1300.000160239637,-3.522461543070676e-05,6.648307692103117e-05,-1.8189894035458565e-12,0.0,-2.2737367544323206e-12,1.8189894035441504e-11,123.1,70.0,0.0,255.0,0.0
66.1500000000008,35.724838114112586,51.274687582269365,1300.00015984755,-3.5224615373863344e-05,6.648307680734433e-05,1.8189894035458565e-12,0.0,0.0,1.8189894035441504e-11,123.1,70.0,0.0,255.0,0.0
66.2000000000008,35.72483635288444,51.274690906425164,1300.0001594526693,-3.522461543070676e-05,6.648307692103117e-05,0.0,-5.684341886080801e-13,2.2737367544323206e-12,-3.63797880709192e-11,123.1,70.0,0.0,255.0,0.0
66.2500000000008,35.72483459165628,51.274694230580955,1300.0001590596512,-3.522461543070676e-05,6.648307703471801e-05,-1.8189894035458565e-12,5.684341886080801e-13,0.0,1.8189894035441504e-11,123.1,70.0,0.0,255.0,0.0
66.30000000000081,35.724832830428156,51.27469755473676,1300.000158666633,-3.5224615373863344e-05,6.648307692103117e-05,1.8189894035458565e-12,5.684341886080801e-13,-1.1368683772161603e-12,1.8189894035441504e-11,123.1,70.0,0.0,255.0,0.0
66.3500000000008,35.724831069199986,51.27470087889256,1300.0001582717523,-3.5224615373863344e-05,6.648307692103117e-05,0.0,0.0,0.0,-1.81898940354596e-11,123.1,70.0,0.0,255.0,0.0
66.4000000000008,35.72482930797184,51.27470420304836,1300.0001578796655,-3.5224615373863344e-05,6.648307692103117e-05,0.0,5.684341886080801e-13,-1.1368683772161603e-12,0.0,123.1,70.0,0.0,255.0,0.0
66.4500000000008,35.724827546743704,51.27470752720416,1300.0001574847847,-3.5224615317019925e-05,6.648307680734433e-05,0.0,-5.684341886080801e-13,1.1368683772161603e-12,-1.81898940354596e-11,123.1,70.0,0.0,255.0,0.0
66.5000000000008,35.72482578551555,51.274710851359956,1300.0001570908353,-3.522461543070676e-05,6.648307703471801e-05,-1.8189894035458565e-12,-5.684341886080801e-13,1.1368683772161603e-12,1.8189894035441504e-11,123.1,70.0,0.0,255.0,0.0
66.55000000000081,35.72482402428741,51.27471417551576,1300.0001566978171,-3.5224615373863344e-05,6.648307692103117e-05,1.8189894035458565e-12,0.0,-1.1368683772161603e-12,1.8189894035441504e-11,123.1,70.0,0.0,255.0,0.0
66.6000000000008,35.724822263059266,51.27471749967156,1300.0001563029364,-3.522461543070676e-05,6.648307692103117e-05,0.0,-5.684341886080801e-13,0.0,-3.63797880709192e-11,123.1,70.0,0.0,255.0,0.0
66.6500000000008,35.724820501831125,51.27472082382735,1300.000155911781,-3.522461543070676e-05,6.648307692103117e-05,-1.8189894035458565e-12,5.684341886080801e-13,0.0,1.8189894035441504e-11,123.1,70.0,0.0,255.0,0.0
66.70000000000081,35.72481874060297,51.27472414798316,1300.0001555169001,-3.5224615373863344e-05,6.648307692103117e-05,1.8189894035458565e-12,0.0,1.1368683772161603e-12,1.8189894035441504e-11,123.1,70.0,0.0,255.0,0.0
66.75000000000081,35.724816979374815,51.274727472138956,1300.0001551229507,-3.522461543070676e-05,6.648307703471801e-05,0.0,5.684341886080801e-13,0.0,-1.81898940354596e-11,123.1,70.0,0.0,255.0,0.0
66.80000000000081,35.724815218146674,51.274730796294754,1300.0001547299325,-3.5224615317019925e-05,6.648307692103117e-05,0.0,1.1368683772161603e-12,-1.1368683772161603e-12,0.0,123.1,70.0,0.0,255.0,0.0
66.8500000000008,35.72481345691854,51.27473412045055,1300.0001543369144,-3.5224615317019925e-05,6.648307692103117e-05,0.0,-1.1368683772161603e-12,0.0,-1.81898940354596e-11,123.1,70.0,0.0,255.0,0.0
66.9000000000008,35.72481169569039,51.27473744460636,1300.0001539420336,-3.522461543070676e-05,6.648307692103117e-05,-1.8189894035458565e-12,-5.684341886080801e-13,-1.1368683772161603e-12,1.8189894035441504e-11,123.1,70.0,0.0,255.0,0.0
66.95000000000081,35.72480993446223,51.27474076876214,1300.0001535518095,-3.5224615373863344e-05,6.648307680734433e-05,1.8189894035458565e-12,5.684341886080801e-13,0.0,1.8189894035441504e-11,123.1,70.0,0.0,255.0,0.0
67.00000000000081,35.72480817323409,51.274744092917956,1300.0001531569287,-3.5224615373863344e-05,6.648307692103117e-05,0.0,-5.684341886080801e-13,2.2737367544323206e-12,-3.63797880709192e-11,123.1,70.0,0.0,255.0,0.0
67.05000000000081,35.72480641200595,51.274747417073755,1300.0001527629793,-3.522461543070676e-05,6.648307703471801e-05,-1.8189894035458565e-12,0.0,-1.1368683772161603e-12,1.8189894035441504e-11,123.1,70.0,0.0,255.0,0.0
67.10000000000082,35.7248046507778,51.27475074122955,1300.0001523680985,-3.5224615373863344e-05,6.648307680734433e-05,1.8189894035458565e-12,0.0,-2.2737367544323206e-12,1.8189894035441504e-11,123.1,70.0,0.0,255.0,0.0
67.15000000000082,35.72480288954964,51.27475406538535,1300.000151976943,-3.522461543070676e-05,6.648307680734433e-05,0.0,5.684341886080801e-13,1.1368683772161603e-12,-1.81898940354596e-11,123.1,70.0,0.0,255.0,0.0
67.20000000000081,35.724801128321495,51.27475738954115,1300.0001515820622,-3.5224615317019925e-05,6.648307692103117e-05,0.0,1.1368683772161603e-12,2.2737367544323206e-12,0.0,123.1,70.0,0.0,255.0,0.0
67.25000000000081,35.72479936709336,51.274760713696956,1300.0001511871815,-3.5224615317019925e-05,6.648307703471801e-05,0.0,-1.1368683772161603e-12,0.0,-1.81898940354596e-11,123.1,70.0,0.0,255.0,0.0
67.30000000000081,35.72479760586521,51.274764037852755,1300.0001507950947,-3.522461543070676e-05,6.648307692103117e-05,-1.8189894035458565e-12,-5.684341886080801e-13,-1.1368683772161603e-12,1.8189894035441504e-11,123.1,70.0,0.0,255.0,0.0
67.35000000000082,35.72479584463706,51.274767362008554,1300.000150400214,-3.5224615373863344e-05,6.648307692103117e-05,1.8189894035458565e-12,5.684341886080801e-13,0.0,1.8189894035441504e-11,123.1,70.0,0.0,255.0,0.0
67.40000000000082,35.724794083408916,51.274770686164345,1300.0001500071958,-3.5224615373863344e-05,6.648307692103117e-05,0.0,-5.684341886080801e-13,0.0,-3.63797880709192e-11,123.1,70.0,0.0,255.0,0.0
67.45000000000081,35.72479232218076,51.274774010320144,1300.0001496141776,-3.522461543070676e-05,6.648307692103117e-05,-1.8189894035458565e-12,0.0,0.0,1.8189894035441504e-11,123.1,70.0,0.0,255.0,0.0
67.50000000000082,35.72479056095262,51.27477733447595,1300.0001492202282,-3.5224615373863344e-05,6.648307692103117e-05,1.8189894035458565e-12,5.684341886080801e-13,0.0,1.8189894035441504e-11,123.1,70.0,0.0,255.0,0.0
67.55000000000082,35.72478879972447,51.27478065863175,1300.0001488262787,-3.5224615373863344e-05,6.648307692103117e-05,0.0,5.684341886080801e-13,0.0,-1.81898940354596e-11,123.1,70.0,0.0,255.0,0.0
67.60000000000082,35.72478703849633,51.27478398278755,1300.0001484323293,-3.5224615317019925e-05,6.648307692103117e-05,0.0,0.0,-1.1368683772161603e-12,0.0,123.1,70.0,0.0,255.0,0.0
67.65000000000082,35.72478527726818,51.27478730694335,1300.0001480402425,-3.5224615373863344e-05,6.648307680734433e-05,0.0,-1.1368683772161603e-12,1.1368683772161603e-12,-1.81898940354596e-11,123.1,70.0,0.0,255.0,0.0
67.70000000000081,35.724783516040034,51.274790631099144,1300.0001476481557,-3.522461543070676e-05,6.648307703471801e-05,-1.8189894035458565e-12,0.0,1.1368683772161603e-12,1.8189894035441504e-11,123.1,70.0,0.0,255.0,0.0
67.75000000000082,35.724781754811886,51.27479395525496,1300.0001472523436,-3.5224615373863344e-05,6.648307692103117e-05,1.8189894035458565e-12,0.0,-1.1368683772161603e-12,1.8189894035441504e-11,123.1,70.0,0.0,255.0,0.0
67.80000000000082,35.72477999358374,51.274797279410755,1300.0001468611881,-3.522461543070676e-05,6.648307692103117e-05,0.0,-5.684341886080801e-13,0.0,-3.63797880709192e-11,123.1,70.0,0.0,255.0,0.0
67.85000000000082,35.72477823235558,51.27480060356654,1300.0001464635134,-3.522461543070676e-05,6.648307692103117e-05,-1.8189894035458565e-12,5.684341886080801e-13,0.0,1.8189894035441504e-11,123.1,70.0,0.0,255.0,0.0
67.90000000000083,35.72477647112744,51.274803927722346,1300.000146072358,-3.5224615373863344e-05,6.648307692103117e-05,1.8189894035458565e-12,5.684341886080801e-13,0.0,1.8189894035441504e-11,123.1,70.0,0.0,255.0,0.0
67.95000000000083,35.7247747098993,51.274807251878144,1300.0001456784084,-3.5224615373863344e-05,6.648307692103117e-05,0.0,0.0,0.0,-1.81898940354596e-11,123.1,70.0,0.0,255.0,0.0
68.00000000000082,35.72477294867115,51.27481057603394,1300.0001452853903,-3.5224615373863344e-05,6.648307692103117e-05,0.0,5.684341886080801e-13,0.0,0.0,123.1,70.0,0.0,255.0,0.0
68.05000000000082,35.72477118744302,51.27481390018974,1300.0001448905095,-3.5224615317019925e-05,6.648307692103117e-05,0.0,-5.684341886080801e-13,0.0,-1.81898940354596e-11,123.1,70.0,0.0,255.0,0.0
68.10000000000082,35.724769426214856,51.27481722434554,1300.00014449656,-3.522461543070676e-05,6.648307692103117e-05,-1.8189894035458565e-12,-5.684341886080801e-13,0.0,1.8189894035441504e-11,123.1,70.0,0.0,255.0,0.0
68.15000000000083,35.72476766498672,51.27482054850134,1300.0001441044733,-3.5224615373863344e-05,6.648307692103117e-05,1.8189894035458565e-12,0.0,0.0,1.8189894035441504e-11,123.1,70.0,0.0,255.0,0.0
68.20000000000083,35.72476590375856,51.27482387265715,1300.0001437105238,-3.522461543070676e-05,6.648307692103117e-05,0.0,-5.684341886080801e-13,0.0,-3.63797880709192e-11,123.1,70.0,0.0,255.0,0.0
68.25000000000082,35.72476414253041,51.27482719681295,1300.0001433165744,-3.522461543070676e-05,6.648307692103117e-05,-1.8189894035458565e-12,5.684341886080801e-13,-1.1368683772161603e-12,1.8189894035441504e-11,123.1,70.0,0.0,255.0,0.0
68.30000000000084,35.724762381302284,51.27483052096874,1300.000142922625,-3.5224615373863344e-05,6.648307680734433e-05,1.8189894035458565e-12,0.0,0.0,1.8189894035441504e-11,123.1,70.0,0.0,255.0,0.0
68.35000000000083,35.72476062007412,51.27483384512454,1300.0001425296068,-3.522461543070676e-05,6.648307692103117e-05,0.0,-5.684341886080801e-13,2.2737367544323206e-12,-1.81898940354596e-11,123.1,70.0,0.0,255.0,0.0
68.40000000000083,35.72475885884598,51.27483716928034,1300.0001421384513,-3.522461543070676e-05,6.648307703471801e-05,0.0,1.1368683772161603e-12,0.0,0.0,123.1,70.0,0.0,255.0,0.0
68.45000000000083,35.724757097617825,51.27484049343614,1300.0001417426392,-3.5224615317019925e-05,6.648307692103117e-05,0.0,5.684341886080801e-13,-1.1368683772161603e-12,-1.81898940354596e-11,123.1,70.0,0.0,255.0,0.0
68.50000000000082,35.7247553363897,51.27484381759194,1300.0001413505524,-3.5224615373863344e-05,6.648307692103117e-05,-1.8189894035458565e-12,-5.684341886080801e-13,0.0,1.8189894035441504e-11,123.1,70.0,0.0,255.0,0.0
68.55000000000084,35.72475357516154,51.27484714174774,1300.0001409575343,-3.5224615373863344e-05,6.648307692103117e-05,1.8189894035458565e-12,0.0,0.0,1.8189894035441504e-11,123.1,70.0,0.0,255.0,0.0
68.60000000000083,35.724751813933395,51.27485046590353,1300.0001405626535,-3.5224615373863344e-05,6.648307692103117e-05,0.0,-5.684341886080801e-13,0.0,-3.63797880709192e-11,123.1,70.0,0.0,255.0,0.0
68.65000000000083,35.72475005270525,51.27485379005933,1300.000140168704,-3.522461543070676e-05,6.648307692103117e-05,-1.8189894035458565e-12,0.0,0.0,1.8189894035441504e-11,123.1,70.0,0.0,255.0,0.0
68.70000000000084,35.7247482914771,51.274857114215145,1300.0001397738233,-3.5224615373863344e-05,6.648307692103117e-05,1.8189894035458565e-12,0.0,0.0,1.8189894035441504e-11,123.1,70.0,0.0,255.0,0.0
68.75000000000084,35.72474653024895,51.27486043837093,1300.0001393817365,-3.522461543070676e-05,6.648307692103117e-05,0.0,0.0,0.0,-1.81898940354596e-11,123.1,70.0,0.0,255.0,0.0
68.80000000000084,35.72474476902081,51.274863762526735,1300.000138987787,-3.5224615373863344e-05,6.648307692103117e-05,0.0,1.1368683772161603e-12,0.0,0.0,123.1,70.0,0.0,255.0,0.0
68.85000000000083,35.72474300779266,51.27486708668255,1300.000138594769,-3.5224615317019925e-05,6.648307692103117e-05,0.0,0.0,1.1368683772161603e-12,-1.81898940354596e-11,123.1,70.0,0.0,255.0,0.0
68.90000000000083,35.72474124656452,51.27487041083834,1300.0001382008195,-3.5224615373863344e-05,6.648307703471801e-05,-1.8189894035458565e-12,-5.684341886080801e-13,0.0,1.8189894035441504e-11,123.1,70.0,0.0,255.0,0.0
68.95000000000084,35.72473948533638,51.27487373499414,1300.00013780687,-3.5224615373863344e-05,6.648307692103117e-05,1.8189894035458565e-12,0.0,-2.2737367544323206e-12,1.8189894035441504e-11,123.1,70.0,0.0,255.0,0.0
69.00000000000084,35.724737724108216,51.27487705914994,1300.0001374129206,-3.5224615373863344e-05,6.648307680734433e-05,0.0,-5.684341886080801e-13,0.0,-3.63797880709192e-11,123.1,70.0,0.0,255.0,0.0
69.05000000000084,35.72473596288007,51.27488038330573,1300.0001370199025,-3.522461543070676e-05,6.648307692103117e-05,-1.8189894035458565e-12,0.0,1.1368683772161603e-12,1.8189894035441504e-11,123.1,70.0,0.0,255.0,0.0
69.10000000000085,35.72473420165193,51.27488370746153,1300.000136625953,-3.5224615373863344e-05,6.648307692103117e-05,1.8189894035458565e-12,5.684341886080801e-13,0.0,1.8189894035441504e-11,123.1,70.0,0.0,255.0,0.0
69.15000000000084,35.724732440423786,51.27488703161734,1300.000136232935,-3.5224615373863344e-05,6.648307692103117e-05,0.0,0.0,-1.1368683772161603e-12,-1.81898940354596e-11,123.1,70.0,0.0,255.0,0.0
69.20000000000084,35.72473067919563,51.27489035577313,1300.0001358399168,-3.5224615373863344e-05,6.648307680734433e-05,0.0,0.0,0.0,0.0,123.1,70.0,0.0,255.0,0.0
69.25000000000084,35.72472891796748,51.27489367992894,1300.000135445036,-3.5224615373863344e-05,6.648307692103117e-05,0.0,0.0,1.1368683772161603e-12,-1.81898940354596e-11,123.1,70.0,0.0,255.0,0.0
69.30000000000084,35.72472715673935,51.274897004084735,1300.0001350510865,-3.5224615373863344e-05,6.648307692103117e-05,-1.8189894035458565e-12,0.0,0.0,1.8189894035441504e-11,123.1,70.0,0.0,255.0,0.0
69.35000000000085,35.72472539551119,51.27490032824053,1300.0001346580684,-3.5224615373863344e-05,6.648307692103117e-05,1.8189894035458565e-12,-5.684341886080801e-13,1.1368683772161603e-12,1.8189894035441504e-11,123.1,70.0,0.0,255.0,0.0
69.40000000000084,35.724723634283045,51.27490365239634,1300.000134266913,-3.522461543070676e-05,6.648307703471801e-05,0.0,-5.684341886080801e-13,0.0,-3.63797880709192e-11,123.1,70.0,0.0,255.0,0.0
69.45000000000084,35.724721873054904,51.27490697655213,1300.0001338720322,-3.522461543070676e-05,6.648307692103117e-05,-1.8189894035458565e-12,5.684341886080801e-13,-2.2737367544323206e-12,1.8189894035441504e-11,123.1,70.0,0.0,255.0,0.0
69.50000000000085,35.72472011182675,51.27491030070793,1300.0001334799454,-3.5224615373863344e-05,6.648307680734433e-05,1.8189894035458565e-12,5.684341886080801e-13,0.0,1.8189894035441504e-11,123.1,70.0,0.0,255.0,0.0
69.55000000000085,35.72471835059861,51.27491362486373,1300.0001330841333,-3.5224615373863344e-05,6.648307692103117e-05,0.0,-5.684341886080801e-13,2.2737367544323206e-12,-1.81898940354596e-11,123.1,70.0,0.0,255.0,0.0
69.60000000000085,35.724716589370466,51.27491694901953,1300.0001326901838,-3.522461543070676e-05,6.648307703471801e-05,0.0,5.684341886080801e-13,0.0,0.0,123.1,70.0,0.0,255.0,0.0
69.65000000000084,35.724714828142304,51.274920273175326,1300.000132298097,-3.5224615317019925e-05,6.648307692103117e-05,0.0,1.1368683772161603e-12,-1.1368683772161603e-12,-1.81898940354596e-11,123.1,70.0,0.0,255.0,0.0
69.70000000000084,35.72471306691418,51.27492359733113,1300.0001319032162,-3.5224615317019925e-05,6.648307692103117e-05,-1.8189894035458565e-12,-5.684341886080801e-13,0.0,1.8189894035441504e-11,123.1,70.0,0.0,255.0,0.0
69.75000000000085,35.72471130568603,51.27492692148693,1300.0001315101981,-3.5224615373863344e-05,6.648307692103117e-05,1.8189894035458565e-12,-1.1368683772161603e-12,0.0,1.8189894035441504e-11,123.1,70.0,0.0,255.0,0.0
69.80000000000085,35.72470954445787,51.27493024564272,1300.0001311162487,-3.522461543070676e-05,6.648307692103117e-05,0.0,-5.684341886080801e-13,0.0,-3.63797880709192e-11,123.1,70.0,0.0,255.0,0.0
69.85000000000085,35.72470778322973,51.27493356979853,1300.0001307232305,-3.522461543070676e-05,6.648307692103117e-05,-1.8189894035458565e-12,5.684341886080801e-13,0.0,1.8189894035441504e-11,123.1,70.0,0.0,255.0,0.0
69.90000000000086,35.72470602200158,51.27493689395433,1300.0001303311437,-3.5224615373863344e-05,6.648307692103117e-05,1.8189894035458565e-12,0.0,0.0,1.8189894035441504e-11,123.1,70.0,0.0,255.0,0.0
69.95000000000086,35.72470426077344,51.274940218110125,1300.0001299371943,-3.522461543070676e-05,6.648307692103117e-05,0.0,-5.684341886080801e-13,-1.1368683772161603e-12,-1.81898940354596e-11,123.1,70.0,0.0,255.0,0.0
70.00000000000085,35.72470249954529,51.274943542265916,1300.0001295432448,-3.522461543070676e-05,6.648307680734433e-05,0.0,1.1368683772161603e-12,0.0,0.0,123.1,70.0,0.0,255.0,0.0
70.05000000000085,35.72470073831714,51.27494686642173,1300.000129148364,-3.5224615317019925e-05,6.648307692103117e-05,0.0,5.684341886080801e-13,2.2737367544323206e-12,-1.81898940354596e-11,123.1,70.0,0.0,255.0,0.0
70.10000000000085,35.724698977089,51.27495019057753,1300.0001287562773,-3.5224615373863344e-05,6.648307703471801e-05,-1.8189894035458565e-12,-5.684341886080801e-13,-1.1368683772161603e-12,1.8189894035441504e-11,123.1,70.0,0.0,255.0,0.0
70.15000000000086,35.72469721586085,51.27495351473333,1300.0001283604652,-3.5224615373863344e-05,6.648307680734433e-05,1.8189894035458565e-12,0.0,-1.1368683772161603e-12,1.8189894035441504e-11,123.1,70.0,0.0,255.0,0.0
70.20000000000086,35.7246954546327,51.274956838889125,1300.000127967447,-3.5224615373863344e-05,6.648307692103117e-05,0.0,-5.684341886080801e-13,1.1368683772161603e-12,-3.63797880709192e-11,123.1,70.0,0.0,255.0,0.0
70.25000000000085,35.724693693404554,51.274960163044916,1300.000127574429,-3.522461543070676e-05,6.648307692103117e-05,-1.8189894035458565e-12,0.0,0.0,1.8189894035441504e-11,123.1,70.0,0.0,255.0,0.0
70.30000000000086,35.72469193217641,51.27496348720072,1300.0001271814108,-3.5224615373863344e-05,6.648307692103117e-05,1.8189894035458565e-12,0.0,0.0,1.8189894035441504e-11,123.1,70.0,0.0,255.0,0.0
70.35000000000086,35.72469017094827,51.27496681135653,1300.00012678653,-3.522461543070676e-05,6.648307692103117e-05,0.0,0.0,0.0,-1.81898940354596e-11,123.1,70.0,0.0,255.0,0.0
70.40000000000086,35.724688409720116,51.27497013551232,1300.0001263925806,-3.5224615373863344e-05,6.648307692103117e-05,0.0,1.1368683772161603e-12,0.0,0.0,123.1,70.0,0.0,255.0,0.0
70.45000000000086,35.72468664849196,51.27497345966812,1300.0001259995624,-3.5224615317019925e-05,6.648307692103117e-05,0.0,0.0,0.0,-1.81898940354596e-11,123.1,70.0,0.0,255.0,0.0
70.50000000000085,35.724684887263834,51.27497678382392,1300.0001256065443,-3.5224615373863344e-05,6.648307692103117e-05,-1.8189894035458565e-12,-5.684341886080801e-13,0.0,1.8189894035441504e-11,123.1,70.0,0.0,255.0,0.0
70.55000000000086,35.72468312603567,51.274980107979715,1300.0001252125949,-3.5224615373863344e-05,6.648307692103117e-05,1.8189894035458565e-12,0.0,1.1368683772161603e-12,1.8189894035441504e-11,123.1,70.0,0.0,255.0,0.0
70.60000000000086,35.72468136480752,51.27498343213552,1300.000124820508,-3.5224615373863344e-05,6.648307703471801e-05,0.0,-5.684341886080801e-13,0.0,-3.63797880709192e-11,123.1,70.0,0.0,255.0,0.0
70.65000000000086,35.724679603579375,51.27498675629133,1300.0001244265586,-3.522461543070676e-05,6.648307692103117e-05,-1.8189894035458565e-12,0.0,-2.2737367544323206e-12,1.8189894035441504e-11,123.1,70.0,0.0,255.0,0.0
70.70000000000087,35.72467784235124,51.27499008044712,1300.0001240326092,-3.5224615373863344e-05,6.648307680734433e-05,1.8189894035458565e-12,5.684341886080801e-13,1.1368683772161603e-12,1.8189894035441504e-11,123.1,70.0,0.0,255.0,0.0
70.75000000000087,35.72467608112308,51.27499340460292,1300.000123639591,-3.5224615373863344e-05,6.648307703471801e-05,0.0,0.0,1.1368683772161603e-12,-1.81898940354596e-11,123.1,70.0,0.0,255.0,0.0
70.80000000000086,35.724674319894945,51.27499672875872,1300.0001232456416,-3.5224615373863344e-05,6.648307692103117e-05,0.0,0.0,-2.2737367544323206e-12,0.0,123.1,70.0,0.0,255.0,0.0
70.85000000000086,35.72467255866679,51.275000052914514,1300.0001228516921,-3.5224615373863344e-05,6.648307680734433e-05,0.0,0.0,0.0,-1.81898940354596e-11,123.1,70.0,0.0,255.0,0.0
70.90000000000086,35.72467079743865,51.27500337707032,1300.0001224596053,-3.5224615373863344e-05,6.648307692103117e-05,-1.8189894035458565e-12,0.0,1.1368683772161603e-12,1.8189894035441504e-11,123.1,70.0,0.0,255.0,0.0
70.95000000000087,35.72466903621051,51.275006701226125,1300.0001220647246,-3.5224615373863344e-05,6.648307692103117e-05,1.8189894035458565e-12,-5.684341886080801e-13,0.0,1.8189894035441504e-11,123.1,70.0,0.0,255.0,0.0
71.00000000000087,35.72466727498236,51.27501002538192,1300.0001216717064,-3.522461543070676e-05,6.648307692103117e-05,0.0,-5.684341886080801e-13,1.1368683772161603e-12,-3.63797880709192e-11,123.1,70.0,0.0,255.0,0.0
71.05000000000086,35.72466551375421,51.275013349537716,1300.0001212786883,-3.522461543070676e-05,6.648307703471801e-05,-1.8189894035458565e-12,5.684341886080801e-13,0.0,1.8189894035441504e-11,123.1,70.0,0.0,255.0,0.0
71.10000000000088,35.724663752526055,51.275016673693514,1300.0001208847389,-3.5224615373863344e-05,6.648307692103117e-05,1.8189894035458565e-12,5.684341886080801e-13,-1.1368683772161603e-12,1.8189894035441504e-11,123.1,70.0,0.0,255.0,0.0
71.15000000000087,35.724661991297914,51.27501999784931,1300.0001204907894,-3.5224615373863344e-05,6.648307692103117e-05,0.0,-5.684341886080801e-13,0.0,-1.81898940354596e-11,123.1,70.0,0.0,255.0,0.0
71.20000000000087,35.72466023006977,51.27502332200511,1300.00012009684,-3.522461543070676e-05,6.648307692103117e-05,0.0,5.684341886080801e-13,1.1368683772161603e-12,0.0,123.1,70.0,0.0,255.0,0.0
71.25000000000087,35.724658468841625,51.27502664616091,1300.0001197028905,-3.5224615317019925e-05,6.648307703471801e-05,0.0,1.1368683772161603e-12,1.1368683772161603e-12,-1.81898940354596e-11,123.1,70.0,0.0,255.0,0.0
71.30000000000086,35.724656707613484,51.275029970316716,1300.000119308941,-3.5224615317019925e-05,6.648307703471801e-05,-1.8189894035458565e-12,-5.684341886080801e-13,-2.2737367544323206e-12,1.8189894035441504e-11,123.1,70.0,0.0,255.0,0.0
71.35000000000088,35.72465494638533,51.275033294472514,1300.0001189168543,-3.5224615373863344e-05,6.648307680734433e-05,1.8189894035458565e-12,-1.1368683772161603e-12,-1.1368683772161603e-12,1.8189894035441504e-11,123.1,70.0,0.0,255.0,0.0
71.40000000000087,35.72465318515719,51.27503661862831,1300.0001185238361,-3.522461543070676e-05,6.648307692103117e-05,0.0,-5.684341886080801e-13,2.2737367544323206e-12,-3.63797880709192e-11,123.1,70.0,0.0,255.0,0.0
71.45000000000087,35.72465142392904,51.275039942784105,1300.0001181289554,-3.522461543070676e-05,6.648307703471801e-05,-1.8189894035458565e-12,5.684341886080801e-13,0.0,1.8189894035441504e-11,123.1,70.0,0.0,255.0,0.0
71.50000000000088,35.724649662700884,51.27504326693991,1300.0001177359372,-3.5224615373863344e-05,6.648307692103117e-05,1.8189894035458565e-12,0.0,-2.2737367544323206e-12,1.8189894035441504e-11,123.1,70.0,0.0,255.0,0.0
71.55000000000088,35.724647901472736,51.275046591095716,1300.000117342919,-3.522461543070676e-05,6.648307680734433e-05,0.0,-5.684341886080801e-13,0.0,-1.81898940354596e-11,123.1,70.0,0.0,255.0,0.0
71.60000000000088,35.72464614024459,51.275049915251515,1300.0001169489697,-3.522461543070676e-05,6.648307692103117e-05,0.0,5.684341886080801e-13,1.1368683772161603e-12,0.0,123.1,70.0,0.0,255.0,0.0
71.65000000000087,35.724644379016446,51.27505323940731,1300.0001165559515,-3.5224615373863344e-05,6.648307692103117e-05,0.0,5.684341886080801e-13,0.0,-1.81898940354596e-11,123.1,70.0,0.0,255.0,0.0
71.70000000000087,35.7246426177883,51.27505656356311,1300.000116162002,-3.5224615373863344e-05,6.648307692103117e-05,-1.8189894035458565e-12,1.1368683772161603e-12,0.0,1.8189894035441504e-11,123.1,70.0,0.0,255.0,0.0
71.75000000000088,35.72464085656015,51.27505988771891,1300.000115768984,-3.5224615260176506e-05,6.648307692103117e-05,1.8189894035458565e-12,0.0,0.0,1.8189894035441504e-11,123.1,70.0,0.0,255.0,0.0
71.80000000000088,35.724639095332016,51.27506321187471,1300.0001153731719,-3.5224615373863344e-05,6.648307692103117e-05,0.0,-1.7053025658242404e-12,0.0,-3.63797880709192e-11,123.1,70.0,0.0,255.0,0.0
71.85000000000088,35.72463733410385,51.27506653603051,1300.0001149820164,-3.522461543070676e-05,6.648307692103117e-05,-1.8189894035458565e-12,0.0,0.0,1.8189894035441504e-11,123.1,70.0,0.0,255.0,0.0
71.90000000000089,35.72463557287571,51.275069860186306,1300.0001145871356,-3.5224615373863344e-05,6.648307692103117e-05,1.8189894035458565e-12,0.0,1.1368683772161603e-12,1.8189894035441504e-11,123.1,70.0,0.0,255.0,0.0
71.95000000000088,35.724633811647564,51.27507318434211,1300.0001141922548,-3.522461543070676e-05,6.648307703471801e-05,0.0,0.0,0.0,-1.81898940354596e-11,123.1,70.0,0.0,255.0,0.0
72.00000000000088,35.72463205041942,51.27507650849791,1300.0001137992367,-3.5224615373863344e-05,6.648307692103117e-05,0.0,5.684341886080801e-13,-2.2737367544323206e-12,0.0,123.1,70.0,0.0,255.0,0.0
72.05000000000088,35.724630289191275,51.2750798326537,1300.00011340715,-3.5224615373863344e-05,6.648307680734433e-05,0.0,0.0,0.0,-1.81898940354596e-11,123.1,70.0,0.0,255.0,0.0
72.10000000000088,35.72462852796312,51.2750831568095,1300.0001130122691,-3.5224615373863344e-05,6.648307692103117e-05,-1.8189894035458565e-12,5.684341886080801e-13,0.0,1.8189894035441504e-11,123.1,70.0,0.0,255.0,0.0
72.15000000000089,35.724626766734985,51.2750864809653,1300.0001126201823,-3.5224615317019925e-05,6.648307680734433e-05,1.8189894035458565e-12,0.0,0.0,1.8189894035441504e-11,123.1,70.0,0.0,255.0,0.0
72.20000000000088,35.72462500550684,51.2750898051211,1300.0001122253016,-3.5224615373863344e-05,6.648307692103117e-05,0.0,-1.1368683772161603e-12,2.2737367544323206e-12,-3.63797880709192e-11,123.1,70.0,0.0,255.0,0.0
72.25000000000088,35.72462324427868,51.27509312927691,1300.0001118332148,-3.522461543070676e-05,6.648307703471801e-05,-1.8189894035458565e-12,0.0,0.0,1.8189894035441504e-11,123.1,70.0,0.0,255.0,0.0
72.30000000000089,35.72462148305055,51.27509645343271,1300.0001114374027,-3.5224615373863344e-05,6.648307692103117e-05,1.8189894035458565e-12,5.684341886080801e-13,-2.2737367544323206e-12,1.8189894035441504e-11,123.1,70.0,0.0,255.0,0.0
72.35000000000089,35.72461972182239,51.2750997775885,1300.0001110462472,-3.5224615373863344e-05,6.648307680734433e-05,0.0,0.0,0.0,-1.81898940354596e-11,123.1,70.0,0.0,255.0,0.0
72.40000000000089,35.724617960594244,51.2751031017443,1300.0001106522977,-3.5224615373863344e-05,6.648307692103117e-05,0.0,-5.684341886080801e-13,2.2737367544323206e-12,0.0,123.1,70.0,0.0,255.0,0.0
72.45000000000088,35.724616199366096,51.275106425900105,1300.0001102583483,-3.522461543070676e-05,6.648307703471801e-05,0.0,0.0,0.0,-1.81898940354596e-11,123.1,70.0,0.0,255.0,0.0
72.50000000000088,35.72461443813795,51.275109750055904,1300.0001098643988,-3.5224615373863344e-05,6.648307692103117e-05,-1.8189894035458565e-12,1.1368683772161603e-12,-2.2737367544323206e-12,1.8189894035441504e-11,123.1,70.0,0.0,255.0,0.0
72.55000000000089,35.724612676909814,51.2751130742117,1300.0001094704494,-3.5224615317019925e-05,6.648307680734433e-05,1.8189894035458565e-12,-5.684341886080801e-13,0.0,1.8189894035441504e-11,123.1,70.0,0.0,255.0,0.0
72.60000000000089,35.72461091568166,51.27511639836751,1300.0001090783626,-3.522461543070676e-05,6.648307692103117e-05,0.0,-1.1368683772161603e-12,2.2737367544323206e-12,-3.63797880709192e-11,123.1,70.0,0.0,255.0,0.0
72.65000000000089,35.72460915445352,51.2751197225233,1300.0001086834818,-3.522461543070676e-05,6.648307703471801e-05,-1.8189894035458565e-12,5.684341886080801e-13,0.0,1.8189894035441504e-11,123.1,70.0,0.0,255.0,0.0
72.7000000000009,35.72460739322537,51.2751230466791,1300.0001082904637,-3.5224615373863344e-05,6.648307692103117e-05,1.8189894035458565e-12,5.684341886080801e-13,-1.1368683772161603e-12,1.8189894035441504e-11,123.1,70.0,0.0,255.0,0.0
72.7500000000009,35.72460563199722,51.2751263708349,1300.0001078965142,-3.5224615373863344e-05,6.648307692103117e-05,0.0,-5.684341886080801e-13,0.0,-1.81898940354596e-11,123.1,70.0,0.0,255.0,0.0
72.80000000000089,35.72460387076908,51.275129694990696,1300.0001075025648,-3.522461543070676e-05,6.648307692103117e-05,0.0,-5.684341886080801e-13,-1.1368683772161603e-12,0.0,123.1,70.0,0.0,255.0,0.0
72.85000000000089,35.72460210954093,51.2751330191465,1300.0001071086153,-3.522461543070676e-05,6.648307680734433e-05,0.0,1.1368683772161603e-12,0.0,-1.81898940354596e-11,123.1,70.0,0.0,255.0,0.0
72.90000000000089,35.72460034831277,51.2751363433023,1300.0001067165285,-3.5224615317019925e-05,6.648307692103117e-05,-1.8189894035458565e-12,1.1368683772161603e-12,2.2737367544323206e-12,1.8189894035441504e-11,123.1,70.0,0.0,255.0,0.0
72.9500000000009,35.724598587084635,51.2751396674581,1300.000106322579,-3.5224615317019925e-05,6.648307703471801e-05,1.8189894035458565e-12,-1.1368683772161603e-12,0.0,1.8189894035441504e-11,123.1,70.0,0.0,255.0,0.0
73.0000000000009,35.72459682585648,51.2751429916139,1300.000105929561,-3.522461543070676e-05,6.648307692103117e-05,0.0,-1.1368683772161603e-12,-1.1368683772161603e-12,-3.63797880709192e-11,123.1,70.0,0.0,255.0,0.0
73.05000000000089,35.724595064628346,51.275146315769696,1300.0001055356115,-3.522461543070676e-05,6.648307692103117e-05,-1.8189894035458565e-12,5.684341886080801e-13,0.0,1.8189894035441504e-11,123.1,70.0,0.0,255.0,0.0
73.1000000000009,35.72459330340019,51.275149639925495,1300.000105141662,-3.5224615373863344e-05,6.648307692103117e-05,1.8189894035458565e-12,0.0,1.1368683772161603e-12,1.8189894035441504e-11,123.1,70.0,0.0,255.0,0.0
73.1500000000009,35.72459154217204,51.27515296408129,1300.0001047477126,-3.522461543070676e-05,6.648307703471801e-05,0.0,-5.684341886080801e-13,0.0,-1.81898940354596e-11,123.1,70.0,0.0,255.0,0.0
73.2000000000009,35.7245897809439,51.2751562882371,1300.0001043546945,-3.522461543070676e-05,6.648307692103117e-05,0.0,5.684341886080801e-13,-1.1368683772161603e-12,0.0,123.1,70.0,0.0,255.0,0.0
73.2500000000009,35.724588019715746,51.27515961239289,1300.0001039626077,-3.5224615373863344e-05,6.648307692103117e-05,0.0,5.684341886080801e-13,0.0,-1.81898940354596e-11,123.1,70.0,0.0,255.0,0.0
73.30000000000089,35.724586258487605,51.27516293654868,1300.000103567727,-3.5224615373863344e-05,6.648307692103117e-05,-1.8189894035458565e-12,1.1368683772161603e-12,0.0,1.8189894035441504e-11,123.1,70.0,0.0,255.0,0.0
73.3500000000009,35.724584497259464,51.27516626070449,1300.0001031747088,-3.5224615260176506e-05,6.648307692103117e-05,1.8189894035458565e-12,0.0,0.0,1.8189894035441504e-11,123.1,70.0,0.0,255.0,0.0
73.4000000000009,35.72458273603132,51.27516958486029,1300.0001027779654,-3.5224615373863344e-05,6.648307692103117e-05,0.0,-1.7053025658242404e-12,0.0,-3.63797880709192e-11,123.1,70.0,0.0,255.0,0.0
73.4500000000009,35.72458097480316,51.2751729090161,1300.0001023868099,-3.522461543070676e-05,6.648307692103117e-05,-1.8189894035458565e-12,0.0,0.0,1.8189894035441504e-11,123.1,70.0,0.0,255.0,0.0
73.50000000000091,35.724579213575026,51.2751762331719,1300.0001019919291,-3.5224615373863344e-05,6.648307692103117e-05,1.8189894035458565e-12,0.0,-1.1368683772161603e-12,1.8189894035441504e-11,123.1,70.0,0.0,255.0,0.0
73.5500000000009,35.72457745234688,51.27517955732769,1300.0001016007736,-3.522461543070676e-05,6.648307680734433e-05,0.0,0.0,0.0,-1.81898940354596e-11,123.1,70.0,0.0,255.0,0.0
73.6000000000009,35.72457569111872,51.27518288148349,1300.0001012086868,-3.5224615373863344e-05,6.648307692103117e-05,0.0,5.684341886080801e-13,2.2737367544323206e-12,0.0,123.1,70.0,0.0,255.0,0.0
73.6500000000009,35.724573929890575,51.275186205639294,1300.0001008128747,-3.5224615373863344e-05,6.648307703471801e-05,0.0,0.0,0.0,-1.81898940354596e-11,123.1,70.0,0.0,255.0,0.0
73.7000000000009,35.724572168662434,51.27518952979509,1300.000100417994,-3.5224615373863344e-05,6.648307692103117e-05,-1.8189894035458565e-12,5.684341886080801e-13,-2.2737367544323206e-12,1.8189894035441504e-11,123.1,70.0,0.0,255.0,0.0
73.75000000000091,35.7245704074343,51.27519285395089,1300.0001000231132,-3.5224615317019925e-05,6.648307680734433e-05,1.8189894035458565e-12,0.0,0.0,1.8189894035441504e-11,123.1,70.0,0.0,255.0,0.0
73.8000000000009,35.724568646206144,51.27519617810669,1300.000099632889,-3.5224615373863344e-05,6.648307692103117e-05,0.0,-1.1368683772161603e-12,2.2737367544323206e-12,-3.63797880709192e-11,123.1,70.0,0.0,255.0,0.0
73.8500000000009,35.724566884977996,51.27519950226249,1300.0000992389396,-3.522461543070676e-05,6.648307703471801e-05,-1.8189894035458565e-12,0.0,0.0,1.8189894035441504e-11,123.1,70.0,0.0,255.0,0.0
73.90000000000092,35.72456512374984,51.275202826418294,1300.0000988449901,-3.5224615373863344e-05,6.648307692103117e-05,1.8189894035458565e-12,5.684341886080801e-13,-1.1368683772161603e-12,1.8189894035441504e-11,123.1,70.0,0.0,255.0,0.0
73.95000000000091,35.7245633625217,51.275206150574085,1300.000098451972,-3.5224615373863344e-05,6.648307692103117e-05,0.0,0.0,0.0,-1.81898940354596e-11,123.1,70.0,0.0,255.0,0.0
74.00000000000091,35.72456160129356,51.27520947472989,1300.00009805616,-3.5224615373863344e-05,6.648307692103117e-05,0.0,-5.684341886080801e-13,0.0,0.0,123.1,70.0,0.0,255.0,0.0
74.0500000000009,35.7245598400654,51.27521279888569,1300.0000976631418,-3.522461543070676e-05,6.648307692103117e-05,0.0,0.0,1.1368683772161603e-12,-1.81898940354596e-11,123.1,70.0,0.0,255.0,0.0
74.1000000000009,35.72455807883725,51.275216123041496,1300.0000972701237,-3.5224615373863344e-05,6.648307703471801e-05,-1.8189894035458565e-12,1.1368683772161603e-12,0.0,1.8189894035441504e-11,123.1,70.0,0.0,255.0,0.0
74.15000000000092,35.72455631760912,51.27521944719729,1300.0000968761742,-3.5224615317019925e-05,6.648307692103117e-05,1.8189894035458565e-12,-5.684341886080801e-13,-1.1368683772161603e-12,1.8189894035441504e-11,123.1,70.0,0.0,255.0,0.0
74.20000000000091,35.724554556380966,51.275222771353086,1300.0000964840874,-3.522461543070676e-05,6.648307692103117e-05,0.0,-1.1368683772161603e-12,0.0,-3.63797880709192e-11,123.1,70.0,0.0,255.0,0.0
74.25000000000091,35.72455279515283,51.275226095508884,1300.000096090138,-3.522461543070676e-05,6.648307692103117e-05,-1.8189894035458565e-12,5.684341886080801e-13,0.0,1.8189894035441504e-11,123.1,70.0,0.0,255.0,0.0
74.30000000000092,35.72455103392467,51.27522941966468,1300.0000956952572,-3.5224615373863344e-05,6.648307692103117e-05,1.8189894035458565e-12,5.684341886080801e-13,0.0,1.8189894035441504e-11,123.1,70.0,0.0,255.0,0.0
74.35000000000092,35.72454927269652,51.27523274382049,1300.000095305033,-3.5224615373863344e-05,6.648307692103117e-05,0.0,-5.684341886080801e-13,-1.1368683772161603e-12,-1.81898940354596e-11,123.1,70.0,0.0,255.0,0.0
74.40000000000092,35.72454751146838,51.275236067976294,1300.000094909221,-3.522461543070676e-05,6.648307680734433e-05,0.0,-5.684341886080801e-13,0.0,0.0,123.1,70.0,0.0,255.0,0.0
74.45000000000091,35.72454575024023,51.275239392132086,1300.0000945162028,-3.522461543070676e-05,6.648307692103117e-05,0.0,1.1368683772161603e-12,1.1368683772161603e-12,-1.81898940354596e-11,123.1,70.0,0.0,255.0,0.0
74.50000000000091,35.724543989012076,51.275242716287885,1300.0000941222534,-3.5224615317019925e-05,6.648307692103117e-05,-1.8189894035458565e-12,1.1368683772161603e-12,0.0,1.8189894035441504e-11,123.1,70.0,0.0,255.0,0.0
74.55000000000092,35.72454222778394,51.275246040443676,1300.0000937292352,-3.5224615317019925e-05,6.648307692103117e-05,1.8189894035458565e-12,-1.1368683772161603e-12,0.0,1.8189894035441504e-11,123.1,70.0,0.0,255.0,0.0
74.60000000000092,35.724540466555794,51.27524936459948,1300.0000933371484,-3.522461543070676e-05,6.648307692103117e-05,0.0,-1.1368683772161603e-12,0.0,-3.63797880709192e-11,123.1,70.0,0.0,255.0,0.0
74.65000000000092,35.72453870532764,51.27525268875529,1300.000092940405,-3.522461543070676e-05,6.648307692103117e-05,-1.8189894035458565e-12,5.684341886080801e-13,-1.1368683772161603e-12,1.8189894035441504e-11,123.1,70.0,0.0,255.0,0.0
74.70000000000093,35.724536944099505,51.275256012911086,1300.0000925492495,-3.5224615373863344e-05,6.648307680734433e-05,1.8189894035458565e-12,0.0,0.0,1.8189894035441504e-11,123.1,70.0,0.0,255.0,0.0
74.75000000000092,35.72453518287136,51.275259337066885,1300.0000921534374,-3.522461543070676e-05,6.648307692103117e-05,0.0,-5.684341886080801e-13,2.2737367544323206e-12,-1.81898940354596e-11,123.1,70.0,0.0,255.0,0.0
74.80000000000092,35.724533421643194,51.27526266122267,1300.0000917604193,-3.522461543070676e-05,6.648307703471801e-05,0.0,5.684341886080801e-13,0.0,0.0,123.1,70.0,0.0,255.0,0.0
74.85000000000092,35.72453166041506,51.27526598537848,1300.0000913664699,-3.5224615373863344e-05,6.648307692103117e-05,0.0,0.0,-1.1368683772161603e-12,-1.81898940354596e-11,123.1,70.0,0.0,255.0,0.0
74.90000000000092,35.72452989918692,51.27526930953428,1300.0000909734517,-3.522461543070676e-05,6.648307692103117e-05,-1.8189894035458565e-12,1.1368683772161603e-12,0.0,1.8189894035441504e-11,123.1,70.0,0.0,255.0,0.0
74.95000000000093,35.724528137958764,51.27527263369008,1300.0000905795023,-3.5224615260176506e-05,6.648307692103117e-05,1.8189894035458565e-12,1.1368683772161603e-12,1.1368683772161603e-12,1.8189894035441504e-11,123.1,70.0,0.0,255.0,0.0
75.00000000000092,35.72452637673062,51.27527595784588,1300.0000901874155,-3.5224615317019925e-05,6.648307703471801e-05,0.0,-1.7053025658242404e-12,0.0,-3.63797880709192e-11,123.1,70.0,0.0,255.0,0.0
75.05000000000092,35.724524615502474,51.275279282001684,1300.000089793466,-3.522461543070676e-05,6.648307692103117e-05,-1.8189894035458565e-12,-5.684341886080801e-13,-2.2737367544323206e-12,1.8189894035441504e-11,123.1,70.0,0.0,255.0,0.0
75.10000000000093,35.724522854274326,51.275282606157475,1300.0000893985853,-3.5224615373863344e-05,6.648307680734433e-05,1.8189894035458565e-12,0.0,0.0,1.8189894035441504e-11,123.1,70.0,0.0,255.0,0.0
75.15000000000093,35.72452109304617,51.275285930313274,1300.0000890064985,-3.522461543070676e-05,6.648307692103117e-05,0.0,0.0,1.1368683772161603e-12,-1.81898940354596e-11,123.1,70.0,0.0,255.0,0.0
75.20000000000093,35.72451933181803,51.27528925446908,1300.0000886116177,-3.5224615373863344e-05,6.648307692103117e-05,0.0,5.684341886080801e-13,0.0,0.0,123.1,70.0,0.0,255.0,0.0
75.25000000000092,35.72451757058989,51.27529257862488,1300.0000882185996,-3.5224615373863344e-05,6.648307692103117e-05,0.0,-5.684341886080801e-13,1.1368683772161603e-12,-1.81898940354596e-11,123.1,70.0,0.0,255.0,0.0
75.30000000000092,35.72451580936173,51.275295902780684,1300.0000878255814,-3.522461543070676e-05,6.648307703471801e-05,-1.8189894035458565e-12,5.684341886080801e-13,0.0,1.8189894035441504e-11,123.1,70.0,0.0,255.0,0.0
75.35000000000093,35.72451404813359,51.275299226936475,1300.000087431632,-3.5224615317019925e-05,6.648307692103117e-05,1.8189894035458565e-12,1.1368683772161603e-12,-2.2737367544323206e-12,1.8189894035441504e-11,123.1,70.0,0.0,255.0,0.0
75.40000000000093,35.72451228690546,51.275302551092274,1300.0000870386139,-3.5224615317019925e-05,6.648307680734433e-05,0.0,-1.1368683772161603e-12,0.0,-3.63797880709192e-11,123.1,70.0,0.0,255.0,0.0
75.45000000000093,35.724510525677296,51.27530587524807,1300.0000866455957,-3.522461543070676e-05,6.648307692103117e-05,-1.8189894035458565e-12,-5.684341886080801e-13,2.2737367544323206e-12,1.8189894035441504e-11,123.1,70.0,0.0,255.0,0.0
75.50000000000094,35.72450876444915,51.27530919940387,1300.0000862516463,-3.5224615373863344e-05,6.648307703471801e-05,1.8189894035458565e-12,5.684341886080801e-13,0.0,1.8189894035441504e-11,123.1,70.0,0.0,255.0,0.0
75.55000000000094,35.724507003221,51.275312523559684,1300.0000858576968,-3.5224615373863344e-05,6.648307692103117e-05,0.0,0.0,-2.2737367544323206e-12,-1.81898940354596e-11,123.1,70.0,0.0,255.0,0.0
75.60000000000093,35.724505241992865,51.27531584771548,1300.0000854646787,-3.5224615373863344e-05,6.648307680734433e-05,0.0,-5.684341886080801e-13,0.0,0.0,123.1,70.0,0.0,255.0,0.0
75.65000000000093,35.72450348076472,51.275319171871274,1300.000085069798,-3.522461543070676e-05,6.648307692103117e-05,0.0,-5.684341886080801e-13,1.1368683772161603e-12,-1.81898940354596e-11,123.1,70.0,0.0,255.0,0.0
75.70000000000093,35.724501719536555,51.27532249602707,1300.0000846777111,-3.522461543070676e-05,6.648307692103117e-05,-1.8189894035458565e-12,1.1368683772161603e-12,0.0,1.8189894035441504e-11,123.1,70.0,0.0,255.0,0.0
75.75000000000094,35.72449995830842,51.27532582018287,1300.0000842837617,-3.5224615317019925e-05,6.648307692103117e-05,1.8189894035458565e-12,1.1368683772161603e-12,1.1368683772161603e-12,1.8189894035441504e-11,123.1,70.0,0.0,255.0,0.0
75.80000000000094,35.72449819708027,51.27532914433868,1300.000083888881,-3.5224615317019925e-05,6.648307703471801e-05,0.0,-1.1368683772161603e-12,0.0,-3.63797880709192e-11,123.1,70.0,0.0,255.0,0.0
75.85000000000093,35.72449643585213,51.275332468494476,1300.0000834958628,-3.522461543070676e-05,6.648307692103117e-05,-1.8189894035458565e-12,-5.684341886080801e-13,-2.2737367544323206e-12,1.8189894035441504e-11,123.1,70.0,0.0,255.0,0.0
75.90000000000094,35.72449467462398,51.275335792650274,1300.000083100982,-3.5224615373863344e-05,6.648307680734433e-05,1.8189894035458565e-12,5.684341886080801e-13,0.0,1.8189894035441504e-11,123.1,70.0,0.0,255.0,0.0
75.95000000000094,35.72449291339582,51.275339116806066,1300.0000827098265,-3.5224615373863344e-05,6.648307692103117e-05,0.0,-5.684341886080801e-13,2.2737367544323206e-12,-1.81898940354596e-11,123.1,70.0,0.0,255.0,0.0
76.00000000000094,35.72449115216769,51.27534244096188,1300.000082315877,-3.522461543070676e-05,6.648307703471801e-05,0.0,-5.684341886080801e-13,0.0,0.0,123.1,70.0,0.0,255.0,0.0
76.05000000000094,35.72448939093954,51.27534576511767,1300.0000819219276,-3.522461543070676e-05,6.648307692103117e-05,0.0,0.0,-1.1368683772161603e-12,-1.81898940354596e-11,123.1,70.0,0.0,255.0,0.0
76.10000000000093,35.72448762971139,51.27534908927347,1300.0000815279782,-3.522461543070676e-05,6.648307692103117e-05,-1.8189894035458565e-12,1.1368683772161603e-12,0.0,1.8189894035441504e-11,123.1,70.0,0.0,255.0,0.0
76.15000000000094,35.72448586848324,51.27535241342927,1300.00008113496,-3.5224615317019925e-05,6.648307692103117e-05,1.8189894035458565e-12,5.684341886080801e-13,1.1368683772161603e-12,1.8189894035441504e-11,123.1,70.0,0.0,255.0,0.0
76.20000000000094,35.724484107255094,51.27535573758507,1300.000080741942,-3.5224615373863344e-05,6.648307703471801e-05,0.0,-1.1368683772161603e-12,0.0,-3.63797880709192e-11,123.1,70.0,0.0,255.0,0.0
76.25000000000094,35.72448234602695,51.27535906174087,1300.0000803479925,-3.522461543070676e-05,6.648307692103117e-05,-1.8189894035458565e-12,0.0,-2.2737367544323206e-12,1.8189894035441504e-11,123.1,70.0,0.0,255.0,0.0
76.30000000000095,35.724480584798805,51.27536238589667,1300.0000799549744,-3.5224615373863344e-05,6.648307680734433e-05,1.8189894035458565e-12,0.0,0.0,1.8189894035441504e-11,123.1,70.0,0.0,255.0,0.0
76.35000000000095,35.72447882357066,51.27536571005246,1300.0000795600936,-3.522461543070676e-05,6.648307692103117e-05,0.0,-5.684341886080801e-13,0.0,-1.81898940354596e-11,123.1,70.0,0.0,255.0,0.0
76.40000000000094,35.724477062342515,51.27536903420827,1300.0000791670755,-3.522461543070676e-05,6.648307680734433e-05,0.0,5.684341886080801e-13,0.0,0.0,123.1,70.0,0.0,255.0,0.0
76.45000000000094,35.72447530111435,51.27537235836406,1300.0000787740573,-3.5224615373863344e-05,6.648307692103117e-05,0.0,0.0,2.2737367544323206e-12,-1.81898940354596e-11,123.1,70.0,0.0,255.0,0.0
76.50000000000094,35.72447353988621,51.27537568251987,1300.0000783801079,-3.522461543070676e-05,6.648307703471801e-05,-1.8189894035458565e-12,1.1368683772161603e-12,0.0,1.8189894035441504e-11,123.1,70.0,0.0,255.0,0.0
76.55000000000095,35.72447177865807,51.275379006675664,1300.000077988021,-3.5224615260176506e-05,6.648307692103117e-05,1.8189894035458565e-12,1.1368683772161603e-12,-2.2737367544323206e-12,1.8189894035441504e-11,123.1,70.0,0.0,255.0,0.0
76.60000000000095,35.72447001742992,51.27538233083146,1300.0000775912777,-3.5224615317019925e-05,6.648307680734433e-05,0.0,-1.7053025658242404e-12,1.1368683772161603e-12,-3.63797880709192e-11,123.1,70.0,0.0,255.0,0.0
76.65000000000094,35.72446825620177,51.27538565498727,1300.0000771982595,-3.522461543070676e-05,6.648307703471801e-05,-1.8189894035458565e-12,-5.684341886080801e-13,1.1368683772161603e-12,1.8189894035441504e-11,123.1,70.0,0.0,255.0,0.0
76.70000000000095,35.72446649497363,51.27538897914307,1300.00007680431,-3.5224615373863344e-05,6.648307692103117e-05,1.8189894035458565e-12,0.0,-1.1368683772161603e-12,1.8189894035441504e-11,123.1,70.0,0.0,255.0,0.0
76.75000000000095,35.72446473374549,51.275392303298865,1300.0000764122233,-3.522461543070676e-05,6.648307692103117e-05,0.0,0.0,0.0,-1.81898940354596e-11,123.1,70.0,0.0,255.0,0.0
76.80000000000095,35.72446297251733,51.27539562745467,1300.0000760192052,-3.5224615373863344e-05,6.648307692103117e-05,0.0,5.684341886080801e-13,0.0,0.0,123.1,70.0,0.0,255.0,0.0
76.85000000000095,35.724461211289196,51.27539895161046,1300.0000756252557,-3.5224615373863344e-05,6.648307692103117e-05,0.0,-5.684341886080801e-13,1.1368683772161603e-12,-1.81898940354596e-11,123.1,70.0,0.0,255.0,0.0
76.90000000000094,35.72445945006105,51.27540227576626,1300.000075230375,-3.522461543070676e-05,6.648307703471801e-05,-1.8189894035458565e-12,5.684341886080801e-13,0.0,1.8189894035441504e-11,123.1,70.0,0.0,255.0,0.0
76.95000000000095,35.724457688832885,51.27540559992207,1300.0000748382881,-3.5224615317019925e-05,6.648307692103117e-05,1.8189894035458565e-12,1.1368683772161603e-12,-1.1368683772161603e-12,1.8189894035441504e-11,123.1,70.0,0.0,255.0,0.0
77.00000000000095,35.724455927604744,51.275408924077865,1300.0000744434074,-3.5224615317019925e-05,6.648307692103117e-05,0.0,-1.1368683772161603e-12,0.0,-3.63797880709192e-11,123.1,70.0,0.0,255.0,0.0
77.05000000000095,35.7244541663766,51.27541224823366,1300.0000740503892,-3.522461543070676e-05,6.648307692103117e-05,-1.8189894035458565e-12,-5.684341886080801e-13,-1.1368683772161603e-12,1.8189894035441504e-11,123.1,70.0,0.0,255.0,0.0
77.10000000000096,35.72445240514846,51.27541557238947,1300.000073657371,-3.5224615373863344e-05,6.648307680734433e-05,1.8189894035458565e-12,5.684341886080801e-13,0.0,1.8189894035441504e-11,123.1,70.0,0.0,255.0,0.0
77.15000000000096,35.72445064392031,51.27541889654526,1300.000073264353,-3.5224615373863344e-05,6.648307692103117e-05,0.0,0.0,2.2737367544323206e-12,-1.81898940354596e-11,123.1,70.0,0.0,255.0,0.0
77.20000000000095,35.724448882692165,51.27542222070107,1300.0000728704035,-3.5224615373863344e-05,6.648307703471801e-05,0.0,-5.684341886080801e-13,0.0,0.0,123.1,70.0,0.0,255.0,0.0
77.25000000000095,35.72444712146402,51.27542554485686,1300.0000724755228,-3.522461543070676e-05,6.648307692103117e-05,0.0,-5.684341886080801e-13,-1.1368683772161603e-12,-1.81898940354596e-11,123.1,70.0,0.0,255.0,0.0
77.30000000000095,35.72444536023587,51.27542886901266,1300.0000720825046,-3.522461543070676e-05,6.648307692103117e-05,-1.8189894035458565e-12,1.1368683772161603e-12,0.0,1.8189894035441504e-11,123.1,70.0,0.0,255.0,0.0
77.35000000000096,35.72444359900772,51.27543219316845,1300.0000716894865,-3.5224615317019925e-05,6.648307692103117e-05,1.8189894035458565e-12,1.1368683772161603e-12,0.0,1.8189894035441504e-11,123.1,70.0,0.0,255.0,0.0
77.40000000000096,35.72444183777958,51.27543551732426,1300.0000712964684,-3.5224615317019925e-05,6.648307692103117e-05,0.0,-1.1368683772161603e-12,0.0,-3.63797880709192e-11,123.1,70.0,0.0,255.0,0.0
77.45000000000095,35.72444007655144,51.27543884148006,1300.0000709015876,-3.522461543070676e-05,6.648307692103117e-05,-1.8189894035458565e-12,-5.684341886080801e-13,0.0,1.8189894035441504e-11,123.1,70.0,0.0,255.0,0.0
77.50000000000097,35.724438315323276,51.275442165635866,1300.0000705085695,-3.5224615373863344e-05,6.648307692103117e-05,1.8189894035458565e-12,5.684341886080801e-13,0.0,1.8189894035441504e-11,123.1,70.0,0.0,255.0,0.0
77.55000000000096,35.72443655409513,51.27544548979166,1300.0000701164827,-3.5224615373863344e-05,6.648307692103117e-05,0.0,-5.684341886080801e-13,0.0,-1.81898940354596e-11,123.1,70.0,0.0,255.0,0.0
77.60000000000096,35.724434792866994,51.275448813947456,1300.0000697206706,-3.522461543070676e-05,6.648307692103117e-05,0.0,-5.684341886080801e-13,0.0,0.0,123.1,70.0,0.0,255.0,0.0
77.65000000000096,35.724433031638846,51.275452138103255,1300.0000693285838,-3.522461543070676e-05,6.648307692103117e-05,0.0,0.0,0.0,-1.81898940354596e-11,123.1,70.0,0.0,255.0,0.0
77.70000000000095,35.7244312704107,51.27545546225906,1300.000068933703,-3.522461543070676e-05,6.648307692103117e-05,-1.8189894035458565e-12,1.1368683772161603e-12,-1.1368683772161603e-12,1.8189894035441504e-11,123.1,70.0,0.0,255.0,0.0
77.75000000000097,35.72442950918254,51.27545878641486,1300.0000685416162,-3.5224615317019925e-05,6.648307680734433e-05,1.8189894035458565e-12,5.684341886080801e-13,0.0,1.8189894035441504e-11,123.1,70.0,0.0,255.0,0.0
77.80000000000096,35.724427747954415,51.27546211057065,1300.000068148598,-3.5224615373863344e-05,6.648307692103117e-05,0.0,-1.1368683772161603e-12,2.2737367544323206e-12,-3.63797880709192e-11,123.1,70.0,0.0,255.0,0.0
77.85000000000096,35.72442598672626,51.275465434726456,1300.0000677537173,-3.522461543070676e-05,6.648307703471801e-05,-1.8189894035458565e-12,0.0,0.0,1.8189894035441504e-11,123.1,70.0,0.0,255.0,0.0
77.90000000000097,35.724424225498105,51.27546875888226,1300.0000673597679,-3.5224615373863344e-05,6.648307692103117e-05,1.8189894035458565e-12,5.684341886080801e-13,-1.1368683772161603e-12,1.8189894035441504e-11,123.1,70.0,0.0,255.0,0.0
77.95000000000097,35.72442246426998,51.27547208303805,1300.0000669667497,-3.5224615373863344e-05,6.648307692103117e-05,0.0,0.00035224615374886516,-0.0006648307692296231,-1.8189894035283823e-11,123.1,70.0,0.0,255.0,0.0
78.0,35.72442070304181,51.27547540719385,1300.0000665737316,0.0,0.0,0.0,1.361555544843482e-14,-2.5698052642826537e-14,0.0,123.1,70.0,0.0,255.0,0.0
78.00000000000097,35.72442070304181,51.27547540719385,1300.0000665737316,0.0,0.0,0.0,0.0,0.0,0.0,123.1,70.0,0.0,255.0,0.0
