t,lat,lon,alt,vx,vy,vz,ax,ay,az,yaw,mode,ledr,ledg,ledb
10.0,35.72440881,51.27555252,1370.0,-5.759363631341248e-05,-3.9050909066417616e-05,0.0,-2.273753152990147e-12,-5.6844530168034e-13,0.0,208.8,70,255,0,0
10.05,35.724405930318184,51.275550567454545,1370.0,-5.759363642710014e-05,-3.905090909483988e-05,0.0,-5.68442428544591e-13,-1.4210910551613887e-12,0.0,208.2540909090909,70,255,0,0
10.100000000000001,35.72440305063636,51.27554861490909,1370.0,-5.759363637025672e-05,-3.905090920852672e-05,0.0,1.1368683772161603e-12,0.0,0.0,207.70818181818183,70,255,0,0
10.150000000000002,35.724400170954546,51.27554666236363,1370.0,-5.75936363134133e-05,-3.905090909483988e-05,0.0,0.0,2.2737367544323206e-12,0.0,207.16227272727272,70,255,0,0
10.200000000000003,35.72439729127273,51.27554470981818,1370.0,-5.759363637025672e-05,-3.905090898115304e-05,0.0,-5.684341886080801e-13,0.0,0.0,206.61636363636362,70,255,0,0
10.250000000000004,35.72439441159091,51.275542757272724,1370.0,-5.759363637025672e-05,-3.905090909483988e-05,0.0,5.684341886080801e-13,-1.1368683772161603e-12,0.0,206.0704545454545,70,255,0,0
10.300000000000004,35.72439153190909,51.27554080472727,1370.0,-5.75936363134133e-05,-3.905090909483988e-05,0.0,0.0,0.0,0.0,205.52454545454543,70,255,0,0
10.350000000000005,35.724388652227276,51.27553885218182,1370.0,-5.759363637025672e-05,-3.905090909483988e-05,0.0,-1.1368683772161603e-12,-1.1368683772161603e-12,0.0,204.97863636363633,70,255,0,0
10.400000000000006,35.72438577254545,51.275536899636364,1370.0,-5.759363642710014e-05,-3.905090920852672e-05,0.0,0.0,0.0,0.0,204.43272727272722,70,255,0,0
10.450000000000006,35.72438289286364,51.275534947090904,1370.0,-5.759363637025672e-05,-3.905090909483988e-05,0.0,5.684341886080801e-13,2.2737367544323206e-12,0.0,203.88681818181811,70,255,0,0
10.500000000000007,35.724380013181815,51.27553299454545,1370.0,-5.759363637025672e-05,-3.905090898115304e-05,0.0,5.684341886080801e-13,0.0,0.0,203.34090909090904,70,255,0,0
10.550000000000008,35.7243771335,51.275531042,1370.0,-5.75936363134133e-05,-3.905090909483988e-05,0.0,0.0,-1.1368683772161603e-12,0.0,202.79499999999993,70,255,0,0
10.600000000000009,35.72437425381818,51.275529089454544,1370.0,-5.759363637025672e-05,-3.905090909483988e-05,0.0,-1.1368683772161603e-12,1.1368683772161603e-12,0.0,202.24909090909082,70,255,0,0
10.65000000000001,35.72437137413636,51.27552713690909,1370.0,-5.759363642710014e-05,-3.905090898115304e-05,0.0,5.684341886080801e-13,0.0,0.0,201.70318181818172,70,255,0,0
10.70000000000001,35.724368494454545,51.27552518436364,1370.0,-5.75936363134133e-05,-3.905090909483988e-05,0.0,5.684341886080801e-13,-2.2737367544323206e-12,0.0,201.15727272727264,70,255,0,0
10.75000000000001,35.72436561477273,51.27552323181818,1370.0,-5.759363637025672e-05,-3.905090920852672e-05,0.0,-5.684341886080801e-13,0.0,0.0,200.61136363636354,70,255,0,0
10.800000000000011,35.72436273509091,51.27552127927272,1370.0,-5.759363637025672e-05,-3.905090909483988e-05,0.0,5.684341886080801e-13,1.1368683772161603e-12,0.0,200.06545454545443,70,255,0,0
10.850000000000012,35.72435985540909,51.27551932672727,1370.0,-5.75936363134133e-05,-3.905090909483988e-05,0.0,-5.684341886080801e-13,0.0,0.0,199.51954545454532,70,255,0,0
10.900000000000013,35.724356975727275,51.27551737418182,1370.0,-5.759363642710014e-05,-3.905090909483988e-05,0.0,-5.684341886080801e-13,1.1368683772161603e-12,0.0,198.97363636363625,70,255,0,0
10.950000000000014,35.72435409604545,51.275515421636364,1370.0,-5.759363637025672e-05,-3.905090898115304e-05,0.0,1.1368683772161603e-12,0.0,0.0,198.42772727272714,70,255,0,0
11.000000000000014,35.72435121636364,51.27551346909091,1370.0,-5.75936363134133e-05,-3.905090909483988e-05,0.0,0.0,-2.2737367544323206e-12,0.0,197.88181818181803,70,255,0,0
11.050000000000015,35.72434833668182,51.27551151654545,1370.0,-5.759363637025672e-05,-3.905090920852672e-05,0.0,-5.684341886080801e-13,0.0,0.0,197.33590909090893,70,255,0,0
11.100000000000016,35.724345457,51.275509564,1370.0,-5.759363637025672e-05,-3.905090909483988e-05,0.0,-5.684341886080801e-13,2.2737367544323206e-12,0.0,196.78999999999985,70,255,0,0
11.150000000000016,35.72434257731818,51.27550761145454,1370.0,-5.759363642710014e-05,-3.905090898115304e-05,0.0,0.0,0.0,0.0,196.24409090909074,70,255,0,0
11.200000000000017,35.72433969763636,51.27550565890909,1370.0,-5.759363637025672e-05,-3.905090909483988e-05,0.0,1.1368683772161603e-12,-1.1368683772161603e-12,0.0,195.69818181818164,70,255,0,0
11.250000000000018,35.724336817954544,51.27550370636364,1370.0,-5.75936363134133e-05,-3.905090909483988e-05,0.0,0.0,0.0,0.0,195.15227272727253,70,255,0,0
11.300000000000018,35.72433393827273,51.27550175381818,1370.0,-5.759363637025672e-05,-3.905090909483988e-05,0.0,-5.684341886080801e-13,-1.1368683772161603e-12,0.0,194.60636363636345,70,255,0,0
11.35000000000002,35.724331058590906,51.27549980127272,1370.0,-5.759363637025672e-05,-3.905090920852672e-05,0.0,5.684341886080801e-13,0.0,0.0,194.06045454545435,70,255,0,0
11.40000000000002,35.72432817890909,51.27549784872727,1370.0,-5.75936363134133e-05,-3.905090909483988e-05,0.0,0.0,2.2737367544323206e-12,0.0,193.51454545454524,70,255,0,0
11.45000000000002,35.724325299227274,51.275495896181816,1370.0,-5.759363637025672e-05,-3.905090898115304e-05,0.0,-1.1368683772161603e-12,0.0,0.0,192.96863636363614,70,255,0,0
11.500000000000021,35.72432241954545,51.27549394363636,1370.0,-5.759363642710014e-05,-3.905090909483988e-05,0.0,5.684341886080801e-13,-2.2737367544323206e-12,0.0,192.42272727272706,70,255,0,0
11.550000000000022,35.724319539863636,51.27549199109091,1370.0,-5.75936363134133e-05,-3.905090920852672e-05,0.0,5.684341886080801e-13,0.0,0.0,191.87681818181795,70,255,0,0
11.600000000000023,35.72431666018182,51.27549003854545,1370.0,-5.759363637025672e-05,-3.905090909483988e-05,0.0,-5.684341886080801e-13,2.2737367544323206e-12,0.0,191.33090909090885,70,255,0,0
11.650000000000023,35.7243137805,51.275488085999996,1370.0,-5.759363637025672e-05,-3.905090898115304e-05,0.0,5.684341886080801e-13,0.0,0.0,190.78499999999974,70,255,0,0
11.700000000000024,35.72431090081818,51.27548613345454,1370.0,-5.75936363134133e-05,-3.905090909483988e-05,0.0,-5.684341886080801e-13,-1.1368683772161603e-12,0.0,190.23909090909066,70,255,0,0
11.750000000000025,35.724308021136366,51.27548418090909,1370.0,-5.759363642710014e-05,-3.905090909483988e-05,0.0,-5.684341886080801e-13,0.0,0.0,189.69318181818156,70,255,0,0
11.800000000000026,35.72430514145454,51.275482228363636,1370.0,-5.759363637025672e-05,-3.905090909483988e-05,0.0,1.1368683772161603e-12,-1.1368683772161603e-12,0.0,189.14727272727245,70,255,0,0
11.850000000000026,35.72430226177273,51.27548027581818,1370.0,-5.75936363134133e-05,-3.905090920852672e-05,0.0,0.0,0.0,0.0,188.60136363636337,70,255,0,0
11.900000000000027,35.72429938209091,51.27547832327272,1370.0,-5.759363637025672e-05,-3.905090909483988e-05,0.0,-5.684341886080801e-13,2.2737367544323206e-12,0.0,188.05545454545427,70,255,0,0
11.950000000000028,35.72429650240909,51.27547637072727,1370.0,-5.759363637025672e-05,-3.905090898115304e-05,0.0,-5.684341886080801e-13,0.0,0.0,187.50954545454516,70,255,0,0
12.000000000000028,35.724293622727274,51.275474418181815,1370.0,-5.759363642710014e-05,-3.905090909483988e-05,0.0,0.0,-1.1368683772161603e-12,0.0,186.96363636363606,70,255,0,0
12.05000000000003,35.72429074304545,51.27547246563636,1370.0,-5.759363637025672e-05,-3.905090909483988e-05,0.0,1.1368683772161603e-12,1.1368683772161603e-12,0.0,186.41772727272695,70,255,0,0
12.10000000000003,35.724287863363635,51.27547051309091,1370.0,-5.75936363134133e-05,-3.905090898115304e-05,0.0,0.0,0.0,0.0,185.87181818181787,70,255,0,0
12.15000000000003,35.72428498368182,51.275468560545455,1370.0,-5.759363637025672e-05,-3.905090909483988e-05,0.0,-5.684341886080801e-13,-2.2737367544323206e-12,0.0,185.32590909090877,70,255,0,0
12.200000000000031,35.724282104,51.275466607999995,1370.0,-5.759363637025672e-05,-3.905090920852672e-05,0.0,5.684341886080801e-13,0.0,0.0,184.77999999999966,70,255,0,0
12.250000000000032,35.72427922431818,51.27546465545454,1370.0,-5.75936363134133e-05,-3.905090909483988e-05,0.0,0.0,1.1368683772161603e-12,0.0,184.23409090909058,70,255,0,0
12.300000000000033,35.724276344636365,51.27546270290909,1370.0,-5.759363637025672e-05,-3.905090909483988e-05,0.0,-1.1368683772161603e-12,0.0,0.0,183.68818181818148,70,255,0,0
12.350000000000033,35.72427346495454,51.275460750363635,1370.0,-5.759363642710014e-05,-3.905090909483988e-05,0.0,5.684341886080801e-13,1.1368683772161603e-12,0.0,183.14227272727237,70,255,0,0
12.400000000000034,35.72427058527273,51.27545879781818,1370.0,-5.75936363134133e-05,-3.905090898115304e-05,0.0,5.684341886080801e-13,0.0,0.0,182.59636363636326,70,255,0,0
12.450000000000035,35.72426770559091,51.27545684527273,1370.0,-5.759363637025672e-05,-3.905090909483988e-05,0.0,-5.684341886080801e-13,-2.2737367544323206e-12,0.0,182.05045454545416,70,255,0,0
12.500000000000036,35.72426482590909,51.27545489272727,1370.0,-5.759363637025672e-05,-3.905090920852672e-05,0.0,5.684341886080801e-13,0.0,0.0,181.50454545454508,70,255,0,0
12.550000000000036,35.72426194622727,51.275452940181815,1370.0,-5.75936363134133e-05,-3.905090909483988e-05,0.0,-5.684341886080801e-13,2.2737367544323206e-12,0.0,180.95863636363597,70,255,0,0
12.600000000000037,35.72425906654546,51.27545098763636,1370.0,-5.759363642710014e-05,-3.905090898115304e-05,0.0,-5.684341886080801e-13,0.0,0.0,180.41272727272687,70,255,0,0
12.650000000000038,35.724256186863634,51.27544903509091,1370.0,-5.759363637025672e-05,-3.905090909483988e-05,0.0,5.684341886080801e-13,-2.2737367544323206e-12,0.0,179.8668181818178,70,255,0,0
12.700000000000038,35.72425330718182,51.275447082545455,1370.0,-5.759363637025672e-05,-3.905090920852672e-05,0.0,0.0,0.0,0.0,179.32090909090869,70,255,0,0
12.750000000000039,35.724250427499996,51.275445129999994,1370.0,-5.759363637025672e-05,-3.905090909483988e-05,0.0,5.684341886080801e-13,1.1368683772161603e-12,0.0,178.77499999999958,70,255,0,0
12.80000000000004,35.72424754781818,51.27544317745454,1370.0,-5.75936363134133e-05,-3.905090909483988e-05,0.0,-5.684341886080801e-13,0.0,0.0,178.22909090909047,70,255,0,0
12.85000000000004,35.724244668136365,51.27544122490909,1370.0,-5.759363642710014e-05,-3.905090909483988e-05,0.0,-5.684341886080801e-13,1.1368683772161603e-12,0.0,177.68318181818137,70,255,0,0
12.900000000000041,35.72424178845454,51.275439272363634,1370.0,-5.759363637025672e-05,-3.905090898115304e-05,0.0,1.1368683772161603e-12,0.0,0.0,177.1372727272723,70,255,0,0
12.950000000000042,35.724238908772726,51.27543731981818,1370.0,-5.75936363134133e-05,-3.905090909483988e-05,0.0,0.0,-2.2737367544323206e-12,0.0,176.59136363636318,70,255,0,0
13.000000000000043,35.72423602909091,51.27543536727273,1370.0,-5.759363637025672e-05,-3.905090920852672e-05,0.0,-5.684341886080801e-13,0.0,0.0,176.04545454545408,70,255,0,0
13.050000000000043,35.72423314940909,51.27543341472727,1370.0,-5.759363637025672e-05,-3.905090909483988e-05,0.0,5.684341886080801e-13,2.2737367544323206e-12,0.0,175.499545454545,70,255,0,0
13.100000000000044,35.72423026972727,51.275431462181814,1370.0,-5.75936363134133e-05,-3.905090898115304e-05,0.0,0.0,0.0,0.0,174.9536363636359,70,255,0,0
13.150000000000045,35.724227390045456,51.27542950963636,1370.0,-5.759363637025672e-05,-3.905090909483988e-05,0.0,-1.1368683772161603e-12,-1.1368683772161603e-12,0.0,174.4077272727268,70,255,0,0
13.200000000000045,35.724224510363634,51.27542755709091,1370.0,-5.759363642710014e-05,-3.905090909483988e-05,0.0,5.684341886080801e-13,0.0,0.0,173.86181818181768,70,255,0,0
13.250000000000046,35.72422163068182,51.275425604545454,1370.0,-5.75936363134133e-05,-3.905090909483988e-05,0.0,5.684341886080801e-13,-1.1368683772161603e-12,0.0,173.31590909090858,70,255,0,0
13.300000000000047,35.724218751,51.275423652,1370.0,-5.759363637025672e-05,-3.905090920852672e-05,0.0,-5.684341886080801e-13,0.0,0.0,172.7699999999995,70,255,0,0
13.350000000000048,35.72421587131818,51.27542169945454,1370.0,-5.759363637025672e-05,-3.905090909483988e-05,0.0,5.684341886080801e-13,2.2737367544323206e-12,0.0,172.2240909090904,70,255,0,0
13.400000000000048,35.724212991636364,51.27541974690909,1370.0,-5.75936363134133e-05,-3.905090898115304e-05,0.0,-5.684341886080801e-13,0.0,0.0,171.6781818181813,70,255,0,0
13.450000000000049,35.72421011195455,51.275417794363634,1370.0,-5.759363642710014e-05,-3.905090909483988e-05,0.0,-5.684341886080801e-13,-1.1368683772161603e-12,0.0,171.1322727272722,70,255,0,0
13.50000000000005,35.724207232272725,51.27541584181818,1370.0,-5.759363637025672e-05,-3.905090909483988e-05,0.0,5.684341886080801e-13,1.1368683772161603e-12,0.0,170.5863636363631,70,255,0,0
13.55000000000005,35.72420435259091,51.27541388927273,1370.0,-5.759363637025672e-05,-3.905090898115304e-05,0.0,0.0,0.0,0.0,170.040454545454,70,255,0,0
13.600000000000051,35.72420147290909,51.275411936727274,1370.0,-5.759363637025672e-05,-3.905090909483988e-05,0.0,5.684341886080801e-13,-2.2737367544323206e-12,0.0,169.4945454545449,70,255,0,0
13.650000000000052,35.72419859322727,51.27540998418181,1370.0,-5.75936363134133e-05,-3.905090920852672e-05,0.0,-5.684341886080801e-13,0.0,0.0,168.9486363636358,70,255,0,0
13.700000000000053,35.724195713545456,51.27540803163636,1370.0,-5.759363642710014e-05,-3.905090909483988e-05,0.0,-5.684341886080801e-13,1.1368683772161603e-12,0.0,168.4027272727267,70,255,0,0
13.750000000000053,35.72419283386363,51.27540607909091,1370.0,-5.759363637025672e-05,-3.905090909483988e-05,0.0,1.1368683772161603e-12,0.0,0.0,167.8568181818176,70,255,0,0
13.800000000000054,35.72418995418182,51.27540412654545,1370.0,-5.75936363134133e-05,-3.905090909483988e-05,0.0,0.0,1.1368683772161603e-12,0.0,167.31090909090852,70,255,0,0
13.850000000000055,35.7241870745,51.275402174,1370.0,-5.759363637025672e-05,-3.905090898115304e-05,0.0,-5.684341886080801e-13,0.0,0.0,166.76499999999942,70,255,0,0
13.900000000000055,35.72418419481818,51.27540022145455,1370.0,-5.759363637025672e-05,-3.905090909483988e-05,0.0,5.684341886080801e-13,-2.2737367544323206e-12,0.0,166.2190909090903,70,255,0,0
13.950000000000056,35.72418131513636,51.275398268909086,1370.0,-5.75936363134133e-05,-3.905090920852672e-05,0.0,0.0,0.0,0.0,165.6731818181812,70,255,0,0
14.000000000000057,35.72417843545455,51.27539631636363,1370.0,-5.759363637025672e-05,-3.905090909483988e-05,0.0,-1.1368683772161603e-12,2.2737367544323206e-12,0.0,165.1272727272721,70,255,0,0
14.050000000000058,35.724175555772725,51.27539436381818,1370.0,-5.759363642710014e-05,-3.905090898115304e-05,0.0,5.684341886080801e-13,0.0,0.0,164.58136363636302,70,255,0,0
14.100000000000058,35.72417267609091,51.275392411272726,1370.0,-5.75936363134133e-05,-3.905090909483988e-05,0.0,5.684341886080801e-13,-2.2737367544323206e-12,0.0,164.03545454545392,70,255,0,0
14.150000000000059,35.72416979640909,51.27539045872727,1370.0,-5.759363637025672e-05,-3.905090920852672e-05,0.0,-5.684341886080801e-13,0.0,0.0,163.4895454545448,70,255,0,0
14.20000000000006,35.72416691672727,51.27538850618181,1370.0,-5.759363637025672e-05,-3.905090909483988e-05,0.0,5.684341886080801e-13,1.1368683772161603e-12,0.0,162.94363636363573,70,255,0,0
14.25000000000006,35.724164037045455,51.27538655363636,1370.0,-5.75936363134133e-05,-3.905090909483988e-05,0.0,-5.684341886080801e-13,0.0,0.0,162.39772727272663,70,255,0,0
14.300000000000061,35.72416115736364,51.275384601090906,1370.0,-5.759363642710014e-05,-3.905090909483988e-05,0.0,-5.684341886080801e-13,1.1368683772161603e-12,0.0,161.85181818181752,70,255,0,0
14.350000000000062,35.724158277681816,51.27538264854545,1370.0,-5.759363637025672e-05,-3.905090898115304e-05,0.0,5.684341886080801e-13,0.0,0.0,161.30590909090841,70,255,0,0
14.400000000000063,35.724155398,51.275380696,1370.0,-5.759363637025672e-05,-3.905090909483988e-05,0.0,0.0,-2.2737367544323206e-12,0.0,160.7599999999993,70,255,0,0
14.450000000000063,35.72415251831818,51.275378743454546,1370.0,-5.759363637025672e-05,-3.905090920852672e-05,0.0,5.684341886080801e-13,0.0,0.0,160.21409090909023,70,255,0,0
14.500000000000064,35.72414963863636,51.275376790909085,1370.0,-5.75936363134133e-05,-3.905090909483988e-05,0.0,-5.684341886080801e-13,2.2737367544323206e-12,0.0,159.66818181818113,70,255,0,0
14.550000000000065,35.72414675895455,51.27537483836363,1370.0,-5.759363642710014e-05,-3.905090898115304e-05,0.0,-5.684341886080801e-13,0.0,0.0,159.12227272727202,70,255,0,0
14.600000000000065,35.724143879272724,51.27537288581818,1370.0,-5.759363637025672e-05,-3.905090909483988e-05,0.0,1.1368683772161603e-12,-1.1368683772161603e-12,0.0,158.57636363636294,70,255,0,0
14.650000000000066,35.72414099959091,51.275370933272725,1370.0,-5.75936363134133e-05,-3.905090909483988e-05,0.0,0.0,0.0,0.0,158.03045454545384,70,255,0,0
14.700000000000067,35.72413811990909,51.27536898072727,1370.0,-5.759363637025672e-05,-3.905090909483988e-05,0.0,-5.684341886080801e-13,-1.1368683772161603e-12,0.0,157.48454545454473,70,255,0,0
14.750000000000068,35.72413524022727,51.27536702818182,1370.0,-5.759363637025672e-05,-3.905090920852672e-05,0.0,5.684341886080801e-13,0.0,0.0,156.93863636363562,70,255,0,0
14.800000000000068,35.724132360545454,51.27536507563636,1370.0,-5.75936363134133e-05,-3.905090909483988e-05,0.0,0.0,2.2737367544323206e-12,0.0,156.39272727272652,70,255,0,0
14.850000000000069,35.72412948086364,51.275363123090905,1370.0,-5.759363637025672e-05,-3.905090898115304e-05,0.0,-1.1368683772161603e-12,0.0,0.0,155.84681818181744,70,255,0,0
14.90000000000007,35.724126601181815,51.27536117054545,1370.0,-5.759363642710014e-05,-3.905090909483988e-05,0.0,5.684341886080801e-13,-1.1368683772161603e-12,0.0,155.30090909090833,70,255,0,0
14.95000000000007,35.7241237215,51.275359218,1370.0,-5.75936363134133e-05,-3.905090909483988e-05,0.0,5.684341886080801e-13,1.1368683772161603e-12,0.0,154.75499999999923,70,255,0,0
15.000000000000071,35.724120841818184,51.275357265454545,1370.0,-5.759363637025672e-05,-3.905090898115304e-05,0.0,-5.684341886080801e-13,0.0,0.0,154.20909090909015,70,255,0,0
15.050000000000072,35.72411796213636,51.27535531290909,1370.0,-5.759363637025672e-05,-3.905090909483988e-05,0.0,0.0,-2.2737367544323206e-12,0.0,153.66318181818104,70,255,0,0
15.100000000000072,35.724115082454546,51.27535336036363,1370.0,-5.759363637025672e-05,-3.905090920852672e-05,0.0,-5.684341886080801e-13,0.0,0.0,153.11727272727194,70,255,0,0
15.150000000000073,35.72411220277272,51.27535140781818,1370.0,-5.759363642710014e-05,-3.905090909483988e-05,0.0,5.684341886080801e-13,1.1368683772161603e-12,0.0,152.57136363636283,70,255,0,0
15.200000000000074,35.72410932309091,51.275349455272725,1370.0,-5.75936363134133e-05,-3.905090909483988e-05,0.0,5.684341886080801e-13,0.0,0.0,152.02545454545373,70,255,0,0
15.250000000000075,35.72410644340909,51.27534750272727,1370.0,-5.759363637025672e-05,-3.905090909483988e-05,0.0,-5.684341886080801e-13,1.1368683772161603e-12,0.0,151.47954545454465,70,255,0,0
15.300000000000075,35.72410356372727,51.27534555018182,1370.0,-5.759363637025672e-05,-3.905090898115304e-05,0.0,5.684341886080801e-13,0.0,0.0,150.93363636363554,70,255,0,0
15.350000000000076,35.72410068404545,51.275343597636365,1370.0,-5.75936363134133e-05,-3.905090909483988e-05,0.0,-5.684341886080801e-13,-2.2737367544323206e-12,0.0,150.38772727272644,70,255,0,0
15.400000000000077,35.72409780436364,51.275341645090904,1370.0,-5.759363642710014e-05,-3.905090920852672e-05,0.0,-5.684341886080801e-13,0.0,0.0,149.84181818181736,70,255,0,0
15.450000000000077,35.724094924681815,51.27533969254545,1370.0,-5.759363637025672e-05,-3.905090909483988e-05,0.0,1.1368683772161603e-12,2.2737367544323206e-12,0.0,149.29590909090825,70,255,0,0
15.500000000000078,35.724092045,51.27533774,1370.0,-5.75936363134133e-05,-3.905090898115304e-05,0.0,0.0,0.0,0.0,148.74999999999915,70,255,0,0
15.550000000000079,35.72408916531818,51.275335787454544,1370.0,-5.759363637025672e-05,-3.905090909483988e-05,0.0,-5.684341886080801e-13,-2.2737367544323206e-12,0.0,148.20409090909004,70,255,0,0
15.60000000000008,35.72408628563636,51.27533383490909,1370.0,-5.759363637025672e-05,-3.905090920852672e-05,0.0,5.684341886080801e-13,0.0,0.0,147.65818181818094,70,255,0,0
15.65000000000008,35.724083405954545,51.27533188236363,1370.0,-5.75936363134133e-05,-3.905090909483988e-05,0.0,0.0,1.1368683772161603e-12,0.0,147.11227272727186,70,255,0,0
15.700000000000081,35.72408052627273,51.27532992981818,1370.0,-5.759363637025672e-05,-3.905090909483988e-05,0.0,-1.1368683772161603e-12,0.0,0.0,146.56636363636275,70,255,0,0
15.750000000000082,35.72407764659091,51.275327977272724,1370.0,-5.759363642710014e-05,-3.905090909483988e-05,0.0,5.684341886080801e-13,1.1368683772161603e-12,0.0,146.02045454545365,70,255,0,0
15.800000000000082,35.72407476690909,51.27532602472727,1370.0,-5.75936363134133e-05,-3.905090898115304e-05,0.0,5.684341886080801e-13,0.0,0.0,145.47454545454457,70,255,0,0
15.850000000000083,35.724071887227275,51.27532407218182,1370.0,-5.759363637025672e-05,-3.905090909483988e-05,0.0,-5.684341886080801e-13,-2.2737367544323206e-12,0.0,144.92863636363546,70,255,0,0
15.900000000000084,35.72406900754545,51.275322119636364,1370.0,-5.759363637025672e-05,-3.905090920852672e-05,0.0,0.0,0.0,0.0,144.38272727272636,70,255,0,0
15.950000000000085,35.72406612786364,51.275320167090904,1370.0,-5.759363637025672e-05,-3.905090909483988e-05,0.0,-5.684341886080801e-13,2.2737367544323206e-12,0.0,143.83681818181725,70,255,0,0
16.000000000000085,35.724063248181814,51.27531821454545,1370.0,-5.759363642710014e-05,-3.905090898115304e-05,0.0,5.684341886080801e-13,0.0,0.0,143.29090909090814,70,255,0,0
16.050000000000086,35.7240603685,51.275316262,1370.0,-5.75936363134133e-05,-3.905090909483988e-05,0.0,5.684341886080801e-13,-1.1368683772161603e-12,0.0,142.74499999999907,70,255,0,0
16.100000000000087,35.72405748881818,51.275314309454544,1370.0,-5.759363637025672e-05,-3.905090909483988e-05,0.0,-5.684341886080801e-13,0.0,0.0,142.19909090908996,70,255,0,0
16.150000000000087,35.72405460913636,51.27531235690909,1370.0,-5.759363637025672e-05,-3.905090909483988e-05,0.0,5.684341886080801e-13,-1.1368683772161603e-12,0.0,141.65318181818088,70,255,0,0
16.200000000000088,35.724051729454544,51.27531040436364,1370.0,-5.75936363134133e-05,-3.905090920852672e-05,0.0,-5.684341886080801e-13,0.0,0.0,141.10727272727178,70,255,0,0
16.25000000000009,35.72404884977273,51.27530845181818,1370.0,-5.759363642710014e-05,-3.905090909483988e-05,0.0,-5.684341886080801e-13,2.2737367544323206e-12,0.0,140.56136363636267,70,255,0,0
16.30000000000009,35.724045970090906,51.27530649927272,1370.0,-5.759363637025672e-05,-3.905090898115304e-05,0.0,1.1368683772161603e-12,0.0,0.0,140.01545454545357,70,255,0,0
16.35000000000009,35.72404309040909,51.27530454672727,1370.0,-5.75936363134133e-05,-3.905090909483988e-05,0.0,0.0,-1.1368683772161603e-12,0.0,139.46954545454446,70,255,0,0
16.40000000000009,35.724040210727274,51.27530259418182,1370.0,-5.759363637025672e-05,-3.905090909483988e-05,0.0,-5.684341886080801e-13,1.1368683772161603e-12,0.0,138.92363636363535,70,255,0,0
16.45000000000009,35.72403733104545,51.27530064163636,1370.0,-5.759363637025672e-05,-3.905090898115304e-05,0.0,5.684341886080801e-13,0.0,0.0,138.37772727272628,70,255,0,0
16.500000000000092,35.724034451363636,51.27529868909091,1370.0,-5.75936363134133e-05,-3.905090909483988e-05,0.0,0.0,-2.2737367544323206e-12,0.0,137.83181818181717,70,255,0,0
16.550000000000093,35.72403157168182,51.27529673654545,1370.0,-5.759363637025672e-05,-3.905090920852672e-05,0.0,-1.1368683772161603e-12,0.0,0.0,137.2859090909081,70,255,0,0
16.600000000000094,35.724028692,51.275294783999996,1370.0,-5.759363642710014e-05,-3.905090909483988e-05,0.0,0.0,1.1368683772161603e-12,0.0,136.739999999999,70,255,0,0
16.650000000000095,35.72402581231818,51.27529283145454,1370.0,-5.759363637025672e-05,-3.905090909483988e-05,0.0,5.684341886080801e-13,0.0,0.0,136.19409090908988,70,255,0,0
16.700000000000095,35.72402293263636,51.27529087890909,1370.0,-5.759363637025672e-05,-3.905090909483988e-05,0.0,5.684341886080801e-13,1.1368683772161603e-12,0.0,135.64818181818077,70,255,0,0
16.750000000000096,35.72402005295454,51.275288926363636,1370.0,-5.75936363134133e-05,-3.905090898115304e-05,0.0,0.0,0.0,0.0,135.10227272727167,70,255,0,0
16.800000000000097,35.72401717327273,51.27528697381818,1370.0,-5.759363637025672e-05,-3.905090909483988e-05,0.0,-1.1368683772161603e-12,-2.2737367544323206e-12,0.0,134.55636363636256,70,255,0,0
16.850000000000097,35.724014293590905,51.27528502127272,1370.0,-5.759363642710014e-05,-3.905090920852672e-05,0.0,5.684341886080801e-13,0.0,0.0,134.01045454545348,70,255,0,0
16.900000000000098,35.72401141390909,51.27528306872727,1370.0,-5.75936363134133e-05,-3.905090909483988e-05,0.0,5.684341886080801e-13,2.2737367544323206e-12,0.0,133.46454545454438,70,255,0,0
16.9500000000001,35.72400853422727,51.275281116181816,1370.0,-5.759363637025672e-05,-3.905090898115304e-05,0.0,-5.684341886080801e-13,0.0,0.0,132.9186363636353,70,255,0,0
17.0000000000001,35.72400565454545,51.27527916363636,1370.0,-5.759363637025672e-05,-3.905090909483988e-05,0.0,5.684341886080801e-13,-2.2737367544323206e-12,0.0,132.3727272727262,70,255,0,0
17.0500000000001,35.724002774863635,51.27527721109091,1370.0,-5.75936363134133e-05,-3.905090920852672e-05,0.0,-5.684341886080801e-13,0.0,0.0,131.8268181818171,70,255,0,0
17.1000000000001,35.72399989518182,51.27527525854545,1370.0,-5.759363642710014e-05,-3.905090909483988e-05,0.0,-5.684341886080801e-13,1.1368683772161603e-12,0.0,131.28090909090798,70,255,0,0
17.1500000000001,35.7239970155,51.275273305999995,1370.0,-5.759363637025672e-05,-3.905090909483988e-05,0.0,1.1368683772161603e-12,0.0,0.0,130.73499999999888,70,255,0,0
17.200000000000102,35.72399413581818,51.27527135345454,1370.0,-5.75936363134133e-05,-3.905090909483988e-05,0.0,0.0,1.1368683772161603e-12,0.0,130.18909090908977,70,255,0,0
17.250000000000103,35.723991256136365,51.27526940090909,1370.0,-5.759363637025672e-05,-3.905090898115304e-05,0.0,-5.684341886080801e-13,0.0,0.0,129.6431818181807,70,255,0,0
17.300000000000104,35.72398837645454,51.275267448363635,1370.0,-5.759363637025672e-05,-3.905090909483988e-05,0.0,5.684341886080801e-13,-2.2737367544323206e-12,0.0,129.09727272727162,70,255,0,0
17.350000000000104,35.72398549677273,51.27526549581818,1370.0,-5.75936363134133e-05,-3.905090920852672e-05,0.0,0.0,0.0,0.0,128.5513636363625,70,255,0,0
17.400000000000105,35.72398261709091,51.27526354327272,1370.0,-5.759363637025672e-05,-3.905090909483988e-05,0.0,-1.1368683772161603e-12,2.2737367544323206e-12,0.0,128.0054545454534,70,255,0,0
17.450000000000106,35.72397973740909,51.27526159072727,1370.0,-5.759363642710014e-05,-3.905090898115304e-05,0.0,0.0,0.0,0.0,127.4595454545443,70,255,0,0
17.500000000000107,35.72397685772727,51.275259638181815,1370.0,-5.759363637025672e-05,-3.905090909483988e-05,0.0,5.684341886080801e-13,-1.1368683772161603e-12,0.0,126.9136363636352,70,255,0,0
17.550000000000107,35.72397397804545,51.27525768563636,1370.0,-5.759363637025672e-05,-3.905090909483988e-05,0.0,5.684341886080801e-13,0.0,0.0,126.3677272727261,70,255,0,0
17.600000000000108,35.723971098363634,51.27525573309091,1370.0,-5.75936363134133e-05,-3.905090909483988e-05,0.0,0.0,-1.1368683772161603e-12,0.0,125.82181818181701,70,255,0,0
17.65000000000011,35.72396821868182,51.275253780545455,1370.0,-5.759363637025672e-05,-3.905090920852672e-05,0.0,-1.1368683772161603e-12,0.0,0.0,125.2759090909079,70,255,0,0
17.70000000000011,35.723965338999996,51.275251827999995,1370.0,-5.759363642710014e-05,-3.905090909483988e-05,0.0,5.684341886080801e-13,2.2737367544323206e-12,0.0,124.72999999999881,70,255,0,0
17.75000000000011,35.72396245931818,51.27524987545454,1370.0,-5.75936363134133e-05,-3.905090898115304e-05,0.0,5.684341886080801e-13,0.0,0.0,124.1840909090897,70,255,0,0
17.80000000000011,35.723959579636364,51.27524792290909,1370.0,-5.759363637025672e-05,-3.905090909483988e-05,0.0,-5.684341886080801e-13,-1.1368683772161603e-12,0.0,123.63818181818061,70,255,0,0
17.85000000000011,35.72395669995454,51.275245970363635,1370.0,-5.759363637025672e-05,-3.905090909483988e-05,0.0,5.684341886080801e-13,1.1368683772161603e-12,0.0,123.0922727272715,70,255,0,0
17.900000000000112,35.723953820272726,51.27524401781818,1370.0,-5.75936363134133e-05,-3.905090898115304e-05,0.0,-5.684341886080801e-13,0.0,0.0,122.54636363636241,70,255,0,0
17.950000000000113,35.72395094059091,51.27524206527273,1370.0,-5.759363642710014e-05,-3.905090909483988e-05,0.0,-5.684341886080801e-13,-2.2737367544323206e-12,0.0,122.00045454545331,70,255,0,0
18.000000000000114,35.72394806090909,51.27524011272727,1370.0,-5.759363637025672e-05,-3.905090920852672e-05,0.0,1.1368683772161603e-12,0.0,0.0,121.45454545454422,70,255,0,0
18.050000000000114,35.72394518122727,51.275238160181814,1370.0,-5.75936363134133e-05,-3.905090909483988e-05,0.0,0.0,1.1368683772161603e-12,0.0,120.90863636363511,70,255,0,0
18.100000000000115,35.723942301545456,51.27523620763636,1370.0,-5.759363637025672e-05,-3.905090909483988e-05,0.0,-5.684341886080801e-13,0.0,0.0,120.36272727272602,70,255,0,0
18.150000000000116,35.72393942186363,51.27523425509091,1370.0,-5.759363637025672e-05,-3.905090909483988e-05,0.0,-5.684341886080801e-13,0.0,0.0,119.81681818181691,70,255,0,0
18.200000000000117,35.72393654218182,51.275232302545454,1370.0,-5.759363642710014e-05,-3.905090909483988e-05,0.0,0.0,0.0,0.0,119.27090909090782,70,255,0,0
18.250000000000117,35.723933662499995,51.275230349999994,1370.0,-5.759363637025672e-05,-3.905090909483988e-05,0.0,1.1368683772161603e-12,0.0,0.0,118.72499999999872,70,255,0,0
18.300000000000118,35.72393078281818,51.27522839745454,1370.0,-5.75936363134133e-05,-3.905090909483988e-05,0.0,0.0,0.0,0.0,118.17909090908962,70,255,0,0
18.35000000000012,35.723927903136364,51.27522644490909,1370.0,-5.759363637025672e-05,-3.905090909483988e-05,0.0,-5.684341886080801e-13,1.1368683772161603e-12,0.0,117.63318181818052,70,255,0,0
18.40000000000012,35.72392502345454,51.275224492363634,1370.0,-5.759363637025672e-05,-3.905090898115304e-05,0.0,5.684341886080801e-13,0.0,0.0,117.08727272727143,70,255,0,0
18.45000000000012,35.723922143772725,51.27522253981818,1370.0,-5.75936363134133e-05,-3.905090909483988e-05,0.0,0.0,-2.2737367544323206e-12,0.0,116.54136363636232,70,255,0,0
18.50000000000012,35.72391926409091,51.27522058727273,1370.0,-5.759363637025672e-05,-3.905090920852672e-05,0.0,-1.1368683772161603e-12,0.0,0.0,115.99545454545323,70,255,0,0
18.55000000000012,35.72391638440909,51.27521863472727,1370.0,-5.759363642710014e-05,-3.905090909483988e-05,0.0,5.684341886080801e-13,1.1368683772161603e-12,0.0,115.44954545454412,70,255,0,0
18.600000000000122,35.72391350472727,51.275216682181814,1370.0,-5.75936363134133e-05,-3.905090909483988e-05,0.0,5.684341886080801e-13,0.0,0.0,114.90363636363503,70,255,0,0
18.650000000000123,35.723910625045455,51.27521472963636,1370.0,-5.759363637025672e-05,-3.905090909483988e-05,0.0,-5.684341886080801e-13,1.1368683772161603e-12,0.0,114.35772727272592,70,255,0,0
18.700000000000124,35.72390774536363,51.27521277709091,1370.0,-5.759363637025672e-05,-3.905090898115304e-05,0.0,5.684341886080801e-13,0.0,0.0,113.81181818181683,70,255,0,0
18.750000000000124,35.72390486568182,51.275210824545454,1370.0,-5.75936363134133e-05,-3.905090909483988e-05,0.0,-5.684341886080801e-13,-2.2737367544323206e-12,0.0,113.26590909090773,70,255,0,0
18.800000000000125,35.723901986,51.275208872,1370.0,-5.759363642710014e-05,-3.905090920852672e-05,0.0,-5.684341886080801e-13,0.0,0.0,112.71999999999863,70,255,0,0
18.850000000000126,35.72389910631818,51.27520691945454,1370.0,-5.759363637025672e-05,-3.905090909483988e-05,0.0,1.1368683772161603e-12,2.2737367544323206e-12,0.0,112.17409090908953,70,255,0,0
18.900000000000126,35.72389622663636,51.27520496690909,1370.0,-5.75936363134133e-05,-3.905090898115304e-05,0.0,0.0,0.0,0.0,111.62818181818044,70,255,0,0
18.950000000000127,35.72389334695455,51.27520301436363,1370.0,-5.759363637025672e-05,-3.905090909483988e-05,0.0,-5.684341886080801e-13,-1.1368683772161603e-12,0.0,111.08227272727133,70,255,0,0
19.000000000000128,35.723890467272724,51.27520106181818,1370.0,-5.759363637025672e-05,-3.905090909483988e-05,0.0,-5.684341886080801e-13,0.0,0.0,110.53636363636224,70,255,0,0
19.05000000000013,35.72388758759091,51.27519910927273,1370.0,-5.759363642710014e-05,-3.905090909483988e-05,0.0,0.0,-1.1368683772161603e-12,0.0,109.99045454545313,70,255,0,0
19.10000000000013,35.723884707909086,51.27519715672727,1370.0,-5.759363637025672e-05,-3.905090920852672e-05,0.0,1.1368683772161603e-12,0.0,0.0,109.44454545454404,70,255,0,0
19.15000000000013,35.72388182822727,51.27519520418181,1370.0,-5.75936363134133e-05,-3.905090909483988e-05,0.0,0.0,2.2737367544323206e-12,0.0,108.89863636363494,70,255,0,0
19.20000000000013,35.723878948545455,51.27519325163636,1370.0,-5.759363637025672e-05,-3.905090898115304e-05,0.0,-5.684341886080801e-13,0.0,0.0,108.35272727272584,70,255,0,0
19.25000000000013,35.72387606886363,51.275191299090906,1370.0,-5.759363637025672e-05,-3.905090909483988e-05,0.0,5.684341886080801e-13,-1.1368683772161603e-12,0.0,107.80681818181674,70,255,0,0
19.300000000000132,35.723873189181816,51.27518934654545,1370.0,-5.75936363134133e-05,-3.905090909483988e-05,0.0,0.0,1.1368683772161603e-12,0.0,107.26090909090765,70,255,0,0
19.350000000000133,35.7238703095,51.275187394,1370.0,-5.759363637025672e-05,-3.905090898115304e-05,0.0,-1.1368683772161603e-12,0.0,0.0,106.71499999999854,70,255,0,0
19.400000000000134,35.72386742981818,51.275185441454546,1370.0,-5.759363642710014e-05,-3.905090909483988e-05,0.0,5.684341886080801e-13,-2.2737367544323206e-12,0.0,106.16909090908945,70,255,0,0
19.450000000000134,35.72386455013636,51.275183488909086,1370.0,-5.75936363134133e-05,-3.905090920852672e-05,0.0,5.684341886080801e-13,0.0,0.0,105.62318181818034,70,255,0,0
19.500000000000135,35.723861670454546,51.27518153636363,1370.0,-5.759363637025672e-05,-3.905090909483988e-05,0.0,-5.684341886080801e-13,1.1368683772161603e-12,0.0,105.07727272727125,70,255,0,0
19.550000000000136,35.723858790772724,51.27517958381818,1370.0,-5.759363637025672e-05,-3.905090909483988e-05,0.0,5.684341886080801e-13,0.0,0.0,104.53136363636214,70,255,0,0
19.600000000000136,35.72385591109091,51.275177631272726,1370.0,-5.75936363134133e-05,-3.905090909483988e-05,0.0,-5.684341886080801e-13,0.0,0.0,103.98545454545305,70,255,0,0
19.650000000000137,35.72385303140909,51.27517567872727,1370.0,-5.759363642710014e-05,-3.905090909483988e-05,0.0,-5.684341886080801e-13,0.0,0.0,103.43954545454395,70,255,0,0
19.700000000000138,35.72385015172727,51.27517372618181,1370.0,-5.759363637025672e-05,-3.905090909483988e-05,0.0,1.1368683772161603e-12,0.0,0.0,102.89363636363485,70,255,0,0
19.75000000000014,35.723847272045454,51.27517177363636,1370.0,-5.75936363134133e-05,-3.905090909483988e-05,0.0,0.0,0.0,0.0,102.34772727272576,70,255,0,0
19.80000000000014,35.72384439236364,51.275169821090905,1370.0,-5.759363637025672e-05,-3.905090909483988e-05,0.0,-5.684341886080801e-13,1.1368683772161603e-12,0.0,101.80181818181666,70,255,0,0
19.85000000000014,35.723841512681815,51.27516786854545,1370.0,-5.759363637025672e-05,-3.905090898115304e-05,0.0,-5.684341886080801e-13,0.0,0.0,101.25590909090756,70,255,0,0
19.90000000000014,35.723838633,51.275165916,1370.0,-5.759363642710014e-05,-3.905090909483988e-05,0.0,0.0,-2.2737367544323206e-12,0.0,100.70999999999846,70,255,0,0
19.95000000000014,35.72383575331818,51.275163963454546,1370.0,-5.759363637025672e-05,-3.905090920852672e-05,0.0,1.1368683772161603e-12,0.0,0.0,100.16409090908937,70,255,0,0
20.000000000000142,35.72383287363636,51.275162010909085,1370.0,-5.75936363134133e-05,-3.905090909483988e-05,0.0,0.0,1.1368683772161603e-12,0.0,99.61818181818026,70,255,0,0
20.050000000000143,35.723829993954546,51.27516005836363,1370.0,-5.759363637025672e-05,-3.905090909483988e-05,0.0,-5.684341886080801e-13,0.0,0.0,99.07227272727117,70,255,0,0
20.100000000000144,35.72382711427272,51.27515810581818,1370.0,-5.759363637025672e-05,-3.905090909483988e-05,0.0,5.684341886080801e-13,1.1368683772161603e-12,0.0,98.52636363636206,70,255,0,0
20.150000000000144,35.72382423459091,51.275156153272725,1370.0,-5.75936363134133e-05,-3.905090898115304e-05,0.0,0.0,0.0,0.0,97.98045454545297,70,255,0,0
20.200000000000145,35.72382135490909,51.27515420072727,1370.0,-5.759363637025672e-05,-3.905090909483988e-05,0.0,-1.1368683772161603e-12,-2.2737367544323206e-12,0.0,97.43454545454387,70,255,0,0
20.250000000000146,35.72381847522727,51.27515224818182,1370.0,-5.759363642710014e-05,-3.905090920852672e-05,0.0,5.684341886080801e-13,0.0,0.0,96.88863636363477,70,255,0,0
20.300000000000146,35.72381559554545,51.27515029563636,1370.0,-5.75936363134133e-05,-3.905090909483988e-05,0.0,5.684341886080801e-13,2.2737367544323206e-12,0.0,96.34272727272567,70,255,0,0
20.350000000000147,35.72381271586364,51.275148343090905,1370.0,-5.759363637025672e-05,-3.905090898115304e-05,0.0,-5.684341886080801e-13,0.0,0.0,95.79681818181658,70,255,0,0
20.400000000000148,35.723809836181815,51.27514639054545,1370.0,-5.759363637025672e-05,-3.905090909483988e-05,0.0,5.684341886080801e-13,-1.1368683772161603e-12,0.0,95.25090909090747,70,255,0,0
20.45000000000015,35.7238069565,51.275144438,1370.0,-5.75936363134133e-05,-3.905090909483988e-05,0.0,-5.684341886080801e-13,0.0,0.0,94.70499999999838,70,255,0,0
20.50000000000015,35.72380407681818,51.275142485454545,1370.0,-5.759363642710014e-05,-3.905090909483988e-05,0.0,-5.684341886080801e-13,-1.1368683772161603e-12,0.0,94.15909090908927,70,255,0,0
20.55000000000015,35.72380119713636,51.27514053290909,1370.0,-5.759363637025672e-05,-3.905090920852672e-05,0.0,5.684341886080801e-13,0.0,0.0,93.61318181818018,70,255,0,0
20.60000000000015,35.723798317454545,51.27513858036363,1370.0,-5.759363637025672e-05,-3.905090909483988e-05,0.0,0.0,2.2737367544323206e-12,0.0,93.06727272727107,70,255,0,0
20.65000000000015,35.72379543777272,51.27513662781818,1370.0,-5.759363637025672e-05,-3.905090898115304e-05,0.0,5.684341886080801e-13,0.0,0.0,92.52136363636198,70,255,0,0
20.700000000000152,35.723792558090906,51.275134675272724,1370.0,-5.75936363134133e-05,-3.905090909483988e-05,0.0,-5.684341886080801e-13,-1.1368683772161603e-12,0.0,91.97545454545288,70,255,0,0
20.750000000000153,35.72378967840909,51.27513272272727,1370.0,-5.759363642710014e-05,-3.905090909483988e-05,0.0,-5.684341886080801e-13,1.1368683772161603e-12,0.0,91.42954545454378,70,255,0,0
20.800000000000153,35.72378679872727,51.27513077018182,1370.0,-5.759363637025672e-05,-3.905090898115304e-05,0.0,1.1368683772161603e-12,0.0,0.0,90.88363636363468,70,255,0,0
20.850000000000154,35.72378391904545,51.275128817636364,1370.0,-5.75936363134133e-05,-3.905090909483988e-05,0.0,0.0,-2.2737367544323206e-12,0.0,90.33772727272559,70,255,0,0
20.900000000000155,35.72378103936364,51.275126865090904,1370.0,-5.759363637025672e-05,-3.905090920852672e-05,0.0,-5.684341886080801e-13,1.1368683772161603e-12,-1.8189894035458306e-11,89.79181818181648,70,255,0,0
20.950000000000156,35.723778159681814,51.27512491254545,1370.0,-5.759363637025672e-05,-3.905090898115304e-05,-1.8189894035458565e-12,0.0005759363637052599,0.000390509092087093,1.1373733422639367e-22,89.24590909090739,70,255,0,0
21.0,35.72377528,51.27512296,1370.0,0.0,0.0,0.0,14289.510140972747,20510.050709708674,547999.999996558,88.7,70,255,0,0
21.000000000000156,35.72377528,51.27512296,1370.0,2.233727678219447e-09,3.206118859218076e-09,8.566303222296744e-08,14289.510140972747,20510.050709708674,547999.999996558,88.69999999999928,70,255,0,0
21.050000000000157,35.72377535265625,51.275126774593744,1370.0,1.4531249803440005e-06,7.629187496149825e-05,0.0,1.4508912526657604e-05,0.0007628866895632479,-8.566303222296621e-07,88.46812499999928,70,255,0,0
21.100000000000158,35.723775425312496,51.2751305891875,1370.0,1.4531249803440005e-06,7.629187507518509e-05,0.0,5.684341886080801e-13,1.1368683772161603e-12,0.0,88.23624999999927,70,255,0,0
21.15000000000016,35.723775497968745,51.275134403781244,1370.0,1.4531250371874194e-06,7.629187507518509e-05,0.0,5.684341886080801e-13,-1.1368683772161603e-12,0.0,88.00437499999927,70,255,0,0
21.20000000000016,35.723775570625,51.275138218375,1370.0,1.4531250371874194e-06,7.629187496149825e-05,0.0,-5.684341886080801e-13,-1.1368683772161603e-12,0.0,87.77249999999927,70,255,0,0
21.25000000000016,35.72377564328125,51.275142032968745,1370.0,1.4531249803440005e-06,7.629187496149825e-05,0.0,-5.684341886080801e-13,0.0,0.0,87.54062499999927,70,255,0,0
21.30000000000016,35.7237757159375,51.2751458475625,1370.0,1.4531249803440005e-06,7.629187496149825e-05,0.0,0.0,0.0,0.0,87.30874999999926,70,255,0,0
21.35000000000016,35.72377578859375,51.275149662156245,1370.0,1.4531249803440005e-06,7.629187496149825e-05,0.0,0.0,1.1368683772161603e-12,0.0,87.07687499999925,70,255,0,0
21.400000000000162,35.72377586125,51.27515347675,1370.0,1.4531249803440005e-06,7.629187507518509e-05,0.0,0.0,1.1368683772161603e-12,0.0,86.84499999999925,70,255,0,0
21.450000000000163,35.723775933906246,51.275157291343746,1370.0,1.4531249803440005e-06,7.629187507518509e-05,0.0,5.684341886080801e-13,-1.1368683772161603e-12,0.0,86.61312499999924,70,255,0,0
21.500000000000163,35.723776006562495,51.2751611059375,1370.0,1.4531250371874194e-06,7.629187496149825e-05,0.0,1.1368683772161603e-12,-1.1368683772161603e-12,0.0,86.38124999999924,70,255,0,0
21.550000000000164,35.72377607921875,51.275164920531246,1370.0,1.4531250940308382e-06,7.629187496149825e-05,0.0,-5.684341886080801e-13,0.0,0.0,86.14937499999924,70,255,0,0
21.600000000000165,35.723776151875,51.275168735125,1370.0,1.4531249803440005e-06,7.629187496149825e-05,0.0,-1.1368683772161603e-12,0.0,0.0,85.91749999999924,70,255,0,0
21.650000000000166,35.72377622453125,51.27517254971875,1370.0,1.4531249803440005e-06,7.629187496149825e-05,0.0,0.0,1.1368683772161603e-12,0.0,85.68562499999923,70,255,0,0
21.700000000000166,35.7237762971875,51.2751763643125,1370.0,1.4531249803440005e-06,7.629187507518509e-05,0.0,0.0,1.1368683772161603e-12,0.0,85.45374999999923,70,255,0,0
21.750000000000167,35.72377636984375,51.27518017890625,1370.0,1.4531249803440005e-06,7.629187507518509e-05,0.0,0.0,-1.1368683772161603e-12,0.0,85.22187499999923,70,255,0,0
21.800000000000168,35.7237764425,51.2751839935,1370.0,1.4531249803440005e-06,7.629187496149825e-05,0.0,5.684341886080801e-13,-1.1368683772161603e-12,0.0,84.98999999999923,70,255,0,0
21.85000000000017,35.723776515156246,51.27518780809375,1370.0,1.4531250371874194e-06,7.629187496149825e-05,0.0,5.684341886080801e-13,1.1368683772161603e-12,0.0,84.75812499999923,70,255,0,0
21.90000000000017,35.7237765878125,51.275191622687494,1370.0,1.4531250371874194e-06,7.629187507518509e-05,0.0,-5.684341886080801e-13,0.0,0.0,84.52624999999922,70,255,0,0
21.95000000000017,35.72377666046875,51.27519543728125,1370.0,1.4531249803440005e-06,7.629187496149825e-05,0.0,-5.684341886080801e-13,-1.1368683772161603e-12,0.0,84.29437499999922,70,255,0,0
22.00000000000017,35.723776733125,51.275199251874994,1370.0,1.4531249803440005e-06,7.629187496149825e-05,0.0,0.0,0.0,0.0,84.06249999999922,70,255,0,0
22.05000000000017,35.72377680578125,51.27520306646875,1370.0,1.4531249803440005e-06,7.629187496149825e-05,0.0,0.0,0.0,0.0,83.8306249999992,70,255,0,0
22.100000000000172,35.7237768784375,51.275206881062495,1370.0,1.4531249803440005e-06,7.629187496149825e-05,0.0,0.0,1.1368683772161603e-12,0.0,83.5987499999992,70,255,0,0
22.150000000000173,35.72377695109375,51.27521069565625,1370.0,1.4531249803440005e-06,7.629187507518509e-05,0.0,1.1368683772161603e-12,1.1368683772161603e-12,0.0,83.3668749999992,70,255,0,0
22.200000000000173,35.723777023749996,51.275214510249995,1370.0,1.4531250940308382e-06,7.629187507518509e-05,0.0,5.684341886080801e-13,-1.1368683772161603e-12,0.0,83.1349999999992,70,255,0,0
22.250000000000174,35.72377709640625,51.27521832484375,1370.0,1.4531250371874194e-06,7.629187496149825e-05,0.0,-1.1368683772161603e-12,-1.1368683772161603e-12,0.0,82.90312499999919,70,255,0,0
22.300000000000175,35.7237771690625,51.275222139437496,1370.0,1.4531249803440005e-06,7.629187496149825e-05,0.0,-5.684341886080801e-13,0.0,0.0,82.67124999999919,70,255,0,0
22.350000000000176,35.72377724171875,51.27522595403125,1370.0,1.4531249803440005e-06,7.629187496149825e-05,0.0,0.0,0.0,0.0,82.43937499999919,70,255,0,0
22.400000000000176,35.723777314375,51.275229768624996,1370.0,1.4531249803440005e-06,7.629187496149825e-05,0.0,0.0,1.1368683772161603e-12,0.0,82.20749999999919,70,255,0,0
22.450000000000177,35.72377738703125,51.27523358321875,1370.0,1.4531249803440005e-06,7.629187507518509e-05,0.0,0.0,1.1368683772161603e-12,0.0,81.97562499999918,70,255,0,0
22.500000000000178,35.7237774596875,51.2752373978125,1370.0,1.4531249803440005e-06,7.629187507518509e-05,0.0,5.684341886080801e-13,-1.1368683772161603e-12,0.0,81.74374999999918,70,255,0,0
22.55000000000018,35.723777532343746,51.27524121240625,1370.0,1.4531250371874194e-06,7.629187496149825e-05,0.0,5.684341886080801e-13,-1.1368683772161603e-12,0.0,81.51187499999918,70,255,0,0
22.60000000000018,35.723777605,51.275245027,1370.0,1.4531250371874194e-06,7.629187496149825e-05,0.0,-5.684341886080801e-13,1.1368683772161603e-12,0.0,81.27999999999918,70,255,0,0
22.65000000000018,35.72377767765625,51.27524884159375,1370.0,1.4531249803440005e-06,7.629187507518509e-05,0.0,-5.684341886080801e-13,1.1368683772161603e-12,0.0,81.04812499999917,70,255,0,0
22.70000000000018,35.7237777503125,51.2752526561875,1370.0,1.4531249803440005e-06,7.629187507518509e-05,0.0,0.0,-1.1368683772161603e-12,0.0,80.81624999999917,70,255,0,0
22.75000000000018,35.72377782296875,51.27525647078125,1370.0,1.4531249803440005e-06,7.629187496149825e-05,0.0,0.0,-2.2737367544323206e-12,0.0,80.58437499999917,70,255,0,0
22.800000000000182,35.723777895625,51.275260285375,1370.0,1.4531249803440005e-06,7.629187484781141e-05,0.0,0.0,0.0,0.0,80.35249999999915,70,255,0,0
22.850000000000183,35.72377796828125,51.275264099968744,1370.0,1.4531249803440005e-06,7.629187496149825e-05,0.0,0.0,2.2737367544323206e-12,0.0,80.12062499999915,70,255,0,0
22.900000000000183,35.723778040937496,51.2752679145625,1370.0,1.4531249803440005e-06,7.629187507518509e-05,0.0,1.1368683772161603e-12,1.1368683772161603e-12,0.0,79.88874999999915,70,255,0,0
22.950000000000184,35.723778113593745,51.275271729156245,1370.0,1.4531250940308382e-06,7.629187507518509e-05,0.0,5.684341886080801e-13,-1.1368683772161603e-12,0.0,79.65687499999915,70,255,0,0
23.000000000000185,35.72377818625,51.27527554375,1370.0,1.4531250371874194e-06,7.629187496149825e-05,0.0,-1.1368683772161603e-12,-1.1368683772161603e-12,0.0,79.42499999999914,70,255,0,0
23.050000000000185,35.72377825890625,51.275279358343745,1370.0,1.4531249803440005e-06,7.629187496149825e-05,0.0,-5.684341886080801e-13,0.0,0.0,79.19312499999914,70,255,0,0
23.100000000000186,35.7237783315625,51.2752831729375,1370.0,1.4531249803440005e-06,7.629187496149825e-05,0.0,0.0,0.0,0.0,78.96124999999914,70,255,0,0
23.150000000000187,35.72377840421875,51.275286987531246,1370.0,1.4531249803440005e-06,7.629187496149825e-05,0.0,0.0,1.1368683772161603e-12,0.0,78.72937499999914,70,255,0,0
23.200000000000188,35.723778476875,51.275290802125,1370.0,1.4531249803440005e-06,7.629187507518509e-05,0.0,0.0,1.1368683772161603e-12,0.0,78.49749999999914,70,255,0,0
23.25000000000019,35.72377854953125,51.275294616718746,1370.0,1.4531249803440005e-06,7.629187507518509e-05,0.0,5.684341886080801e-13,-1.1368683772161603e-12,0.0,78.26562499999913,70,255,0,0
23.30000000000019,35.723778622187496,51.2752984313125,1370.0,1.4531250371874194e-06,7.629187496149825e-05,0.0,5.684341886080801e-13,-1.1368683772161603e-12,0.0,78.03374999999913,70,255,0,0
23.35000000000019,35.72377869484375,51.275302245906246,1370.0,1.4531250371874194e-06,7.629187496149825e-05,0.0,-5.684341886080801e-13,1.1368683772161603e-12,0.0,77.80187499999913,70,255,0,0
23.40000000000019,35.7237787675,51.2753060605,1370.0,1.4531249803440005e-06,7.629187507518509e-05,0.0,-5.684341886080801e-13,1.1368683772161603e-12,0.0,77.56999999999911,70,255,0,0
23.45000000000019,35.72377884015625,51.27530987509375,1370.0,1.4531249803440005e-06,7.629187507518509e-05,0.0,0.0,-1.1368683772161603e-12,0.0,77.33812499999911,70,255,0,0
23.500000000000192,35.7237789128125,51.2753136896875,1370.0,1.4531249803440005e-06,7.629187496149825e-05,0.0,0.0,-1.1368683772161603e-12,0.0,77.10624999999911,70,255,0,0
23.550000000000193,35.72377898546875,51.27531750428125,1370.0,1.4531249803440005e-06,7.629187496149825e-05,0.0,0.0,0.0,0.0,76.8743749999991,70,255,0,0
23.600000000000193,35.723779058125,51.275321318875,1370.0,1.4531249803440005e-06,7.629187496149825e-05,0.0,5.684341886080801e-13,0.0,0.0,76.6424999999991,70,255,0,0
23.650000000000194,35.723779130781246,51.27532513346875,1370.0,1.4531250371874194e-06,7.629187496149825e-05,0.0,1.1368683772161603e-12,1.1368683772161603e-12,0.0,76.4106249999991,70,255,0,0
23.700000000000195,35.7237792034375,51.275328948062494,1370.0,1.4531250940308382e-06,7.629187507518509e-05,0.0,-5.684341886080801e-13,0.0,0.0,76.1787499999991,70,255,0,0
23.750000000000195,35.72377927609375,51.27533276265625,1370.0,1.4531249803440005e-06,7.629187496149825e-05,0.0,-1.1368683772161603e-12,-1.1368683772161603e-12,0.0,75.9468749999991,70,255,0,0
23.800000000000196,35.72377934875,51.275336577249995,1370.0,1.4531249803440005e-06,7.629187496149825e-05,0.0,0.0,0.0,0.0,75.7149999999991,70,255,0,0
23.850000000000197,35.72377942140625,51.27534039184375,1370.0,1.4531249803440005e-06,7.629187496149825e-05,0.0,0.0,0.0,0.0,75.48312499999909,70,255,0,0
23.900000000000198,35.7237794940625,51.275344206437495,1370.0,1.4531249803440005e-06,7.629187496149825e-05,0.0,0.0,1.1368683772161603e-12,0.0,75.25124999999909,70,255,0,0
23.9500000000002,35.72377956671875,51.27534802103125,1370.0,1.4531249803440005e-06,7.629187507518509e-05,0.0,5.684341886080801e-13,1.1368683772161603e-12,0.0,75.01937499999909,70,255,0,0
24.0000000000002,35.723779639374996,51.275351835624996,1370.0,1.4531250371874194e-06,7.629187507518509e-05,0.0,5.684341886080801e-13,-1.1368683772161603e-12,0.0,74.78749999999908,70,255,0,0
24.0500000000002,35.72377971203125,51.27535565021875,1370.0,1.4531250371874194e-06,7.629187496149825e-05,0.0,-5.684341886080801e-13,-1.1368683772161603e-12,0.0,74.55562499999908,70,255,0,0
24.1000000000002,35.7237797846875,51.275359464812496,1370.0,1.4531249803440005e-06,7.629187496149825e-05,0.0,-5.684341886080801e-13,1.1368683772161603e-12,0.0,74.32374999999908,70,255,0,0
24.1500000000002,35.72377985734375,51.27536327940625,1370.0,1.4531249803440005e-06,7.629187507518509e-05,0.0,0.0,1.1368683772161603e-12,0.0,74.09187499999906,70,255,0,0
24.200000000000202,35.72377993,51.275367093999996,1370.0,1.4531249803440005e-06,7.629187507518509e-05,0.0,0.0,-1.1368683772161603e-12,0.0,73.85999999999906,70,255,0,0
24.250000000000203,35.72378000265625,51.27537090859375,1370.0,1.4531249803440005e-06,7.629187496149825e-05,0.0,0.0,-1.1368683772161603e-12,0.0,73.62812499999906,70,255,0,0
24.300000000000203,35.7237800753125,51.2753747231875,1370.0,1.4531249803440005e-06,7.629187496149825e-05,0.0,1.1368683772161603e-12,0.0,0.0,73.39624999999906,70,255,0,0
24.350000000000204,35.723780147968746,51.27537853778125,1370.0,1.4531250940308382e-06,7.629187496149825e-05,0.0,5.684341886080801e-13,0.0,0.0,73.16437499999905,70,255,0,0
24.400000000000205,35.723780220625,51.275382352375,1370.0,1.4531250371874194e-06,7.629187496149825e-05,0.0,-1.1368683772161603e-12,1.1368683772161603e-12,0.0,72.93249999999905,70,255,0,0
24.450000000000205,35.72378029328125,51.27538616696875,1370.0,1.4531249803440005e-06,7.629187507518509e-05,0.0,-5.684341886080801e-13,1.1368683772161603e-12,0.0,72.70062499999905,70,255,0,0
24.500000000000206,35.7237803659375,51.2753899815625,1370.0,1.4531249803440005e-06,7.629187507518509e-05,0.0,0.0,-1.1368683772161603e-12,0.0,72.46874999999905,70,255,0,0
24.550000000000207,35.72378043859375,51.27539379615625,1370.0,1.4531249803440005e-06,7.629187496149825e-05,0.0,0.0,-2.2737367544323206e-12,0.0,72.23687499999905,70,255,0,0
24.600000000000207,35.72378051125,51.27539761075,1370.0,1.4531249803440005e-06,7.629187484781141e-05,0.0,0.0,0.0,0.0,72.00499999999904,70,255,0,0
24.650000000000208,35.72378058390625,51.275401425343745,1370.0,1.4531249803440005e-06,7.629187496149825e-05,0.0,5.684341886080801e-13,2.2737367544323206e-12,0.0,71.77312499999904,70,255,0,0
24.70000000000021,35.7237806565625,51.2754052399375,1370.0,1.4531250371874194e-06,7.629187507518509e-05,0.0,5.684341886080801e-13,1.1368683772161603e-12,0.0,71.54124999999902,70,255,0,0
24.75000000000021,35.72378072921875,51.275409054531245,1370.0,1.4531250371874194e-06,7.629187507518509e-05,0.0,-5.684341886080801e-13,-1.1368683772161603e-12,0.0,71.30937499999902,70,255,0,0
24.80000000000021,35.723780801875,51.275412869125,1370.0,1.4531249803440005e-06,7.629187496149825e-05,0.0,-5.684341886080801e-13,-1.1368683772161603e-12,0.0,71.07749999999902,70,255,0,0
24.85000000000021,35.72378087453125,51.275416683718746,1370.0,1.4531249803440005e-06,7.629187496149825e-05,0.0,0.0,1.1368683772161603e-12,0.0,70.84562499999902,70,255,0,0
24.90000000000021,35.7237809471875,51.2754204983125,1370.0,1.4531249803440005e-06,7.629187507518509e-05,0.0,0.0,1.1368683772161603e-12,0.0,70.61374999999902,70,255,0,0
24.950000000000212,35.72378101984375,51.275424312906246,1370.0,1.4531249803440005e-06,7.629187507518509e-05,0.0,0.0,-1.1368683772161603e-12,0.0,70.38187499999901,70,255,0,0
25.000000000000213,35.7237810925,51.2754281275,1370.0,1.4531249803440005e-06,7.629187496149825e-05,0.0,5.684341886080801e-13,-1.1368683772161603e-12,0.0,70.14999999999901,70,255,0,0
25.050000000000214,35.72378116515625,51.275431942093746,1370.0,1.4531250371874194e-06,7.629187496149825e-05,0.0,1.1368683772161603e-12,0.0,0.0,69.91812499999901,70,255,0,0
25.100000000000215,35.7237812378125,51.2754357566875,1370.0,1.4531250940308382e-06,7.629187496149825e-05,0.0,-5.684341886080801e-13,0.0,0.0,69.686249999999,70,255,0,0
25.150000000000215,35.72378131046875,51.27543957128125,1370.0,1.4531249803440005e-06,7.629187496149825e-05,0.0,-1.1368683772161603e-12,1.1368683772161603e-12,0.0,69.454374999999,70,255,0,0
25.200000000000216,35.723781383125,51.275443385875,1370.0,1.4531249803440005e-06,7.629187507518509e-05,0.0,0.0,1.1368683772161603e-12,0.0,69.222499999999,70,255,0,0
25.250000000000217,35.72378145578125,51.27544720046875,1370.0,1.4531249803440005e-06,7.629187507518509e-05,0.0,0.0,-1.1368683772161603e-12,0.0,68.990624999999,70,255,0,0
25.300000000000217,35.7237815284375,51.2754510150625,1370.0,1.4531249803440005e-06,7.629187496149825e-05,0.0,0.0,-1.1368683772161603e-12,0.0,68.758749999999,70,255,0,0
25.350000000000218,35.72378160109375,51.27545482965625,1370.0,1.4531249803440005e-06,7.629187496149825e-05,0.0,5.684341886080801e-13,0.0,0.0,68.526874999999,70,255,0,0
25.40000000000022,35.72378167375,51.27545864425,1370.0,1.4531250371874194e-06,7.629187496149825e-05,0.0,5.684341886080801e-13,0.0,0.0,68.29499999999899,70,255,0,0
25.45000000000022,35.72378174640625,51.27546245884375,1370.0,1.4531250371874194e-06,7.629187496149825e-05,0.0,-5.684341886080801e-13,1.1368683772161603e-12,0.0,68.06312499999899,70,255,0,0
25.50000000000022,35.7237818190625,51.275466273437495,1370.0,1.4531249803440005e-06,7.629187507518509e-05,0.0,-5.684341886080801e-13,0.0,0.0,67.83124999999899,70,255,0,0
25.55000000000022,35.72378189171875,51.27547008803125,1370.0,1.4531249803440005e-06,7.629187496149825e-05,0.0,0.0,-1.1368683772161603e-12,0.0,67.59937499999899,70,255,0,0
25.60000000000022,35.723781964375,51.275473902624995,1370.0,1.4531249803440005e-06,7.629187496149825e-05,0.0,0.0,1.1368683772161603e-12,0.0,67.36749999999897,70,255,0,0
25.650000000000222,35.72378203703125,51.27547771721875,1370.0,1.4531249803440005e-06,7.629187507518509e-05,0.0,0.0,1.1368683772161603e-12,0.0,67.13562499999897,70,255,0,0
25.700000000000223,35.7237821096875,51.275481531812495,1370.0,1.4531249803440005e-06,7.629187507518509e-05,0.0,1.1368683772161603e-12,-1.1368683772161603e-12,0.0,66.90374999999896,70,255,0,0
25.750000000000224,35.72378218234375,51.27548534640625,1370.0,1.4531250940308382e-06,7.629187496149825e-05,0.0,5.684341886080801e-13,-1.1368683772161603e-12,0.0,66.67187499999896,70,255,0,0
25.800000000000225,35.723782255,51.275489160999996,1370.0,1.4531250371874194e-06,7.629187496149825e-05,0.0,-1.1368683772161603e-12,0.0,0.0,66.43999999999896,70,255,0,0
25.850000000000225,35.72378232765625,51.27549297559375,1370.0,1.4531249803440005e-06,7.629187496149825e-05,0.0,-5.684341886080801e-13,0.0,0.0,66.20812499999896,70,255,0,0
25.900000000000226,35.7237824003125,51.275496790187496,1370.0,1.4531249803440005e-06,7.629187496149825e-05,0.0,0.0,1.1368683772161603e-12,0.0,65.97624999999896,70,255,0,0
25.950000000000227,35.72378247296875,51.27550060478125,1370.0,1.4531249803440005e-06,7.629187507518509e-05,0.0,0.0,1.1368683772161603e-12,0.0,65.74437499999895,70,255,0,0
26.000000000000227,35.723782545625,51.275504419375,1370.0,1.4531249803440005e-06,7.629187507518509e-05,0.0,0.0,-1.1368683772161603e-12,0.0,65.51249999999895,70,255,0,0
26.050000000000228,35.72378261828125,51.27550823396875,1370.0,1.4531249803440005e-06,7.629187496149825e-05,0.0,0.0,-1.1368683772161603e-12,0.0,65.28062499999895,70,255,0,0
26.10000000000023,35.7237826909375,51.2755120485625,1370.0,1.4531249803440005e-06,7.629187496149825e-05,0.0,5.684341886080801e-13,0.0,0.0,65.04874999999893,70,255,0,0
26.15000000000023,35.723782763593746,51.27551586315625,1370.0,1.4531250371874194e-06,7.629187496149825e-05,0.0,5.684341886080801e-13,0.0,0.0,64.81687499999893,70,255,0,0
26.20000000000023,35.72378283625,51.27551967775,1370.0,1.4531250371874194e-06,7.629187496149825e-05,0.0,-5.684341886080801e-13,1.1368683772161603e-12,0.0,64.58499999999893,70,255,0,0
26.25000000000023,35.72378290890625,51.27552349234375,1370.0,1.4531249803440005e-06,7.629187507518509e-05,0.0,-5.684341886080801e-13,0.0,0.0,64.35312499999893,70,255,0,0
26.30000000000023,35.7237829815625,51.2755273069375,1370.0,1.4531249803440005e-06,7.629187496149825e-05,0.0,0.0,-1.1368683772161603e-12,0.0,64.12124999999892,70,255,0,0
26.350000000000232,35.72378305421875,51.275531121531245,1370.0,1.4531249803440005e-06,7.629187496149825e-05,0.0,0.0,1.1368683772161603e-12,0.0,63.88937499999892,70,255,0,0
26.400000000000233,35.723783126875,51.275534936125,1370.0,1.4531249803440005e-06,7.629187507518509e-05,0.0,0.0,1.1368683772161603e-12,0.0,63.65749999999892,70,255,0,0
26.450000000000234,35.72378319953125,51.275538750718745,1370.0,1.4531249803440005e-06,7.629187507518509e-05,0.0,1.1368683772161603e-12,-1.1368683772161603e-12,0.0,63.42562499999892,70,255,0,0
26.500000000000234,35.7237832721875,51.2755425653125,1370.0,1.4531250940308382e-06,7.629187496149825e-05,0.0,5.684341886080801e-13,-1.1368683772161603e-12,0.0,63.193749999998914,70,255,0,0
26.550000000000235,35.72378334484375,51.275546379906245,1370.0,1.4531250371874194e-06,7.629187496149825e-05,0.0,-1.1368683772161603e-12,0.0,0.0,62.96187499999891,70,255,0,0
26.600000000000236,35.7237834175,51.2755501945,1370.0,1.4531249803440005e-06,7.629187496149825e-05,0.0,-5.684341886080801e-13,0.0,0.0,62.72999999999891,70,255,0,0
26.650000000000237,35.72378349015625,51.275554009093746,1370.0,1.4531249803440005e-06,7.629187496149825e-05,0.0,0.0,1.1368683772161603e-12,0.0,62.49812499999891,70,255,0,0
26.700000000000237,35.7237835628125,51.2755578236875,1370.0,1.4531249803440005e-06,7.629187507518509e-05,0.0,0.0,1.1368683772161603e-12,0.0,62.266249999998905,70,255,0,0
26.750000000000238,35.72378363546875,51.275561638281246,1370.0,1.4531249803440005e-06,7.629187507518509e-05,0.0,0.0,-1.1368683772161603e-12,0.0,62.0343749999989,70,255,0,0
26.80000000000024,35.723783708125,51.275565452875,1370.0,1.4531249803440005e-06,7.629187496149825e-05,0.0,5.684341886080801e-13,-1.1368683772161603e-12,0.0,61.80249999999889,70,255,0,0
26.85000000000024,35.72378378078125,51.27556926746875,1370.0,1.4531250371874194e-06,7.629187496149825e-05,0.0,5.684341886080801e-13,0.0,0.0,61.57062499999889,70,255,0,0
26.90000000000024,35.7237838534375,51.2755730820625,1370.0,1.4531250371874194e-06,7.629187496149825e-05,0.0,-5.684341886080801e-13,0.0,0.0,61.33874999999889,70,255,0,0
26.95000000000024,35.72378392609375,51.27557689665625,1370.0,1.4531249803440005e-06,7.629187496149825e-05,0.0,-5.684341886080801e-13,1.1368683772161603e-12,0.0,61.10687499999888,70,255,0,0
27.00000000000024,35.72378399875,51.27558071125,1370.0,1.4531249803440005e-06,7.629187507518509e-05,0.0,0.0,1.1368683772161603e-12,0.0,60.87499999999888,70,255,0,0
27.050000000000242,35.72378407140625,51.27558452584375,1370.0,1.4531249803440005e-06,7.629187507518509e-05,0.0,0.0,-1.1368683772161603e-12,0.0,60.643124999998875,70,255,0,0
27.100000000000243,35.7237841440625,51.2755883404375,1370.0,1.4531249803440005e-06,7.629187496149825e-05,0.0,0.0,-1.1368683772161603e-12,0.0,60.41124999999887,70,255,0,0
27.150000000000244,35.72378421671875,51.27559215503125,1370.0,1.4531249803440005e-06,7.629187496149825e-05,0.0,5.684341886080801e-13,1.1368683772161603e-12,0.0,60.17937499999887,70,255,0,0
27.200000000000244,35.723784289375,51.275595969625,1370.0,1.4531250371874194e-06,7.629187507518509e-05,0.0,1.1368683772161603e-12,0.0,0.0,59.94749999999887,70,255,0,0
27.250000000000245,35.72378436203125,51.27559978421875,1370.0,1.4531250940308382e-06,7.629187496149825e-05,0.0,-5.684341886080801e-13,-1.1368683772161603e-12,0.0,59.715624999998866,70,255,0,0
27.300000000000246,35.7237844346875,51.275603598812495,1370.0,1.4531249803440005e-06,7.629187496149825e-05,0.0,-1.1368683772161603e-12,0.0,0.0,59.483749999998864,70,255,0,0
27.350000000000247,35.72378450734375,51.27560741340625,1370.0,1.4531249803440005e-06,7.629187496149825e-05,0.0,0.0,0.0,0.0,59.25187499999886,70,255,0,0
27.400000000000247,35.72378458,51.275611227999995,1370.0,1.4531249803440005e-06,7.629187496149825e-05,0.0,0.0,1.1368683772161603e-12,0.0,59.01999999999886,70,255,0,0
27.450000000000248,35.72378465265625,51.27561504259375,1370.0,1.4531249803440005e-06,7.629187507518509e-05,0.0,0.0,1.1368683772161603e-12,0.0,58.78812499999886,70,255,0,0
27.50000000000025,35.7237847253125,51.275618857187496,1370.0,1.4531249803440005e-06,7.629187507518509e-05,0.0,5.684341886080801e-13,-1.1368683772161603e-12,0.0,58.55624999999885,70,255,0,0
27.55000000000025,35.72378479796875,51.27562267178125,1370.0,1.4531250371874194e-06,7.629187496149825e-05,0.0,5.684341886080801e-13,-1.1368683772161603e-12,0.0,58.324374999998845,70,255,0,0
27.60000000000025,35.723784870625,51.275626486374996,1370.0,1.4531250371874194e-06,7.629187496149825e-05,0.0,-5.684341886080801e-13,0.0,0.0,58.09249999999884,70,255,0,0
27.65000000000025,35.72378494328125,51.27563030096875,1370.0,1.4531249803440005e-06,7.629187496149825e-05,0.0,-5.684341886080801e-13,0.0,0.0,57.860624999998834,70,255,0,0
27.70000000000025,35.7237850159375,51.2756341155625,1370.0,1.4531249803440005e-06,7.629187496149825e-05,0.0,0.0,1.1368683772161603e-12,0.0,57.62874999999883,70,255,0,0
27.750000000000252,35.72378508859375,51.27563793015625,1370.0,1.4531249803440005e-06,7.629187507518509e-05,0.0,0.0,1.1368683772161603e-12,0.0,57.39687499999883,70,255,0,0
27.800000000000253,35.72378516125,51.27564174475,1370.0,1.4531249803440005e-06,7.629187507518509e-05,0.0,0.0,-1.1368683772161603e-12,0.0,57.16499999999883,70,255,0,0
27.850000000000254,35.72378523390625,51.27564555934375,1370.0,1.4531249803440005e-06,7.629187496149825e-05,0.0,1.1368683772161603e-12,-1.1368683772161603e-12,0.0,56.933124999998824,70,255,0,0
27.900000000000254,35.7237853065625,51.2756493739375,1370.0,1.4531250940308382e-06,7.629187496149825e-05,0.0,5.684341886080801e-13,1.1368683772161603e-12,0.0,56.70124999999882,70,255,0,0
27.950000000000255,35.723785379218754,51.27565318853125,1370.0,1.4531250371874194e-06,7.629187507518509e-05,0.0,-1.1368683772161603e-12,1.1368683772161603e-12,0.0,56.46937499999882,70,255,0,0
28.000000000000256,35.723785451875,51.275657003125,1370.0,1.4531249803440005e-06,7.629187507518509e-05,0.0,-5.684341886080801e-13,-1.1368683772161603e-12,0.0,56.23749999999882,70,255,0,0
28.050000000000257,35.72378552453125,51.27566081771875,1370.0,1.4531249803440005e-06,7.629187496149825e-05,0.0,0.0,-2.2737367544323206e-12,0.0,56.005624999998815,70,255,0,0
28.100000000000257,35.7237855971875,51.2756646323125,1370.0,1.4531249803440005e-06,7.629187484781141e-05,0.0,0.0,0.0,0.0,55.773749999998806,70,255,0,0
28.150000000000258,35.72378566984375,51.275668446906245,1370.0,1.4531249803440005e-06,7.629187496149825e-05,0.0,0.0,2.2737367544323206e-12,0.0,55.541874999998804,70,255,0,0
28.20000000000026,35.7237857425,51.2756722615,1370.0,1.4531249803440005e-06,7.629187507518509e-05,0.0,5.684341886080801e-13,1.1368683772161603e-12,0.0,55.3099999999988,70,255,0,0
28.25000000000026,35.72378581515625,51.275676076093745,1370.0,1.4531250371874194e-06,7.629187507518509e-05,0.0,5.684341886080801e-13,-1.1368683772161603e-12,0.0,55.0781249999988,70,255,0,0
28.30000000000026,35.723785887812504,51.2756798906875,1370.0,1.4531250371874194e-06,7.629187496149825e-05,0.0,-5.684341886080801e-13,-1.1368683772161603e-12,0.0,54.8462499999988,70,255,0,0
28.35000000000026,35.72378596046875,51.275683705281246,1370.0,1.4531249803440005e-06,7.629187496149825e-05,0.0,-5.684341886080801e-13,0.0,0.0,54.614374999998795,70,255,0,0
28.40000000000026,35.723786033125,51.275687519875,1370.0,1.4531249803440005e-06,7.629187496149825e-05,0.0,0.0,0.0,0.0,54.38249999999879,70,255,0,0
28.450000000000262,35.72378610578125,51.275691334468746,1370.0,1.4531249803440005e-06,7.629187496149825e-05,0.0,0.0,1.1368683772161603e-12,0.0,54.15062499999878,70,255,0,0
28.500000000000263,35.7237861784375,51.2756951490625,1370.0,1.4531249803440005e-06,7.629187507518509e-05,0.0,0.0,1.1368683772161603e-12,0.0,53.91874999999878,70,255,0,0
28.550000000000264,35.72378625109375,51.27569896365625,1370.0,1.4531249803440005e-06,7.629187507518509e-05,0.0,5.684341886080801e-13,-1.1368683772161603e-12,0.0,53.68687499999878,70,255,0,0
28.600000000000264,35.72378632375,51.27570277825,1370.0,1.4531250371874194e-06,7.629187496149825e-05,0.0,1.1368683772161603e-12,-1.1368683772161603e-12,0.0,53.454999999998776,70,255,0,0
28.650000000000265,35.723786396406254,51.27570659284375,1370.0,1.4531250940308382e-06,7.629187496149825e-05,0.0,-5.684341886080801e-13,1.1368683772161603e-12,0.0,53.223124999998774,70,255,0,0
28.700000000000266,35.7237864690625,51.2757104074375,1370.0,1.4531249803440005e-06,7.629187507518509e-05,0.0,-1.1368683772161603e-12,1.1368683772161603e-12,0.0,52.99124999999877,70,255,0,0
28.750000000000266,35.72378654171875,51.27571422203125,1370.0,1.4531249803440005e-06,7.629187507518509e-05,0.0,0.0,-1.1368683772161603e-12,0.0,52.75937499999876,70,255,0,0
28.800000000000267,35.723786614375,51.275718036625,1370.0,1.4531249803440005e-06,7.629187496149825e-05,0.0,0.0,-1.1368683772161603e-12,0.0,52.52749999999876,70,255,0,0
28.850000000000268,35.72378668703125,51.27572185121875,1370.0,1.4531249803440005e-06,7.629187496149825e-05,0.0,0.0,0.0,0.0,52.29562499999876,70,255,0,0
28.90000000000027,35.7237867596875,51.2757256658125,1370.0,1.4531249803440005e-06,7.629187496149825e-05,0.0,5.684341886080801e-13,0.0,0.0,52.063749999998755,70,255,0,0
28.95000000000027,35.72378683234375,51.27572948040625,1370.0,1.4531250371874194e-06,7.629187496149825e-05,0.0,5.684341886080801e-13,1.1368683772161603e-12,0.0,51.83187499999875,70,255,0,0
29.00000000000027,35.723786905000004,51.275733295,1370.0,1.4531250371874194e-06,7.629187507518509e-05,0.0,-5.684341886080801e-13,0.0,0.0,51.59999999999875,70,255,0,0
29.05000000000027,35.72378697765625,51.27573710959375,1370.0,1.4531249803440005e-06,7.629187496149825e-05,0.0,-5.684341886080801e-13,-1.1368683772161603e-12,0.0,51.36812499999875,70,255,0,0
29.10000000000027,35.7237870503125,51.275740924187495,1370.0,1.4531249803440005e-06,7.629187496149825e-05,0.0,0.0,0.0,0.0,51.13624999999874,70,255,0,0
29.150000000000272,35.72378712296875,51.27574473878125,1370.0,1.4531249803440005e-06,7.629187496149825e-05,0.0,0.0,0.0,0.0,50.90437499999874,70,255,0,0
29.200000000000273,35.723787195625,51.275748553374996,1370.0,1.4531249803440005e-06,7.629187496149825e-05,0.0,0.0,1.1368683772161603e-12,0.0,50.672499999998735,70,255,0,0
29.250000000000274,35.72378726828125,51.27575236796875,1370.0,1.4531249803440005e-06,7.629187507518509e-05,0.0,0.0,1.1368683772161603e-12,0.0,50.44062499999873,70,255,0,0
29.300000000000274,35.7237873409375,51.275756182562496,1370.0,1.4531249803440005e-06,7.629187507518509e-05,0.0,5.684341886080801e-13,-1.1368683772161603e-12,0.0,50.20874999999873,70,255,0,0
29.350000000000275,35.72378741359375,51.27575999715625,1370.0,1.4531250371874194e-06,7.629187496149825e-05,0.0,1.1368683772161603e-12,-1.1368683772161603e-12,0.0,49.97687499999873,70,255,0,0
29.400000000000276,35.723787486250004,51.27576381175,1370.0,1.4531250940308382e-06,7.629187496149825e-05,0.0,-5.684341886080801e-13,1.1368683772161603e-12,0.0,49.744999999998726,70,255,0,0
29.450000000000276,35.72378755890625,51.27576762634375,1370.0,1.4531249803440005e-06,7.629187507518509e-05,0.0,-1.1368683772161603e-12,1.1368683772161603e-12,0.0,49.513124999998716,70,255,0,0
29.500000000000277,35.7237876315625,51.2757714409375,1370.0,1.4531249803440005e-06,7.629187507518509e-05,0.0,0.0,-1.1368683772161603e-12,0.0,49.281249999998714,70,255,0,0
29.550000000000278,35.72378770421875,51.27577525553125,1370.0,1.4531249803440005e-06,7.629187496149825e-05,0.0,0.0,-1.1368683772161603e-12,0.0,49.04937499999871,70,255,0,0
29.60000000000028,35.723787776875,51.275779070125,1370.0,1.4531249803440005e-06,7.629187496149825e-05,0.0,0.0,0.0,0.0,48.81749999999871,70,255,0,0
29.65000000000028,35.72378784953125,51.27578288471875,1370.0,1.4531249803440005e-06,7.629187496149825e-05,0.0,5.684341886080801e-13,0.0,0.0,48.58562499999871,70,255,0,0
29.70000000000028,35.7237879221875,51.2757866993125,1370.0,1.4531250371874194e-06,7.629187496149825e-05,0.0,5.684341886080801e-13,1.1368683772161603e-12,0.0,48.353749999998705,70,255,0,0
29.75000000000028,35.723787994843754,51.27579051390625,1370.0,1.4531250371874194e-06,7.629187507518509e-05,0.0,-5.684341886080801e-13,1.1368683772161603e-12,0.0,48.1218749999987,70,255,0,0
29.80000000000028,35.7237880675,51.2757943285,1370.0,1.4531249803440005e-06,7.629187507518509e-05,0.0,-5.684341886080801e-13,-1.1368683772161603e-12,0.0,47.88999999999869,70,255,0,0
29.850000000000282,35.72378814015625,51.27579814309375,1370.0,1.4531249803440005e-06,7.629187496149825e-05,0.0,0.0,-2.2737367544323206e-12,0.0,47.65812499999869,70,255,0,0
29.900000000000283,35.7237882128125,51.2758019576875,1370.0,1.4531249803440005e-06,7.629187484781141e-05,0.0,0.0,0.0,0.0,47.42624999999869,70,255,0,0
29.950000000000284,35.72378828546875,51.275805772281245,1370.0,1.4531249803440005e-06,7.629187496149825e-05,0.0,0.0,2.2737367544323206e-12,0.0,47.194374999998686,70,255,0,0
30.000000000000284,35.723788358125,51.275809586875,1370.0,1.4531249803440005e-06,7.629187507518509e-05,0.0,1.1368683772161603e-12,1.1368683772161603e-12,0.0,46.962499999998684,70,255,0,0
30.050000000000285,35.72378843078125,51.275813401468746,1370.0,1.4531250940308382e-06,7.629187507518509e-05,0.0,5.684341886080801e-13,-1.1368683772161603e-12,0.0,46.73062499999868,70,255,0,0
30.100000000000286,35.723788503437504,51.2758172160625,1370.0,1.4531250371874194e-06,7.629187496149825e-05,0.0,-1.1368683772161603e-12,-1.1368683772161603e-12,0.0,46.49874999999868,70,255,0,0
30.150000000000286,35.72378857609375,51.275821030656246,1370.0,1.4531249803440005e-06,7.629187496149825e-05,0.0,-5.684341886080801e-13,1.1368683772161603e-12,0.0,46.26687499999867,70,255,0,0
30.200000000000287,35.72378864875,51.27582484525,1370.0,1.4531249803440005e-06,7.629187507518509e-05,0.0,0.0,1.1368683772161603e-12,0.0,46.03499999999867,70,255,0,0
30.250000000000288,35.72378872140625,51.27582865984375,1370.0,1.4531249803440005e-06,7.629187507518509e-05,0.0,0.0,-1.1368683772161603e-12,0.0,45.803124999998666,70,255,0,0
30.30000000000029,35.7237887940625,51.2758324744375,1370.0,1.4531249803440005e-06,7.629187496149825e-05,0.0,0.0,-1.1368683772161603e-12,0.0,45.57124999999866,70,255,0,0
30.35000000000029,35.72378886671875,51.27583628903125,1370.0,1.4531249803440005e-06,7.629187496149825e-05,0.0,5.684341886080801e-13,0.0,0.0,45.33937499999866,70,255,0,0
30.40000000000029,35.723788939375,51.275840103625,1370.0,1.4531250371874194e-06,7.629187496149825e-05,0.0,5.684341886080801e-13,0.0,0.0,45.10749999999866,70,255,0,0
30.45000000000029,35.723789012031254,51.27584391821875,1370.0,1.4531250371874194e-06,7.629187496149825e-05,0.0,-5.684341886080801e-13,1.1368683772161603e-12,0.0,44.87562499999866,70,255,0,0
30.50000000000029,35.7237890846875,51.2758477328125,1370.0,1.4531249803440005e-06,7.629187507518509e-05,0.0,-5.684341886080801e-13,1.1368683772161603e-12,0.0,44.64374999999865,70,255,0,0
30.550000000000292,35.72378915734375,51.27585154740625,1370.0,1.4531249803440005e-06,7.629187507518509e-05,0.0,0.0,-1.1368683772161603e-12,0.0,44.411874999998645,70,255,0,0
30.600000000000293,35.72378923,51.275855362,1370.0,1.4531249803440005e-06,7.629187496149825e-05,0.0,0.0,-1.1368683772161603e-12,0.0,44.17999999999864,70,255,0,0
30.650000000000293,35.72378930265625,51.27585917659375,1370.0,1.4531249803440005e-06,7.629187496149825e-05,0.0,0.0,0.0,0.0,43.94812499999864,70,255,0,0
30.700000000000294,35.7237893753125,51.2758629911875,1370.0,1.4531249803440005e-06,7.629187496149825e-05,0.0,5.684341886080801e-13,0.0,0.0,43.71624999999864,70,255,0,0
30.750000000000295,35.72378944796875,51.27586680578125,1370.0,1.4531250371874194e-06,7.629187496149825e-05,0.0,1.1368683772161603e-12,1.1368683772161603e-12,0.0,43.484374999998636,70,255,0,0
30.800000000000296,35.723789520625004,51.275870620374995,1370.0,1.4531250940308382e-06,7.629187507518509e-05,0.0,-5.684341886080801e-13,0.0,0.0,43.25249999999863,70,255,0,0
30.850000000000296,35.72378959328125,51.27587443496875,1370.0,1.4531249803440005e-06,7.629187496149825e-05,0.0,-1.1368683772161603e-12,-1.1368683772161603e-12,0.0,43.020624999998624,70,255,0,0
30.900000000000297,35.7237896659375,51.275878249562496,1370.0,1.4531249803440005e-06,7.629187496149825e-05,0.0,0.0,1.1368683772161603e-12,0.0,42.78874999999862,70,255,0,0
30.950000000000298,35.72378973859375,51.27588206415625,1370.0,1.4531249803440005e-06,7.629187507518509e-05,0.0,0.0,1.1368683772161603e-12,0.0,42.55687499999862,70,255,0,0
31.0000000000003,35.72378981125,51.275885878749996,1370.0,1.4531249803440005e-06,7.629187507518509e-05,0.0,0.0,-1.1368683772161603e-12,0.0,42.32499999999862,70,255,0,0
31.0500000000003,35.72378988390625,51.27588969334375,1370.0,1.4531249803440005e-06,7.629187496149825e-05,0.0,5.684341886080801e-13,-1.1368683772161603e-12,0.0,42.093124999998615,70,255,0,0
31.1000000000003,35.7237899565625,51.2758935079375,1370.0,1.4531250371874194e-06,7.629187496149825e-05,0.0,5.684341886080801e-13,0.0,0.0,41.86124999999861,70,255,0,0
31.1500000000003,35.723790029218755,51.27589732253125,1370.0,1.4531250371874194e-06,7.629187496149825e-05,0.0,-5.684341886080801e-13,0.0,0.0,41.62937499999861,70,255,0,0
31.2000000000003,35.723790101875004,51.275901137125,1370.0,1.4531249803440005e-06,7.629187496149825e-05,0.0,-5.684341886080801e-13,1.1368683772161603e-12,0.0,41.3974999999986,70,255,0,0
31.250000000000302,35.72379017453125,51.27590495171875,1370.0,1.4531249803440005e-06,7.629187507518509e-05,0.0,0.0,1.1368683772161603e-12,0.0,41.1656249999986,70,255,0,0
31.300000000000303,35.7237902471875,51.2759087663125,1370.0,1.4531249803440005e-06,7.629187507518509e-05,0.0,0.0,-1.1368683772161603e-12,0.0,40.9337499999986,70,255,0,0
31.350000000000303,35.72379031984375,51.27591258090625,1370.0,1.4531249803440005e-06,7.629187496149825e-05,0.0,0.0,-1.1368683772161603e-12,0.0,40.701874999998594,70,255,0,0
31.400000000000304,35.7237903925,51.2759163955,1370.0,1.4531249803440005e-06,7.629187496149825e-05,0.0,1.1368683772161603e-12,0.0,0.0,40.46999999999859,70,255,0,0
31.450000000000305,35.72379046515625,51.27592021009375,1370.0,1.4531250940308382e-06,7.629187496149825e-05,0.0,5.684341886080801e-13,0.0,0.0,40.23812499999859,70,255,0,0
31.500000000000306,35.723790537812505,51.2759240246875,1370.0,1.4531250371874194e-06,7.629187496149825e-05,0.0,-1.1368683772161603e-12,1.1368683772161603e-12,0.0,40.00624999999859,70,255,0,0
31.550000000000306,35.723790610468754,51.27592783928125,1370.0,1.4531249803440005e-06,7.629187507518509e-05,0.0,-5.684341886080801e-13,1.1368683772161603e-12,0.0,39.77437499999858,70,255,0,0
31.600000000000307,35.723790683125,51.275931653875,1370.0,1.4531249803440005e-06,7.629187507518509e-05,0.0,0.0,-1.1368683772161603e-12,0.0,39.542499999998576,70,255,0,0
31.650000000000308,35.72379075578125,51.27593546846875,1370.0,1.4531249803440005e-06,7.629187496149825e-05,0.0,0.0,-1.1368683772161603e-12,0.0,39.31062499999857,70,255,0,0
31.70000000000031,35.7237908284375,51.2759392830625,1370.0,1.4531249803440005e-06,7.629187496149825e-05,0.0,0.0,1.1368683772161603e-12,0.0,39.07874999999857,70,255,0,0
31.75000000000031,35.72379090109375,51.275943097656246,1370.0,1.4531249803440005e-06,7.629187507518509e-05,0.0,5.684341886080801e-13,0.0,0.0,38.84687499999857,70,255,0,0
31.80000000000031,35.72379097375,51.27594691225,1370.0,1.4531250371874194e-06,7.629187496149825e-05,0.0,5.684341886080801e-13,-1.1368683772161603e-12,0.0,38.61499999999857,70,255,0,0
31.85000000000031,35.723791046406255,51.275950726843746,1370.0,1.4531250371874194e-06,7.629187496149825e-05,0.0,-5.684341886080801e-13,0.0,0.0,38.383124999998564,70,255,0,0
31.90000000000031,35.723791119062504,51.2759545414375,1370.0,1.4531249803440005e-06,7.629187496149825e-05,0.0,-5.684341886080801e-13,0.0,0.0,38.151249999998555,70,255,0,0
31.950000000000312,35.72379119171875,51.275958356031246,1370.0,1.4531249803440005e-06,7.629187496149825e-05,0.0,0.0,0.0,1.8189894035458306e-11,37.91937499999855,70,255,0,0
32.00000000000031,35.723791264375,51.275962170625,1370.0,1.4531249803440005e-06,7.629187496149825e-05,1.8189894035458565e-12,0.0,1.1368683772161603e-12,1.818989403545766e-11,37.68749999999855,70,255,0,0
32.05000000000031,35.72379133703125,51.27596598521875,1370.0,1.4531249803440005e-06,7.629187507518509e-05,1.8189894035458565e-12,0.0,1.1368683772161603e-12,-1.818989403545572e-11,37.45562499999856,70,255,0,0
32.100000000000314,35.7237914096875,51.2759697998125,1370.0,1.4531249803440005e-06,7.629187507518509e-05,0.0,5.684341886080801e-13,-1.1368683772161603e-12,-3.637978807091403e-11,37.223749999998546,70,255,0,0
32.15000000000032,35.72379148234375,51.27597361440625,1370.0,1.4531250371874194e-06,7.629187496149825e-05,-1.8189894035458565e-12,5.684341886080801e-13,-1.1368683772161603e-12,5.169878828456276e-24,36.99187499999852,70,255,0,0
32.200000000000315,35.723791555000005,51.275977429,1370.0,1.4531250371874194e-06,7.629187496149825e-05,0.0,-5.684341886080801e-13,0.0,3.63797880709192e-11,36.759999999998534,70,255,0,0
32.25000000000031,35.723791627656254,51.27598124359375,1370.0,1.4531249803440005e-06,7.629187496149825e-05,1.8189894035458565e-12,-5.684341886080801e-13,0.0,5.169878828456276e-24,36.52812499999855,70,255,0,0
32.30000000000032,35.7237917003125,51.2759850581875,1370.0,1.4531249803440005e-06,7.629187496149825e-05,0.0,0.0,1.1368683772161603e-12,-3.637978807091403e-11,36.29624999999853,70,255,0,0
32.35000000000032,35.72379177296875,51.27598887278125,1370.0,1.4531249803440005e-06,7.629187507518509e-05,-1.8189894035458565e-12,0.0,1.1368683772161603e-12,5.169878828456276e-24,36.06437499999851,70,255,0,0
32.40000000000032,35.723791845625,51.275992687375,1370.0,1.4531249803440005e-06,7.629187507518509e-05,0.0,0.0,-1.1368683772161603e-12,3.63797880709192e-11,35.832499999998525,70,255,0,0
32.450000000000315,35.72379191828125,51.27599650196875,1370.0,1.4531249803440005e-06,7.629187496149825e-05,1.8189894035458565e-12,0.0,-1.1368683772161603e-12,5.169878828456276e-24,35.60062499999854,70,255,0,0
32.50000000000032,35.7237919909375,51.2760003165625,1370.0,1.4531249803440005e-06,7.629187496149825e-05,0.0,1.1368683772161603e-12,0.0,-3.637978807091403e-11,35.36874999999852,70,255,0,0
32.550000000000324,35.72379206359375,51.27600413115625,1370.0,1.4531250940308382e-06,7.629187496149825e-05,-1.8189894035458565e-12,5.684341886080801e-13,0.0,5.169878828456276e-24,35.1368749999985,70,255,0,0
32.60000000000032,35.723792136250005,51.276007945749996,1370.0,1.4531250371874194e-06,7.629187496149825e-05,0.0,-1.7053025658242404e-12,0.0,3.63797880709192e-11,34.90499999999851,70,255,0,0
32.65000000000032,35.723792208906254,51.27601176034375,1370.0,1.4531249235005816e-06,7.629187496149825e-05,1.8189894035458565e-12,-5.684341886080801e-13,1.1368683772161603e-12,5.169878828456276e-24,34.67312499999853,70,255,0,0
32.70000000000032,35.7237922815625,51.276015574937496,1370.0,1.4531249803440005e-06,7.629187507518509e-05,0.0,1.1368683772161603e-12,1.1368683772161603e-12,-3.637978807091403e-11,34.441249999998504,70,255,0,0
32.75000000000033,35.72379235421875,51.27601938953125,1370.0,1.4531250371874194e-06,7.629187507518509e-05,-1.8189894035458565e-12,0.0,-1.1368683772161603e-12,5.169878828456276e-24,34.20937499999849,70,255,0,0
32.800000000000324,35.723792426875,51.276023204124996,1370.0,1.4531249803440005e-06,7.629187496149825e-05,0.0,-1.1368683772161603e-12,-1.1368683772161603e-12,3.63797880709192e-11,33.9774999999985,70,255,0,0
32.85000000000032,35.72379249953125,51.27602701871875,1370.0,1.4531249235005816e-06,7.629187496149825e-05,1.8189894035458565e-12,1.1368683772161603e-12,1.1368683772161603e-12,5.169878828456276e-24,33.74562499999851,70,255,0,0
32.900000000000325,35.7237925721875,51.2760308333125,1370.0,1.4531250940308382e-06,7.629187507518509e-05,0.0,1.7053025658242404e-12,0.0,-3.637978807091403e-11,33.51374999999849,70,255,0,0
32.95000000000033,35.723792644843755,51.27603464790625,1370.0,1.4531250940308382e-06,7.629187496149825e-05,-1.8189894035458565e-12,-1.1368683772161603e-12,-1.1368683772161603e-12,5.169878828456276e-24,33.28187499999847,70,255,0,0
33.00000000000033,35.723792717500004,51.2760384625,1370.0,1.4531249803440005e-06,7.629187496149825e-05,0.0,-1.1368683772161603e-12,1.1368683772161603e-12,3.63797880709192e-11,33.049999999998484,70,255,0,0
33.050000000000324,35.72379279015625,51.27604227709375,1370.0,1.4531249803440005e-06,7.629187507518509e-05,1.8189894035458565e-12,0.0,0.0,5.169878828456276e-24,32.818124999998496,70,255,0,0
33.10000000000033,35.7237928628125,51.2760460916875,1370.0,1.4531249803440005e-06,7.629187496149825e-05,0.0,0.0,-1.1368683772161603e-12,-3.637978807091403e-11,32.58624999999848,70,255,0,0
33.15000000000033,35.72379293546875,51.27604990628125,1370.0,1.4531249803440005e-06,7.629187496149825e-05,-1.8189894035458565e-12,0.0,1.1368683772161603e-12,5.169878828456276e-24,32.354374999998456,70,255,0,0
33.20000000000033,35.723793008125,51.276053720875,1370.0,1.4531249803440005e-06,7.629187507518509e-05,0.0,5.684341886080801e-13,1.1368683772161603e-12,3.63797880709192e-11,32.122499999998475,70,255,0,0
33.25000000000033,35.72379308078125,51.27605753546875,1370.0,1.4531250371874194e-06,7.629187507518509e-05,1.8189894035458565e-12,5.684341886080801e-13,-1.1368683772161603e-12,5.169878828456276e-24,31.890624999998487,70,255,0,0
33.30000000000033,35.723793153437505,51.2760613500625,1370.0,1.4531250371874194e-06,7.629187496149825e-05,0.0,-5.684341886080801e-13,-1.1368683772161603e-12,-3.637978807091403e-11,31.658749999998463,70,255,0,0
33.350000000000335,35.723793226093754,51.27606516465625,1370.0,1.4531249803440005e-06,7.629187496149825e-05,-1.8189894035458565e-12,-5.684341886080801e-13,0.0,5.169878828456276e-24,31.426874999998446,70,255,0,0
33.40000000000033,35.72379329875,51.27606897925,1370.0,1.4531249803440005e-06,7.629187496149825e-05,0.0,0.0,0.0,3.63797880709192e-11,31.19499999999846,70,255,0,0
33.45000000000033,35.72379337140625,51.27607279384375,1370.0,1.4531249803440005e-06,7.629187496149825e-05,1.8189894035458565e-12,0.0,0.0,5.169878828456276e-24,30.96312499999847,70,255,0,0
33.500000000000334,35.7237934440625,51.2760766084375,1370.0,1.4531249803440005e-06,7.629187496149825e-05,0.0,0.0,1.1368683772161603e-12,-3.637978807091403e-11,30.731249999998454,70,255,0,0
33.55000000000034,35.72379351671875,51.276080423031246,1370.0,1.4531249803440005e-06,7.629187507518509e-05,-1.8189894035458565e-12,5.684341886080801e-13,1.1368683772161603e-12,5.169878828456276e-24,30.49937499999843,70,255,0,0
33.600000000000335,35.723793589375,51.276084237625,1370.0,1.4531250371874194e-06,7.629187507518509e-05,0.0,5.684341886080801e-13,-1.1368683772161603e-12,3.63797880709192e-11,30.267499999998442,70,255,0,0
33.65000000000033,35.723793662031255,51.276088052218746,1370.0,1.4531250371874194e-06,7.629187496149825e-05,1.8189894035458565e-12,-5.684341886080801e-13,-1.1368683772161603e-12,5.169878828456276e-24,30.03562499999846,70,255,0,0
33.70000000000034,35.723793734687504,51.2760918668125,1370.0,1.4531249803440005e-06,7.629187496149825e-05,0.0,-5.684341886080801e-13,0.0,-3.637978807091403e-11,29.803749999998438,70,255,0,0
33.75000000000034,35.72379380734375,51.27609568140625,1370.0,1.4531249803440005e-06,7.629187496149825e-05,-1.8189894035458565e-12,0.0,0.0,5.169878828456276e-24,29.57187499999842,70,255,0,0
33.80000000000034,35.72379388,51.276099496,1370.0,1.4531249803440005e-06,7.629187496149825e-05,0.0,0.0,1.1368683772161603e-12,3.63797880709192e-11,29.339999999998433,70,255,0,0
33.850000000000335,35.72379395265625,51.27610331059375,1370.0,1.4531249803440005e-06,7.629187507518509e-05,1.8189894035458565e-12,0.0,1.1368683772161603e-12,5.169878828456276e-24,29.108124999998445,70,255,0,0
33.90000000000034,35.7237940253125,51.2761071251875,1370.0,1.4531249803440005e-06,7.629187507518509e-05,0.0,1.1368683772161603e-12,-1.1368683772161603e-12,-3.637978807091403e-11,28.87624999999843,70,255,0,0
33.950000000000344,35.72379409796875,51.27611093978125,1370.0,1.4531250940308382e-06,7.629187496149825e-05,-1.8189894035458565e-12,5.684341886080801e-13,-1.1368683772161603e-12,5.169878828456276e-24,28.644374999998405,70,255,0,0
34.00000000000034,35.723794170625006,51.276114754375,1370.0,1.4531250371874194e-06,7.629187496149825e-05,0.0,-1.7053025658242404e-12,1.1368683772161603e-12,3.63797880709192e-11,28.412499999998417,70,255,0,0
34.05000000000034,35.723794243281255,51.27611856896875,1370.0,1.4531249235005816e-06,7.629187507518509e-05,1.8189894035458565e-12,-5.684341886080801e-13,0.0,5.169878828456276e-24,28.18062499999843,70,255,0,0
34.10000000000034,35.7237943159375,51.2761223835625,1370.0,1.4531249803440005e-06,7.629187496149825e-05,0.0,1.1368683772161603e-12,-1.1368683772161603e-12,-3.637978807091403e-11,27.948749999998412,70,255,0,0
34.15000000000035,35.72379438859375,51.27612619815625,1370.0,1.4531250371874194e-06,7.629187496149825e-05,-1.8189894035458565e-12,0.0,1.1368683772161603e-12,5.169878828456276e-24,27.716874999998396,70,255,0,0
34.200000000000344,35.72379446125,51.27613001275,1370.0,1.4531249803440005e-06,7.629187507518509e-05,0.0,-1.1368683772161603e-12,0.0,3.63797880709192e-11,27.484999999998408,70,255,0,0
34.25000000000034,35.72379453390625,51.27613382734375,1370.0,1.4531249235005816e-06,7.629187496149825e-05,1.8189894035458565e-12,1.1368683772161603e-12,-1.1368683772161603e-12,5.169878828456276e-24,27.25312499999842,70,255,0,0
34.300000000000345,35.7237946065625,51.2761376419375,1370.0,1.4531250940308382e-06,7.629187496149825e-05,0.0,1.7053025658242404e-12,0.0,-3.637978807091403e-11,27.021249999998396,70,255,0,0
34.35000000000035,35.723794679218756,51.27614145653125,1370.0,1.4531250940308382e-06,7.629187496149825e-05,-1.8189894035458565e-12,-1.1368683772161603e-12,1.1368683772161603e-12,5.169878828456276e-24,26.78937499999838,70,255,0,0
34.40000000000035,35.723794751875005,51.276145271124996,1370.0,1.4531249803440005e-06,7.629187507518509e-05,0.0,-1.1368683772161603e-12,0.0,3.63797880709192e-11,26.55749999999839,70,255,0,0
34.450000000000344,35.723794824531254,51.27614908571875,1370.0,1.4531249803440005e-06,7.629187496149825e-05,1.8189894035458565e-12,0.0,-1.1368683772161603e-12,5.169878828456276e-24,26.325624999998404,70,255,0,0
34.50000000000035,35.7237948971875,51.276152900312496,1370.0,1.4531249803440005e-06,7.629187496149825e-05,0.0,0.0,1.1368683772161603e-12,-3.637978807091403e-11,26.093749999998387,70,255,0,0
34.55000000000035,35.72379496984375,51.27615671490625,1370.0,1.4531249803440005e-06,7.629187507518509e-05,-1.8189894035458565e-12,0.0,0.0,5.169878828456276e-24,25.861874999998363,70,255,0,0
34.60000000000035,35.7237950425,51.2761605295,1370.0,1.4531249803440005e-06,7.629187496149825e-05,0.0,5.684341886080801e-13,-1.1368683772161603e-12,3.63797880709192e-11,25.629999999998383,70,255,0,0
34.65000000000035,35.72379511515625,51.27616434409375,1370.0,1.4531250371874194e-06,7.629187496149825e-05,1.8189894035458565e-12,5.684341886080801e-13,1.1368683772161603e-12,5.169878828456276e-24,25.398124999998394,70,255,0,0
34.70000000000035,35.723795187812506,51.2761681586875,1370.0,1.4531250371874194e-06,7.629187507518509e-05,0.0,-5.684341886080801e-13,0.0,-3.637978807091403e-11,25.16624999999837,70,255,0,0
34.750000000000355,35.723795260468755,51.27617197328125,1370.0,1.4531249803440005e-06,7.629187496149825e-05,-1.8189894035458565e-12,-5.684341886080801e-13,-1.1368683772161603e-12,5.169878828456276e-24,24.934374999998354,70,255,0,0
34.80000000000035,35.723795333125004,51.276175787875,1370.0,1.4531249803440005e-06,7.629187496149825e-05,0.0,0.0,1.1368683772161603e-12,3.63797880709192e-11,24.702499999998366,70,255,0,0
34.85000000000035,35.72379540578125,51.27617960246875,1370.0,1.4531249803440005e-06,7.629187507518509e-05,1.8189894035458565e-12,0.0,0.0,5.169878828456276e-24,24.47062499999838,70,255,0,0
34.900000000000354,35.7237954784375,51.2761834170625,1370.0,1.4531249803440005e-06,7.629187496149825e-05,0.0,0.0,-1.1368683772161603e-12,-3.637978807091403e-11,24.23874999999836,70,255,0,0
34.95000000000036,35.72379555109375,51.27618723165625,1370.0,1.4531249803440005e-06,7.629187496149825e-05,-1.8189894035458565e-12,5.684341886080801e-13,1.1368683772161603e-12,5.169878828456276e-24,24.006874999998345,70,255,0,0
35.000000000000355,35.72379562375,51.27619104625,1370.0,1.4531250371874194e-06,7.629187507518509e-05,0.0,5.684341886080801e-13,1.1368683772161603e-12,3.63797880709192e-11,23.774999999998357,70,255,0,0
35.05000000000035,35.723795696406256,51.27619486084375,1370.0,1.4531250371874194e-06,7.629187507518509e-05,1.8189894035458565e-12,-5.684341886080801e-13,-1.1368683772161603e-12,5.169878828456276e-24,23.54312499999837,70,255,0,0
35.10000000000036,35.723795769062505,51.2761986754375,1370.0,1.4531249803440005e-06,7.629187496149825e-05,0.0,-5.684341886080801e-13,-1.1368683772161603e-12,-3.637978807091403e-11,23.311249999998353,70,255,0,0
35.15000000000036,35.723795841718754,51.27620249003125,1370.0,1.4531249803440005e-06,7.629187496149825e-05,-1.8189894035458565e-12,0.0,0.0,5.169878828456276e-24,23.079374999998322,70,255,0,0
35.20000000000036,35.723795914375,51.276206304625,1370.0,1.4531249803440005e-06,7.629187496149825e-05,0.0,0.0,0.0,3.63797880709192e-11,22.847499999998334,70,255,0,0
35.250000000000355,35.72379598703125,51.276210119218746,1370.0,1.4531249803440005e-06,7.629187496149825e-05,1.8189894035458565e-12,0.0,0.0,5.169878828456276e-24,22.615624999998346,70,255,0,0
35.30000000000036,35.7237960596875,51.2762139338125,1370.0,1.4531249803440005e-06,7.629187496149825e-05,0.0,1.1368683772161603e-12,1.1368683772161603e-12,-3.637978807091403e-11,22.38374999999833,70,255,0,0
35.350000000000364,35.72379613234375,51.276217748406246,1370.0,1.4531250940308382e-06,7.629187507518509e-05,-1.8189894035458565e-12,5.684341886080801e-13,1.1368683772161603e-12,5.169878828456276e-24,22.151874999998313,70,255,0,0
35.40000000000036,35.723796205000006,51.276221563,1370.0,1.4531250371874194e-06,7.629187507518509e-05,0.0,-1.7053025658242404e-12,-1.1368683772161603e-12,3.63797880709192e-11,21.919999999998325,70,255,0,0
35.45000000000036,35.723796277656255,51.27622537759375,1370.0,1.4531249235005816e-06,7.629187496149825e-05,1.8189894035458565e-12,-5.684341886080801e-13,-1.1368683772161603e-12,5.169878828456276e-24,21.688124999998337,70,255,0,0
35.50000000000036,35.723796350312504,51.2762291921875,1370.0,1.4531249803440005e-06,7.629187496149825e-05,0.0,1.1368683772161603e-12,0.0,-3.637978807091403e-11,21.45624999999832,70,255,0,0
35.55000000000037,35.72379642296875,51.27623300678125,1370.0,1.4531250371874194e-06,7.629187496149825e-05,-1.8189894035458565e-12,0.0,0.0,5.169878828456276e-24,21.224374999998304,70,255,0,0
35.600000000000364,35.723796495625,51.276236821375,1370.0,1.4531249803440005e-06,7.629187496149825e-05,0.0,-1.1368683772161603e-12,1.1368683772161603e-12,3.63797880709192e-11,20.992499999998316,70,255,0,0
35.65000000000036,35.72379656828125,51.27624063596875,1370.0,1.4531249235005816e-06,7.629187507518509e-05,1.8189894035458565e-12,0.0,1.1368683772161603e-12,5.169878828456276e-24,20.760624999998328,70,255,0,0
35.700000000000365,35.7237966409375,51.2762444505625,1370.0,1.4531249803440005e-06,7.629187507518509e-05,0.0,1.7053025658242404e-12,-1.1368683772161603e-12,-3.637978807091403e-11,20.52874999999831,70,255,0,0
35.75000000000037,35.72379671359375,51.27624826515625,1370.0,1.4531250940308382e-06,7.629187496149825e-05,-1.8189894035458565e-12,1.1368683772161603e-12,-1.1368683772161603e-12,5.169878828456276e-24,20.29687499999828,70,255,0,0
35.80000000000037,35.723796786250006,51.27625207975,1370.0,1.4531250940308382e-06,7.629187496149825e-05,0.0,-1.1368683772161603e-12,1.1368683772161603e-12,3.63797880709192e-11,20.064999999998307,70,255,0,0
35.850000000000364,35.723796858906255,51.27625589434375,1370.0,1.4531249803440005e-06,7.629187507518509e-05,1.8189894035458565e-12,-1.1368683772161603e-12,1.1368683772161603e-12,5.169878828456276e-24,19.83312499999832,70,255,0,0
35.90000000000037,35.723796931562504,51.2762597089375,1370.0,1.4531249803440005e-06,7.629187507518509e-05,0.0,0.0,-1.1368683772161603e-12,-3.637978807091403e-11,19.601249999998288,70,255,0,0
35.95000000000037,35.72379700421875,51.27626352353125,1370.0,1.4531249803440005e-06,7.629187496149825e-05,-1.8189894035458565e-12,0.0,-1.1368683772161603e-12,5.169878828456276e-24,19.36937499999827,70,255,0,0
36.00000000000037,35.723797076875,51.276267338125,1370.0,1.4531249803440005e-06,7.629187496149825e-05,0.0,0.0,0.0,3.63797880709192e-11,19.137499999998283,70,255,0,0
36.05000000000037,35.72379714953125,51.27627115271875,1370.0,1.4531249803440005e-06,7.629187496149825e-05,1.8189894035458565e-12,5.684341886080801e-13,0.0,5.169878828456276e-24,18.905624999998295,70,255,0,0
36.10000000000037,35.7237972221875,51.2762749673125,1370.0,1.4531250371874194e-06,7.629187496149825e-05,0.0,5.684341886080801e-13,0.0,-3.637978807091403e-11,18.67374999999828,70,255,0,0
36.150000000000375,35.723797294843756,51.27627878190625,1370.0,1.4531250371874194e-06,7.629187496149825e-05,-1.8189894035458565e-12,-5.684341886080801e-13,1.1368683772161603e-12,5.169878828456276e-24,18.441874999998262,70,255,0,0
36.20000000000037,35.723797367500005,51.276282596499996,1370.0,1.4531249803440005e-06,7.629187507518509e-05,0.0,-5.684341886080801e-13,1.1368683772161603e-12,3.63797880709192e-11,18.209999999998274,70,255,0,0
36.25000000000037,35.723797440156254,51.27628641109375,1370.0,1.4531249803440005e-06,7.629187507518509e-05,1.8189894035458565e-12,0.0,-1.1368683772161603e-12,5.169878828456276e-24,17.978124999998286,70,255,0,0
36.300000000000374,35.7237975128125,51.2762902256875,1370.0,1.4531249803440005e-06,7.629187496149825e-05,0.0,0.0,-1.1368683772161603e-12,-3.637978807091403e-11,17.74624999999827,70,255,0,0
36.35000000000038,35.72379758546875,51.27629404028125,1370.0,1.4531249803440005e-06,7.629187496149825e-05,-1.8189894035458565e-12,0.0,0.0,5.169878828456276e-24,17.514374999998253,70,255,0,0
36.400000000000375,35.723797658125,51.276297854875,1370.0,1.4531249803440005e-06,7.629187496149825e-05,0.0,5.684341886080801e-13,0.0,3.63797880709192e-11,17.282499999998265,70,255,0,0
36.45000000000037,35.72379773078125,51.27630166946875,1370.0,1.4531250371874194e-06,7.629187496149825e-05,1.8189894035458565e-12,5.684341886080801e-13,1.1368683772161603e-12,5.169878828456276e-24,17.050624999998277,70,255,0,0
36.50000000000038,35.723797803437506,51.2763054840625,1370.0,1.4531250371874194e-06,7.629187507518509e-05,0.0,-5.684341886080801e-13,1.1368683772161603e-12,-3.637978807091403e-11,16.81874999999826,70,255,0,0
36.55000000000038,35.723797876093755,51.27630929865625,1370.0,1.4531249803440005e-06,7.629187507518509e-05,-1.8189894035458565e-12,-5.684341886080801e-13,-1.1368683772161603e-12,5.169878828456276e-24,16.58687499999823,70,255,0,0
36.60000000000038,35.723797948750004,51.27631311325,1370.0,1.4531249803440005e-06,7.629187496149825e-05,0.0,0.0,-1.1368683772161603e-12,3.63797880709192e-11,16.354999999998242,70,255,0,0
36.650000000000375,35.72379802140625,51.27631692784375,1370.0,1.4531249803440005e-06,7.629187496149825e-05,1.8189894035458565e-12,0.0,1.1368683772161603e-12,5.169878828456276e-24,16.123124999998254,70,255,0,0
36.70000000000038,35.7237980940625,51.2763207424375,1370.0,1.4531249803440005e-06,7.629187507518509e-05,0.0,0.0,0.0,-3.637978807091403e-11,15.891249999998237,70,255,0,0
36.750000000000384,35.72379816671875,51.27632455703125,1370.0,1.4531249803440005e-06,7.629187496149825e-05,-1.8189894035458565e-12,5.684341886080801e-13,-1.1368683772161603e-12,5.169878828456276e-24,15.65937499999822,70,255,0,0
36.80000000000038,35.723798239375,51.276328371625,1370.0,1.4531250371874194e-06,7.629187496149825e-05,0.0,5.684341886080801e-13,1.1368683772161603e-12,3.63797880709192e-11,15.427499999998233,70,255,0,0
36.85000000000038,35.723798312031256,51.27633218621875,1370.0,1.4531250371874194e-06,7.629187507518509e-05,1.8189894035458565e-12,-5.684341886080801e-13,0.0,5.169878828456276e-24,15.195624999998245,70,255,0,0
36.90000000000038,35.723798384687505,51.2763360008125,1370.0,1.4531249803440005e-06,7.629187496149825e-05,0.0,-5.684341886080801e-13,-1.1368683772161603e-12,0.0,14.963749999998228,70,255,0,0
36.95000000000039,35.723798457343754,51.27633981540625,1370.0,1.4531249803440005e-06,7.629187496149825e-05,1.8189894035458565e-12,-1.453124980360913e-05,-0.0007629187496238619,-2.8434333556727718e-22,14.731874999998212,70,255,0,0
37.0,35.72379853,51.27634363,1370.0,0.0,0.0,0.0,14289.520570993425,20510.53782158754,547999.9999916517,14.5,70,255,0,0
37.000000000000384,35.72379853,51.27634363,1370.0,5.482790121217579e-09,7.869751374117772e-09,2.1026380636453923e-07,14289.520570993425,20510.53782158754,547999.9999916517,14.500000000006468,70,255,0,0
37.05000000000038,35.723801428027784,51.27634455475,1370.0,5.7960555523095536e-05,1.8495000063012412e-05,1.8189894035458565e-12,0.0005795507273298173,0.0001848713019795382,-2.102638063645661e-06,15.342777777784198,70,255,0,0
37.100000000000385,35.72380432605556,51.2763454795,1370.0,5.7960555523095536e-05,1.8494999949325575e-05,0.0,5.684341886080801e-13,-1.1368683772161603e-12,-3.637978807091403e-11,16.185555555562047,70,255,0,0
37.15000000000039,35.72380722408334,51.27634640425,1370.0,5.7960555579938955e-05,1.8494999949325575e-05,-1.8189894035458565e-12,1.0842021724855044e-19,1.1368684043212146e-12,5.169878828456276e-24,17.028333333339898,70,255,0,0
37.20000000000039,35.72381012211112,51.276347329,1370.0,5.7960555523095536e-05,1.8495000063012412e-05,0.0,-5.684341886080801e-13,0.0,3.63797880709192e-11,17.871111111117628,70,255,0,0
37.250000000000384,35.72381302013889,51.27634825375,1370.0,5.7960555523095536e-05,1.8494999949325575e-05,1.8189894035458565e-12,-1.0842021724855044e-19,-1.1368684043212146e-12,5.169878828456276e-24,18.713888888895355,70,255,0,0
37.30000000000039,35.72381591816667,51.2763491785,1370.0,5.7960555523095536e-05,1.8494999949325575e-05,0.0,5.684341886080801e-13,1.1368683772161603e-12,-3.637978807091403e-11,19.556666666673205,70,255,0,0
37.35000000000039,35.723818816194445,51.276350103249996,1370.0,5.7960555579938955e-05,1.8495000063012412e-05,-1.8189894035458565e-12,1.1368684856363775e-12,1.1368684043212146e-12,5.169878828456276e-24,20.399444444451056,70,255,0,0
37.40000000000039,35.723821714222225,51.276351028,1370.0,5.7960555636782374e-05,1.8495000063012412e-05,0.0,-5.684341886080801e-13,0.0,3.63797880709192e-11,21.242222222228783,70,255,0,0
37.45000000000039,35.723824612250006,51.27635195275,1370.0,5.7960555523095536e-05,1.8495000063012412e-05,1.8189894035458565e-12,-1.1368684856363775e-12,-1.1368684043212146e-12,5.169878828456276e-24,22.085000000006517,70,255,0,0
37.50000000000039,35.72382751027778,51.2763528775,1370.0,5.7960555523095536e-05,1.8494999949325575e-05,0.0,1.1368683772161603e-12,-1.1368683772161603e-12,-3.637978807091403e-11,22.927777777784364,70,255,0,0
37.550000000000395,35.72383040830556,51.27635380225,1370.0,5.7960555636782374e-05,1.8494999949325575e-05,-1.8189894035458565e-12,1.0842021724855044e-19,1.1368684043212146e-12,5.169878828456276e-24,23.77055555556221,70,255,0,0
37.60000000000039,35.72383330633334,51.276354727,1370.0,5.7960555523095536e-05,1.8495000063012412e-05,0.0,-1.1368683772161603e-12,0.0,3.63797880709192e-11,24.613333333339945,70,255,0,0
37.65000000000039,35.72383620436111,51.27635565175,1370.0,5.7960555523095536e-05,1.8494999949325575e-05,1.8189894035458565e-12,5.684340801878629e-13,-1.1368684043212146e-12,5.169878828456276e-24,25.45611111111767,70,255,0,0
37.700000000000394,35.723839102388894,51.2763565765,1370.0,5.7960555579938955e-05,1.8494999949325575e-05,0.0,0.0,1.1368683772161603e-12,-3.637978807091403e-11,26.298888888895522,70,255,0,0
37.7500000000004,35.72384200041667,51.27635750125,1370.0,5.7960555523095536e-05,1.8495000063012412e-05,-1.8189894035458565e-12,1.0842021724855044e-19,2.710505431213761e-20,5.169878828456276e-24,27.141666666673373,70,255,0,0
37.800000000000395,35.72384489844445,51.276358426,1370.0,5.7960555579938955e-05,1.8494999949325575e-05,0.0,0.0,-1.1368683772161603e-12,3.63797880709192e-11,27.9844444444511,70,255,0,0
37.85000000000039,35.72384779647223,51.27635935075,1370.0,5.7960555523095536e-05,1.8494999949325575e-05,1.8189894035458565e-12,-5.684342970282974e-13,1.136868350111106e-12,5.169878828456276e-24,28.827222222228833,70,255,0,0
37.9000000000004,35.7238506945,51.2763602755,1370.0,5.7960555523095536e-05,1.8495000063012412e-05,0.0,1.1368683772161603e-12,0.0,-3.637978807091403e-11,29.67000000000668,70,255,0,0
37.9500000000004,35.72385359252778,51.27636120025,1370.0,5.7960555636782374e-05,1.8494999949325575e-05,-1.8189894035458565e-12,5.684342970282974e-13,-1.136868350111106e-12,5.169878828456276e-24,30.51277777778453,70,255,0,0
38.0000000000004,35.72385649055556,51.276362125,1370.0,5.7960555579938955e-05,1.8494999949325575e-05,0.0,-1.1368683772161603e-12,1.1368683772161603e-12,3.63797880709192e-11,31.355555555562262,70,255,0,0
38.050000000000395,35.723859388583335,51.276363049749996,1370.0,5.7960555523095536e-05,1.8495000063012412e-05,1.8189894035458565e-12,-5.684342970282974e-13,1.136868350111106e-12,5.169878828456276e-24,32.19833333333999,70,255,0,0
38.1000000000004,35.723862286611116,51.2763639745,1370.0,5.7960555523095536e-05,1.8495000063012412e-05,0.0,0.0,0.0,-3.637978807091403e-11,33.04111111111784,70,255,0,0
38.150000000000404,35.72386518463889,51.27636489925,1370.0,5.7960555523095536e-05,1.8495000063012412e-05,-1.8189894035458565e-12,5.684342970282974e-13,-1.136868350111106e-12,5.169878828456276e-24,33.88388888889569,70,255,0,0
38.2000000000004,35.72386808266667,51.276365824,1370.0,5.7960555579938955e-05,1.8494999949325575e-05,0.0,0.0,-1.1368683772161603e-12,3.63797880709192e-11,34.726666666673424,70,255,0,0
38.2500000000004,35.72387098069445,51.27636674875,1370.0,5.7960555523095536e-05,1.8494999949325575e-05,1.8189894035458565e-12,-1.0842021724855044e-19,1.136868350111106e-12,5.169878828456276e-24,35.56944444445115,70,255,0,0
38.3000000000004,35.72387387872222,51.2763676735,1370.0,5.7960555579938955e-05,1.8495000063012412e-05,0.0,1.1368683772161603e-12,0.0,-3.637978807091403e-11,36.412222222229,70,255,0,0
38.350000000000406,35.723876776750004,51.27636859825,1370.0,5.7960555636782374e-05,1.8494999949325575e-05,-1.8189894035458565e-12,-5.684340801878629e-13,-1.136868350111106e-12,5.169878828456276e-24,37.255000000006845,70,255,0,0
38.400000000000404,35.723879674777784,51.276369523,1370.0,5.7960555523095536e-05,1.8494999949325575e-05,0.0,-1.1368683772161603e-12,1.1368683772161603e-12,3.63797880709192e-11,38.09777777778458,70,255,0,0
38.4500000000004,35.72388257280556,51.27637044775,1370.0,5.7960555523095536e-05,1.8495000063012412e-05,1.8189894035458565e-12,-1.0842021724855044e-19,1.136868350111106e-12,5.169878828456276e-24,38.94055555556231,70,255,0,0
38.500000000000405,35.72388547083334,51.2763713725,1370.0,5.7960555523095536e-05,1.8495000063012412e-05,0.0,5.684341886080801e-13,-1.1368683772161603e-12,-3.637978807091403e-11,39.78333333334016,70,255,0,0
38.55000000000041,35.72388836886111,51.27637229725,1370.0,5.7960555579938955e-05,1.8494999949325575e-05,-1.8189894035458565e-12,1.1368684856363775e-12,-1.136868350111106e-12,5.169878828456276e-24,40.62611111111801,70,255,0,0
38.600000000000406,35.72389126688889,51.276373222,1370.0,5.7960555636782374e-05,1.8494999949325575e-05,0.0,-5.684341886080801e-13,1.1368683772161603e-12,3.63797880709192e-11,41.468888888895734,70,255,0,0
38.650000000000404,35.72389416491667,51.27637414675,1370.0,5.7960555523095536e-05,1.8495000063012412e-05,1.8189894035458565e-12,-1.1368684856363775e-12,-2.710505431213761e-20,5.169878828456276e-24,42.31166666667347,70,255,0,0
38.70000000000041,35.723897062944445,51.2763750715,1370.0,5.7960555523095536e-05,1.8494999949325575e-05,0.0,5.684341886080801e-13,-1.1368683772161603e-12,-3.637978807091403e-11,43.154444444451315,70,255,0,0
38.75000000000041,35.723899960972226,51.276375996249996,1370.0,5.7960555579938955e-05,1.8494999949325575e-05,-1.8189894035458565e-12,1.0842021724855044e-19,1.1368684043212146e-12,5.169878828456276e-24,43.99722222222917,70,255,0,0
38.80000000000041,35.723902859000006,51.276376921,1370.0,5.7960555523095536e-05,1.8495000063012412e-05,0.0,-5.684341886080801e-13,1.1368683772161603e-12,3.63797880709192e-11,44.840000000006896,70,255,0,0
38.850000000000406,35.72390575702778,51.27637784575,1370.0,5.7960555523095536e-05,1.8495000063012412e-05,1.8189894035458565e-12,-1.0842021724855044e-19,-1.1368684043212146e-12,5.169878828456276e-24,45.68277777778462,70,255,0,0
38.90000000000041,35.72390865505556,51.2763787705,1370.0,5.7960555523095536e-05,1.8494999949325575e-05,0.0,5.684341886080801e-13,-1.1368683772161603e-12,-3.637978807091403e-11,46.52555555556248,70,255,0,0
38.950000000000415,35.72391155308333,51.27637969525,1370.0,5.7960555579938955e-05,1.8494999949325575e-05,-1.8189894035458565e-12,1.1368684856363775e-12,1.1368684043212146e-12,5.169878828456276e-24,47.368333333340324,70,255,0,0
39.00000000000041,35.72391445111111,51.27638062,1370.0,5.7960555636782374e-05,1.8495000063012412e-05,0.0,-5.684341886080801e-13,1.1368683772161603e-12,3.63797880709192e-11,48.21111111111806,70,255,0,0
39.05000000000041,35.723917349138894,51.27638154475,1370.0,5.7960555523095536e-05,1.8495000063012412e-05,1.8189894035458565e-12,-1.1368684856363775e-12,-1.1368684043212146e-12,5.169878828456276e-24,49.053888888895784,70,255,0,0
39.10000000000041,35.72392024716667,51.2763824695,1370.0,5.7960555523095536e-05,1.8494999949325575e-05,0.0,1.1368683772161603e-12,-1.1368683772161603e-12,-3.637978807091403e-11,49.89666666667363,70,255,0,0
39.15000000000042,35.72392314519445,51.27638339425,1370.0,5.7960555636782374e-05,1.8494999949325575e-05,-1.8189894035458565e-12,1.0842021724855044e-19,1.1368684043212146e-12,5.169878828456276e-24,50.739444444451486,70,255,0,0
39.200000000000415,35.72392604322223,51.276384319,1370.0,5.7960555523095536e-05,1.8495000063012412e-05,0.0,-1.1368683772161603e-12,0.0,3.63797880709192e-11,51.58222222222921,70,255,0,0
39.25000000000041,35.72392894125,51.27638524375,1370.0,5.7960555523095536e-05,1.8494999949325575e-05,1.8189894035458565e-12,1.136868268795943e-12,-1.1368684043212146e-12,5.169878828456276e-24,52.425000000006946,70,255,0,0
39.300000000000416,35.72393183927778,51.2763861685,1370.0,5.7960555636782374e-05,1.8494999949325575e-05,0.0,0.0,1.1368683772161603e-12,-3.637978807091403e-11,53.267777777784794,70,255,0,0
39.35000000000042,35.72393473730556,51.27638709325,1370.0,5.7960555523095536e-05,1.8495000063012412e-05,-1.8189894035458565e-12,-1.136868268795943e-12,2.710505431213761e-20,5.169878828456276e-24,54.11055555556264,70,255,0,0
39.40000000000042,35.723937635333336,51.276388018,1370.0,5.7960555523095536e-05,1.8494999949325575e-05,0.0,0.0,-1.1368683772161603e-12,3.63797880709192e-11,54.953333333340375,70,255,0,0
39.450000000000415,35.723940533361116,51.276388942749996,1370.0,5.7960555523095536e-05,1.8494999949325575e-05,1.8189894035458565e-12,-1.0842021724855044e-19,1.136868350111106e-12,5.169878828456276e-24,55.7961111111181,70,255,0,0
39.50000000000042,35.72394343138889,51.2763898675,1370.0,5.7960555523095536e-05,1.8495000063012412e-05,0.0,1.1368683772161603e-12,0.0,-3.637978807091403e-11,56.63888888889595,70,255,0,0
39.55000000000042,35.72394632941667,51.27639079225,1370.0,5.7960555636782374e-05,1.8494999949325575e-05,-1.8189894035458565e-12,5.684342970282974e-13,2.710505431213761e-20,5.169878828456276e-24,57.4816666666738,70,255,0,0
39.60000000000042,35.72394922744445,51.276391716999996,1370.0,5.7960555579938955e-05,1.8495000063012412e-05,0.0,-1.1368683772161603e-12,1.1368683772161603e-12,3.63797880709192e-11,58.32444444445153,70,255,0,0
39.65000000000042,35.72395212547222,51.27639264175,1370.0,5.7960555523095536e-05,1.8495000063012412e-05,1.8189894035458565e-12,-1.0842021724855044e-19,-1.1368684043212146e-12,5.169878828456276e-24,59.16722222222926,70,255,0,0
39.70000000000042,35.723955023500004,51.2763935665,1370.0,5.7960555579938955e-05,1.8494999949325575e-05,0.0,0.0,0.0,-3.637978807091403e-11,60.01000000000711,70,255,0,0
39.750000000000426,35.723957921527784,51.27639449125,1370.0,5.7960555523095536e-05,1.8495000063012412e-05,-1.8189894035458565e-12,-5.684340801878629e-13,2.710505431213761e-20,5.169878828456276e-24,60.85277777778496,70,255,0,0
39.80000000000042,35.72396081955556,51.276395416,1370.0,5.7960555523095536e-05,1.8494999949325575e-05,0.0,0.0,-1.1368683772161603e-12,3.63797880709192e-11,61.69555555556269,70,255,0,0
39.85000000000042,35.72396371758334,51.27639634075,1370.0,5.7960555523095536e-05,1.8494999949325575e-05,1.8189894035458565e-12,5.684340801878629e-13,1.136868350111106e-12,5.169878828456276e-24,62.53833333334042,70,255,0,0
39.900000000000425,35.72396661561111,51.2763972655,1370.0,5.7960555579938955e-05,1.8495000063012412e-05,0.0,1.1368683772161603e-12,0.0,-3.637978807091403e-11,63.38111111111827,70,255,0,0
39.95000000000043,35.72396951363889,51.27639819025,1370.0,5.7960555636782374e-05,1.8494999949325575e-05,-1.8189894035458565e-12,-5.684340801878629e-13,-1.136868350111106e-12,5.169878828456276e-24,64.22388888889611,70,255,0,0
40.000000000000426,35.72397241166667,51.276399115,1370.0,5.7960555523095536e-05,1.8494999949325575e-05,0.0,-1.1368683772161603e-12,1.1368683772161603e-12,3.63797880709192e-11,65.06666666667385,70,255,0,0
40.05000000000042,35.723975309694445,51.27640003975,1370.0,5.7960555523095536e-05,1.8495000063012412e-05,1.8189894035458565e-12,5.684340801878629e-13,-2.710505431213761e-20,5.169878828456276e-24,65.90944444445158,70,255,0,0
40.10000000000043,35.723978207722226,51.2764009645,1370.0,5.7960555579938955e-05,1.8494999949325575e-05,0.0,5.684341886080801e-13,-1.1368683772161603e-12,-3.637978807091403e-11,66.75222222222942,70,255,0,0
40.15000000000043,35.723981105750006,51.276401889249996,1370.0,5.7960555579938955e-05,1.8494999949325575e-05,-1.8189894035458565e-12,1.0842021724855044e-19,1.1368684043212146e-12,5.169878828456276e-24,67.59500000000727,70,255,0,0
40.20000000000043,35.72398400377778,51.276402814,1370.0,5.7960555579938955e-05,1.8495000063012412e-05,0.0,-5.684341886080801e-13,1.1368683772161603e-12,3.63797880709192e-11,68.43777777778502,70,255,0,0
40.250000000000426,35.72398690180556,51.27640373875,1370.0,5.7960555523095536e-05,1.8495000063012412e-05,1.8189894035458565e-12,-5.684342970282974e-13,-2.710505431213761e-20,5.169878828456276e-24,69.28055555556273,70,255,0,0
40.30000000000043,35.72398979983333,51.276404663499996,1370.0,5.7960555523095536e-05,1.8495000063012412e-05,0.0,5.684341886080801e-13,-1.1368683772161603e-12,-3.637978807091403e-11,70.12333333334058,70,255,0,0
40.350000000000435,35.723992697861114,51.27640558825,1370.0,5.7960555579938955e-05,1.8494999949325575e-05,-1.8189894035458565e-12,1.0842021724855044e-19,-1.136868350111106e-12,5.169878828456276e-24,70.96611111111844,70,255,0,0
40.40000000000043,35.723995595888894,51.276406513,1370.0,5.7960555523095536e-05,1.8494999949325575e-05,0.0,-5.684341886080801e-13,1.1368683772161603e-12,3.63797880709192e-11,71.80888888889616,70,255,0,0
40.45000000000043,35.72399849391667,51.27640743775,1370.0,5.7960555523095536e-05,1.8495000063012412e-05,1.8189894035458565e-12,1.136868268795943e-12,-2.710505431213761e-20,5.169878828456276e-24,72.65166666667389,70,255,0,0
40.50000000000043,35.72400139194445,51.2764083625,1370.0,5.7960555636782374e-05,1.8494999949325575e-05,0.0,5.684341886080801e-13,-1.1368683772161603e-12,-3.637978807091403e-11,73.49444444445174,70,255,0,0
40.55000000000044,35.72400428997223,51.27640928725,1370.0,5.7960555579938955e-05,1.8494999949325575e-05,-1.8189894035458565e-12,-1.136868268795943e-12,1.1368684043212146e-12,5.169878828456276e-24,74.3372222222296,70,255,0,0
40.600000000000435,35.724007188,51.276410212,1370.0,5.7960555523095536e-05,1.8495000063012412e-05,0.0,-5.684341886080801e-13,0.0,3.63797880709192e-11,75.18000000000733,70,255,0,0
40.65000000000043,35.72401008602778,51.27641113675,1370.0,5.7960555523095536e-05,1.8494999949325575e-05,1.8189894035458565e-12,-1.0842021724855044e-19,-2.710505431213761e-20,5.169878828456276e-24,76.02277777778505,70,255,0,0
40.700000000000436,35.724012984055555,51.2764120615,1370.0,5.7960555523095536e-05,1.8495000063012412e-05,0.0,1.1368683772161603e-12,1.1368683772161603e-12,-3.637978807091403e-11,76.8655555555629,70,255,0,0
40.75000000000044,35.724015882083336,51.27641298625,1370.0,5.7960555636782374e-05,1.8495000063012412e-05,-1.8189894035458565e-12,1.0842021724855044e-19,-1.136868350111106e-12,5.169878828456276e-24,77.70833333334076,70,255,0,0
40.80000000000044,35.724018780111116,51.276413911,1370.0,5.7960555523095536e-05,1.8494999949325575e-05,0.0,-1.1368683772161603e-12,0.0,3.63797880709192e-11,78.55111111111849,70,255,0,0
40.850000000000435,35.72402167813889,51.276414835749996,1370.0,5.7960555523095536e-05,1.8495000063012412e-05,1.8189894035458565e-12,1.136868268795943e-12,-2.710505431213761e-20,5.169878828456276e-24,79.39388888889621,70,255,0,0
40.90000000000044,35.72402457616667,51.2764157605,1370.0,5.7960555636782374e-05,1.8494999949325575e-05,0.0,0.0,-1.1368683772161603e-12,-3.637978807091403e-11,80.23666666667407,70,255,0,0
40.95000000000044,35.72402747419445,51.27641668525,1370.0,5.7960555523095536e-05,1.8494999949325575e-05,-1.8189894035458565e-12,-1.136868268795943e-12,1.1368684043212146e-12,5.169878828456276e-24,81.07944444445191,70,255,0,0
41.00000000000044,35.724030372222224,51.276417609999996,1370.0,5.7960555523095536e-05,1.8495000063012412e-05,0.0,0.0,0.0,3.63797880709192e-11,81.92222222222965,70,255,0,0
41.05000000000044,35.724033270250004,51.27641853475,1370.0,5.7960555523095536e-05,1.8494999949325575e-05,1.8189894035458565e-12,-1.0842021724855044e-19,-1.1368684043212146e-12,5.169878828456276e-24,82.76500000000738,70,255,0,0
41.10000000000044,35.72403616827778,51.2764194595,1370.0,5.7960555523095536e-05,1.8494999949325575e-05,0.0,1.1368683772161603e-12,1.1368683772161603e-12,-3.637978807091403e-11,83.60777777778522,70,255,0,0
41.150000000000446,35.72403906630556,51.27642038425,1370.0,5.7960555636782374e-05,1.8495000063012412e-05,-1.8189894035458565e-12,5.684342970282974e-13,2.710505431213761e-20,5.169878828456276e-24,84.45055555556307,70,255,0,0
41.20000000000044,35.72404196433334,51.276421309,1370.0,5.7960555579938955e-05,1.8494999949325575e-05,0.0,-1.1368683772161603e-12,0.0,3.63797880709192e-11,85.2933333333408,70,255,0,0
41.25000000000044,35.72404486236111,51.27642223375,1370.0,5.7960555523095536e-05,1.8495000063012412e-05,1.8189894035458565e-12,-1.0842021724855044e-19,1.136868350111106e-12,5.169878828456276e-24,86.13611111111854,70,255,0,0
41.300000000000445,35.72404776038889,51.2764231585,1370.0,5.7960555579938955e-05,1.8495000063012412e-05,0.0,0.0,-2.2737367544323206e-12,-3.637978807091403e-11,86.97888888889638,70,255,0,0
41.35000000000045,35.72405065841667,51.27642408325,1370.0,5.7960555523095536e-05,1.8494999835638737e-05,-1.8189894035458565e-12,-5.684340801878629e-13,2.710505431213761e-20,5.169878828456276e-24,87.82166666667423,70,255,0,0
41.400000000000446,35.724053556444446,51.276425008,1370.0,5.7960555523095536e-05,1.8495000063012412e-05,0.0,1.1368683772161603e-12,2.2737367544323206e-12,3.63797880709192e-11,88.66444444445196,70,255,0,0
41.45000000000044,35.724056454472226,51.27642593275,1370.0,5.7960555636782374e-05,1.8495000063012412e-05,1.8189894035458565e-12,5.684340801878629e-13,-1.1368684043212146e-12,5.169878828456276e-24,89.50722222222969,70,255,0,0
41.50000000000045,35.72405935250001,51.2764268575,1370.0,5.7960555579938955e-05,1.8494999949325575e-05,0.0,-1.1368683772161603e-12,0.0,-3.637978807091403e-11,90.35000000000754,70,255,0,0
41.55000000000045,35.72406225052778,51.276427782249996,1370.0,5.7960555523095536e-05,1.8495000063012412e-05,-1.8189894035458565e-12,-5.684340801878629e-13,2.710505431213761e-20,5.169878828456276e-24,91.1927777777854,70,255,0,0
41.60000000000045,35.72406514855556,51.276428707,1370.0,5.7960555523095536e-05,1.8494999949325575e-05,0.0,0.0,-1.1368683772161603e-12,3.63797880709192e-11,92.03555555556312,70,255,0,0
41.650000000000446,35.724068046583334,51.27642963175,1370.0,5.7960555523095536e-05,1.8494999949325575e-05,1.8189894035458565e-12,5.684340801878629e-13,1.136868350111106e-12,5.169878828456276e-24,92.87833333334085,70,255,0,0
41.70000000000045,35.724070944611114,51.276430556499996,1370.0,5.7960555579938955e-05,1.8495000063012412e-05,0.0,5.684341886080801e-13,0.0,-3.637978807091403e-11,93.7211111111187,70,255,0,0
41.750000000000455,35.724073842638894,51.27643148125,1370.0,5.7960555579938955e-05,1.8494999949325575e-05,-1.8189894035458565e-12,1.0842021724855044e-19,-1.136868350111106e-12,5.169878828456276e-24,94.56388888889654,70,255,0,0
41.80000000000045,35.72407674066667,51.276432406,1370.0,5.7960555579938955e-05,1.8494999949325575e-05,0.0,0.0,1.1368683772161603e-12,3.63797880709192e-11,95.40666666667428,70,255,0,0
41.85000000000045,35.72407963869445,51.276433330749995,1370.0,5.7960555579938955e-05,1.8495000063012412e-05,1.8189894035458565e-12,-5.684342970282974e-13,1.136868350111106e-12,5.169878828456276e-24,96.24944444445201,70,255,0,0
41.90000000000045,35.72408253672223,51.2764342555,1370.0,5.7960555523095536e-05,1.8495000063012412e-05,0.0,-5.684341886080801e-13,0.0,-3.637978807091403e-11,97.09222222222985,70,255,0,0
41.95000000000046,35.72408543475,51.27643518025,1370.0,5.7960555523095536e-05,1.8495000063012412e-05,-1.8189894035458565e-12,1.0842021724855044e-19,-1.136868350111106e-12,5.169878828456276e-24,97.9350000000077,70,255,0,0
42.000000000000455,35.72408833277778,51.276436105,1370.0,5.7960555523095536e-05,1.8494999949325575e-05,0.0,0.0,-1.1368683772161603e-12,3.63797880709192e-11,98.77777777778543,70,255,0,0
42.05000000000045,35.724091230805556,51.27643702975,1370.0,5.7960555523095536e-05,1.8494999949325575e-05,1.8189894035458565e-12,1.136868268795943e-12,1.136868350111106e-12,5.169878828456276e-24,99.62055555556317,70,255,0,0
42.100000000000456,35.724094128833336,51.2764379545,1370.0,5.7960555636782374e-05,1.8495000063012412e-05,0.0,5.684341886080801e-13,0.0,-3.637978807091403e-11,100.46333333334101,70,255,0,0
42.15000000000046,35.724097026861116,51.27643887925,1370.0,5.7960555579938955e-05,1.8494999949325575e-05,-1.8189894035458565e-12,-1.136868268795943e-12,-1.136868350111106e-12,5.169878828456276e-24,101.30611111111887,70,255,0,0
42.20000000000046,35.72409992488889,51.276439804,1370.0,5.7960555523095536e-05,1.8494999949325575e-05,0.0,0.0,1.1368683772161603e-12,3.63797880709192e-11,102.1488888888966,70,255,0,0
42.250000000000455,35.72410282291667,51.276440728749996,1370.0,5.7960555579938955e-05,1.8495000063012412e-05,1.8189894035458565e-12,-1.0842021724855044e-19,-2.710505431213761e-20,5.169878828456276e-24,102.99166666667432,70,255,0,0
42.30000000000046,35.72410572094445,51.2764416535,1370.0,5.7960555523095536e-05,1.8494999949325575e-05,0.0,0.0,-1.1368683772161603e-12,-3.637978807091403e-11,103.83444444445217,70,255,0,0
42.35000000000046,35.724108618972224,51.27644257825,1370.0,5.7960555579938955e-05,1.8494999949325575e-05,-1.8189894035458565e-12,1.0842021724855044e-19,1.1368684043212146e-12,5.169878828456276e-24,104.67722222223003,70,255,0,0
42.40000000000046,35.724111517000004,51.276443502999996,1370.0,5.7960555523095536e-05,1.8495000063012412e-05,0.0,-5.684341886080801e-13,1.1368683772161603e-12,3.63797880709192e-11,105.52000000000776,70,255,0,0
42.45000000000046,35.72411441502778,51.27644442775,1370.0,5.7960555523095536e-05,1.8495000063012412e-05,1.8189894035458565e-12,1.136868268795943e-12,-1.1368684043212146e-12,5.169878828456276e-24,106.36277777778548,70,255,0,0
42.50000000000046,35.72411731305556,51.2764453525,1370.0,5.7960555636782374e-05,1.8494999949325575e-05,0.0,0.0,-1.1368683772161603e-12,-3.637978807091403e-11,107.20555555556334,70,255,0,0
42.550000000000466,35.72412021108334,51.276446277249995,1370.0,5.7960555523095536e-05,1.8494999949325575e-05,-1.8189894035458565e-12,-1.136868268795943e-12,1.1368684043212146e-12,5.169878828456276e-24,108.04833333334118,70,255,0,0
42.60000000000046,35.72412310911111,51.276447202,1370.0,5.7960555523095536e-05,1.8495000063012412e-05,0.0,5.684341886080801e-13,1.1368683772161603e-12,3.63797880709192e-11,108.89111111111892,70,255,0,0
42.65000000000046,35.72412600713889,51.27644812675,1370.0,5.7960555579938955e-05,1.8495000063012412e-05,1.8189894035458565e-12,-1.0842021724855044e-19,-1.1368684043212146e-12,5.169878828456276e-24,109.73388888889664,70,255,0,0
42.700000000000465,35.72412890516667,51.2764490515,1370.0,5.7960555523095536e-05,1.8494999949325575e-05,0.0,0.0,-1.1368683772161603e-12,-3.637978807091403e-11,110.5766666666745,70,255,0,0
42.75000000000047,35.724131803194446,51.27644997625,1370.0,5.7960555579938955e-05,1.8494999949325575e-05,-1.8189894035458565e-12,5.684342970282974e-13,1.1368684043212146e-12,5.169878828456276e-24,111.41944444445234,70,255,0,0
42.800000000000466,35.724134701222226,51.276450901,1370.0,5.7960555579938955e-05,1.8495000063012412e-05,0.0,-5.684341886080801e-13,0.0,3.63797880709192e-11,112.26222222223006,70,255,0,0
42.85000000000046,35.72413759925,51.27645182575,1370.0,5.7960555523095536e-05,1.8494999949325575e-05,1.8189894035458565e-12,-1.0842021724855044e-19,-1.1368684043212146e-12,5.169878828456276e-24,113.1050000000078,70,255,0,0
42.90000000000047,35.72414049727778,51.2764527505,1370.0,5.7960555579938955e-05,1.8494999949325575e-05,0.0,0.0,1.1368683772161603e-12,-3.637978807091403e-11,113.94777777778565,70,255,0,0
42.95000000000047,35.72414339530556,51.276453675249996,1370.0,5.7960555523095536e-05,1.8495000063012412e-05,-1.8189894035458565e-12,-5.684340801878629e-13,1.1368684043212146e-12,5.169878828456276e-24,114.7905555555635,70,255,0,0
43.00000000000047,35.724146293333334,51.2764546,1370.0,5.7960555523095536e-05,1.8495000063012412e-05,0.0,1.1368683772161603e-12,-1.1368683772161603e-12,3.63797880709192e-11,115.63333333334123,70,255,0,0
43.050000000000466,35.724149191361114,51.27645552475,1370.0,5.7960555636782374e-05,1.8494999949325575e-05,1.8189894035458565e-12,5.684340801878629e-13,-1.1368684043212146e-12,5.169878828456276e-24,116.47611111111895,70,255,0,0
43.10000000000047,35.724152089388895,51.276456449499996,1370.0,5.7960555579938955e-05,1.8494999949325575e-05,0.0,-1.1368683772161603e-12,1.1368683772161603e-12,-3.637978807091403e-11,117.31888888889681,70,255,0,0
43.150000000000475,35.72415498741667,51.27645737425,1370.0,5.7960555523095536e-05,1.8495000063012412e-05,-1.8189894035458565e-12,-5.684340801878629e-13,2.710505431213761e-20,5.169878828456276e-24,118.16166666667466,70,255,0,0
43.20000000000047,35.72415788544445,51.276458299,1370.0,5.7960555523095536e-05,1.8494999949325575e-05,0.0,0.0,-1.1368683772161603e-12,3.63797880709192e-11,119.00444444445239,70,255,0,0
43.25000000000047,35.72416078347222,51.276459223749995,1370.0,5.7960555523095536e-05,1.8494999949325575e-05,1.8189894035458565e-12,5.684340801878629e-13,1.136868350111106e-12,5.169878828456276e-24,119.84722222223012,70,255,0,0
43.30000000000047,35.7241636815,51.2764601485,1370.0,5.7960555579938955e-05,1.8495000063012412e-05,0.0,5.684341886080801e-13,1.1368683772161603e-12,-3.637978807091403e-11,120.69000000000797,70,255,0,0
43.35000000000048,35.72416657952778,51.27646107325,1370.0,5.7960555579938955e-05,1.8495000063012412e-05,-1.8189894035458565e-12,1.0842021724855044e-19,-1.136868350111106e-12,5.169878828456276e-24,121.53277777778582,70,255,0,0
43.400000000000475,35.724169477555556,51.276461998,1370.0,5.7960555579938955e-05,1.8494999949325575e-05,0.0,0.0,-1.1368683772161603e-12,3.63797880709192e-11,122.37555555556355,70,255,0,0
43.45000000000047,35.724172375583336,51.27646292275,1370.0,5.7960555579938955e-05,1.8494999949325575e-05,1.8189894035458565e-12,-5.684342970282974e-13,1.136868350111106e-12,5.169878828456276e-24,123.21833333334128,70,255,0,0
43.500000000000476,35.72417527361112,51.2764638475,1370.0,5.7960555523095536e-05,1.8495000063012412e-05,0.0,-5.684341886080801e-13,0.0,-3.637978807091403e-11,124.06111111111913,70,255,0,0
43.55000000000048,35.72417817163889,51.27646477225,1370.0,5.7960555523095536e-05,1.8494999949325575e-05,-1.8189894035458565e-12,1.0842021724855044e-19,-1.136868350111106e-12,5.169878828456276e-24,124.90388888889697,70,255,0,0
43.60000000000048,35.72418106966667,51.276465697,1370.0,5.7960555523095536e-05,1.8494999949325575e-05,0.0,0.0,1.1368683772161603e-12,3.63797880709192e-11,125.74666666667471,70,255,0,0
43.650000000000475,35.724183967694444,51.27646662175,1370.0,5.7960555523095536e-05,1.8495000063012412e-05,1.8189894035458565e-12,1.136868268795943e-12,1.136868350111106e-12,5.169878828456276e-24,126.58944444445244,70,255,0,0
43.70000000000048,35.724186865722224,51.2764675465,1370.0,5.7960555636782374e-05,1.8495000063012412e-05,0.0,5.684341886080801e-13,-1.1368683772161603e-12,-3.637978807091403e-11,127.43222222223028,70,255,0,0
43.75000000000048,35.724189763750005,51.27646847125,1370.0,5.7960555579938955e-05,1.8494999949325575e-05,-1.8189894035458565e-12,-1.136868268795943e-12,-1.136868350111106e-12,5.169878828456276e-24,128.27500000000813,70,255,0,0
43.80000000000048,35.72419266177778,51.276469395999996,1370.0,5.7960555523095536e-05,1.8494999949325575e-05,0.0,0.0,1.1368683772161603e-12,3.63797880709192e-11,129.11777777778588,70,255,0,0
43.85000000000048,35.72419555980556,51.27647032075,1370.0,5.7960555579938955e-05,1.8495000063012412e-05,1.8189894035458565e-12,-1.0842021724855044e-19,-2.710505431213761e-20,5.169878828456276e-24,129.9605555555636,70,255,0,0
43.90000000000048,35.72419845783334,51.2764712455,1370.0,5.7960555523095536e-05,1.8494999949325575e-05,0.0,0.0,-1.1368683772161603e-12,-3.637978807091403e-11,130.80333333334144,70,255,0,0
43.950000000000486,35.72420135586111,51.276472170249995,1370.0,5.7960555579938955e-05,1.8494999949325575e-05,-1.8189894035458565e-12,1.1368684856363775e-12,1.1368684043212146e-12,5.169878828456276e-24,131.6461111111193,70,255,0,0
44.00000000000048,35.72420425388889,51.276473095,1370.0,5.7960555636782374e-05,1.8495000063012412e-05,0.0,-5.684341886080801e-13,0.0,3.63797880709192e-11,132.488888888897,70,255,0,0
44.05000000000048,35.72420715191667,51.27647401975,1370.0,5.7960555523095536e-05,1.8494999949325575e-05,1.8189894035458565e-12,-1.1368684856363775e-12,-2.710505431213761e-20,5.169878828456276e-24,133.33166666667475,70,255,0,0
44.100000000000485,35.724210049944446,51.276474944499995,1370.0,5.7960555523095536e-05,1.8495000063012412e-05,0.0,0.0,1.1368683772161603e-12,-3.637978807091403e-11,134.1744444444526,70,255,0,0
44.15000000000049,35.72421294797223,51.27647586925,1370.0,5.7960555523095536e-05,1.8495000063012412e-05,-1.8189894035458565e-12,1.0842021724855044e-19,-1.136868350111106e-12,5.169878828456276e-24,135.01722222223046,70,255,0,0
44.200000000000486,35.724215846,51.276476794,1370.0,5.7960555523095536e-05,1.8494999949325575e-05,0.0,5.684341886080801e-13,0.0,3.63797880709192e-11,135.8600000000082,70,255,0,0
44.25000000000048,35.72421874402778,51.27647771875,1370.0,5.7960555579938955e-05,1.8495000063012412e-05,1.8189894035458565e-12,-1.0842021724855044e-19,-2.710505431213761e-20,5.169878828456276e-24,136.7027777777859,70,255,0,0
44.30000000000049,35.72422164205556,51.2764786435,1370.0,5.7960555523095536e-05,1.8494999949325575e-05,0.0,0.0,-1.1368683772161603e-12,-3.637978807091403e-11,137.54555555556377,70,255,0,0
44.35000000000049,35.724224540083334,51.27647956825,1370.0,5.7960555579938955e-05,1.8494999949325575e-05,-1.8189894035458565e-12,1.1368684856363775e-12,1.1368684043212146e-12,5.169878828456276e-24,138.38833333334162,70,255,0,0
44.40000000000049,35.724227438111114,51.276480493,1370.0,5.7960555636782374e-05,1.8495000063012412e-05,0.0,-5.684341886080801e-13,0.0,3.63797880709192e-11,139.23111111111933,70,255,0,0
44.450000000000486,35.724230336138895,51.27648141775,1370.0,5.7960555523095536e-05,1.8494999949325575e-05,1.8189894035458565e-12,-1.1368684856363775e-12,-1.1368684043212146e-12,5.169878828456276e-24,140.07388888889707,70,255,0,0
44.50000000000049,35.72423323416667,51.276482342499996,1370.0,5.7960555523095536e-05,1.8494999949325575e-05,0.0,0.0,1.1368683772161603e-12,-3.637978807091403e-11,140.91666666667493,70,255,0,0
44.550000000000495,35.72423613219445,51.27648326725,1370.0,5.7960555523095536e-05,1.8495000063012412e-05,-1.8189894035458565e-12,1.0842021724855044e-19,2.710505431213761e-20,5.169878828456276e-24,141.75944444445275,70,255,0,0
44.60000000000049,35.72423903022222,51.276484192,1370.0,5.7960555523095536e-05,1.8494999949325575e-05,0.0,1.1368683772161603e-12,0.0,3.63797880709192e-11,142.6022222222305,70,255,0,0
44.65000000000049,35.72424192825,51.276485116749996,1370.0,5.7960555636782374e-05,1.8495000063012412e-05,1.8189894035458565e-12,5.684340801878629e-13,1.136868350111106e-12,5.169878828456276e-24,143.44500000000824,70,255,0,0
44.70000000000049,35.72424482627778,51.2764860415,1370.0,5.7960555579938955e-05,1.8495000063012412e-05,0.0,-1.1368683772161603e-12,-2.2737367544323206e-12,-3.637978807091403e-11,144.2877777777861,70,255,0,0
44.7500000000005,35.724247724305556,51.27648696625,1370.0,5.7960555523095536e-05,1.8494999835638737e-05,-1.8189894035458565e-12,1.0842021724855044e-19,2.710505431213761e-20,5.169878828456276e-24,145.13055555556392,70,255,0,0
44.800000000000495,35.72425062233334,51.276487890999995,1370.0,5.7960555579938955e-05,1.8495000063012412e-05,0.0,0.0,2.2737367544323206e-12,3.63797880709192e-11,145.97333333334166,70,255,0,0
44.85000000000049,35.72425352036112,51.27648881575,1370.0,5.7960555523095536e-05,1.8495000063012412e-05,1.8189894035458565e-12,-5.684342970282974e-13,-1.1368684043212146e-12,5.169878828456276e-24,146.8161111111194,70,255,0,0
44.900000000000496,35.72425641838889,51.2764897405,1370.0,5.7960555523095536e-05,1.8494999949325575e-05,0.0,5.684341886080801e-13,0.0,-3.637978807091403e-11,147.65888888889725,70,255,0,0
44.9500000000005,35.72425931641667,51.27649066525,1370.0,5.7960555579938955e-05,1.8495000063012412e-05,-1.8189894035458565e-12,5.684342970282974e-13,2.710505431213761e-20,5.169878828456276e-24,148.50166666667508,70,255,0,0
45.0000000000005,35.724262214444444,51.27649159,1370.0,5.7960555579938955e-05,1.8494999949325575e-05,0.0,0.0,-1.1368683772161603e-12,3.63797880709192e-11,149.34444444445282,70,255,0,0
45.050000000000495,35.724265112472224,51.27649251475,1370.0,5.7960555579938955e-05,1.8494999949325575e-05,1.8189894035458565e-12,-5.684342970282974e-13,1.136868350111106e-12,5.169878828456276e-24,150.18722222223056,70,255,0,0
45.1000000000005,35.724268010500005,51.2764934395,1370.0,5.7960555523095536e-05,1.8495000063012412e-05,0.0,-5.684341886080801e-13,0.0,-3.637978807091403e-11,151.03000000000839,70,255,0,0
45.1500000000005,35.72427090852778,51.27649436425,1370.0,5.7960555523095536e-05,1.8494999949325575e-05,-1.8189894035458565e-12,5.684342970282974e-13,2.710505431213761e-20,5.169878828456276e-24,151.87277777778624,70,255,0,0
45.2000000000005,35.72427380655556,51.276495288999996,1370.0,5.7960555579938955e-05,1.8495000063012412e-05,0.0,0.0,1.1368683772161603e-12,3.63797880709192e-11,152.71555555556398,70,255,0,0
45.2500000000005,35.72427670458334,51.27649621375,1370.0,5.7960555523095536e-05,1.8495000063012412e-05,1.8189894035458565e-12,-1.0842021724855044e-19,-1.1368684043212146e-12,5.169878828456276e-24,153.5583333333417,70,255,0,0
45.3000000000005,35.72427960261111,51.2764971385,1370.0,5.7960555579938955e-05,1.8494999949325575e-05,0.0,5.684341886080801e-13,0.0,-3.637978807091403e-11,154.40111111111955,70,255,0,0
45.350000000000506,35.72428250063889,51.276498063249996,1370.0,5.7960555579938955e-05,1.8495000063012412e-05,-1.8189894035458565e-12,-5.684340801878629e-13,2.710505431213761e-20,5.169878828456276e-24,155.2438888888974,70,255,0,0
45.4000000000005,35.724285398666666,51.276498988,1370.0,5.7960555523095536e-05,1.8494999949325575e-05,0.0,0.0,-1.1368683772161603e-12,3.63797880709192e-11,156.08666666667514,70,255,0,0
45.4500000000005,35.724288296694446,51.27649991275,1370.0,5.7960555579938955e-05,1.8494999949325575e-05,1.8189894035458565e-12,-1.0842021724855044e-19,1.136868350111106e-12,5.169878828456276e-24,156.92944444445286,70,255,0,0
45.500000000000504,35.72429119472223,51.276500837499995,1370.0,5.7960555523095536e-05,1.8495000063012412e-05,0.0,0.0,0.0,-3.637978807091403e-11,157.7722222222307,70,255,0,0
45.55000000000051,35.72429409275,51.27650176225,1370.0,5.7960555579938955e-05,1.8494999949325575e-05,-1.8189894035458565e-12,1.1368684856363775e-12,-1.136868350111106e-12,5.169878828456276e-24,158.61500000000856,70,255,0,0
45.600000000000506,35.72429699077778,51.276502687,1370.0,5.7960555636782374e-05,1.8494999949325575e-05,0.0,-5.684341886080801e-13,1.1368683772161603e-12,3.63797880709192e-11,159.4577777777863,70,255,0,0
45.6500000000005,35.72429988880556,51.27650361175,1370.0,5.7960555523095536e-05,1.8495000063012412e-05,1.8189894035458565e-12,-1.1368684856363775e-12,-2.710505431213761e-20,5.169878828456276e-24,160.30055555556402,70,255,0,0
45.70000000000051,35.724302786833334,51.2765045365,1370.0,5.7960555523095536e-05,1.8494999949325575e-05,0.0,0.0,-1.1368683772161603e-12,-3.637978807091403e-11,161.14333333334187,70,255,0,0
45.75000000000051,35.724305684861115,51.27650546125,1370.0,5.7960555523095536e-05,1.8494999949325575e-05,-1.8189894035458565e-12,1.0842021724855044e-19,1.1368684043212146e-12,5.169878828456276e-24,161.98611111111973,70,255,0,0
45.80000000000051,35.72430858288889,51.276506386,1370.0,5.7960555523095536e-05,1.8495000063012412e-05,0.0,5.684341886080801e-13,1.1368683772161603e-12,3.63797880709192e-11,162.82888888889747,70,255,0,0
45.850000000000506,35.72431148091667,51.27650731075,1370.0,5.7960555579938955e-05,1.8495000063012412e-05,1.8189894035458565e-12,-1.0842021724855044e-19,-2.710505431213761e-20,5.169878828456276e-24,163.67166666667518,70,255,0,0
45.90000000000051,35.72431437894445,51.276508235499996,1370.0,5.7960555523095536e-05,1.8495000063012412e-05,0.0,0.0,-1.1368683772161603e-12,-3.637978807091403e-11,164.51444444445303,70,255,0,0
45.950000000000514,35.72431727697222,51.27650916025,1370.0,5.7960555579938955e-05,1.8494999949325575e-05,-1.8189894035458565e-12,1.1368684856363775e-12,-1.136868350111106e-12,5.169878828456276e-24,165.3572222222309,70,255,0,0
46.00000000000051,35.724320175,51.276510085,1370.0,5.7960555636782374e-05,1.8494999949325575e-05,0.0,-5.684341886080801e-13,1.1368683772161603e-12,3.63797880709192e-11,166.2000000000086,70,255,0,0
46.05000000000051,35.72432307302778,51.276511009749996,1370.0,5.7960555523095536e-05,1.8495000063012412e-05,1.8189894035458565e-12,-1.1368684856363775e-12,-2.710505431213761e-20,5.169878828456276e-24,167.04277777778634,70,255,0,0
46.10000000000051,35.724325971055556,51.2765119345,1370.0,5.7960555523095536e-05,1.8494999949325575e-05,0.0,1.1368683772161603e-12,-1.1368683772161603e-12,-3.637978807091403e-11,167.8855555555642,70,255,0,0
46.15000000000052,35.72432886908334,51.27651285925,1370.0,5.7960555636782374e-05,1.8494999949325575e-05,-1.8189894035458565e-12,1.0842021724855044e-19,1.1368684043212146e-12,5.169878828456276e-24,168.72833333334205,70,255,0,0
46.200000000000514,35.72433176711112,51.276513783999995,1370.0,5.7960555523095536e-05,1.8495000063012412e-05,0.0,-1.1368683772161603e-12,0.0,3.63797880709192e-11,169.57111111111976,70,255,0,0
46.25000000000051,35.72433466513889,51.27651470875,1370.0,5.7960555523095536e-05,1.8494999949325575e-05,1.8189894035458565e-12,5.684340801878629e-13,-1.1368684043212146e-12,5.169878828456276e-24,170.4138888888975,70,255,0,0
46.300000000000516,35.72433756316667,51.2765156335,1370.0,5.7960555579938955e-05,1.8494999949325575e-05,0.0,0.0,1.1368683772161603e-12,-3.637978807091403e-11,171.25666666667536,70,255,0,0
46.35000000000052,35.724340461194444,51.276516558249995,1370.0,5.7960555523095536e-05,1.8495000063012412e-05,-1.8189894035458565e-12,1.0842021724855044e-19,1.1368684043212146e-12,5.169878828456276e-24,172.0994444444532,70,255,0,0
46.40000000000052,35.724343359222225,51.276517483,1370.0,5.7960555579938955e-05,1.8495000063012412e-05,0.0,0.0,0.0,3.63797880709192e-11,172.94222222223092,70,255,0,0
46.450000000000514,35.724346257250005,51.27651840775,1370.0,5.7960555523095536e-05,1.8495000063012412e-05,1.8189894035458565e-12,-5.684342970282974e-13,-1.1368684043212146e-12,5.169878828456276e-24,173.78500000000867,70,255,0,0
46.50000000000052,35.72434915527778,51.2765193325,1370.0,5.7960555523095536e-05,1.8494999949325575e-05,0.0,1.1368683772161603e-12,-1.1368683772161603e-12,-3.637978807091403e-11,174.62777777778652,70,255,0,0
46.55000000000052,35.72435205330556,51.27652025725,1370.0,5.7960555636782374e-05,1.8494999949325575e-05,-1.8189894035458565e-12,5.684342970282974e-13,1.1368684043212146e-12,5.169878828456276e-24,175.47055555556435,70,255,0,0
46.60000000000052,35.72435495133334,51.276521181999996,1370.0,5.7960555579938955e-05,1.8495000063012412e-05,0.0,-1.1368683772161603e-12,0.0,3.63797880709192e-11,176.3133333333421,70,255,0,0
46.65000000000052,35.72435784936111,51.27652210675,1370.0,5.7960555523095536e-05,1.8494999949325575e-05,1.8189894035458565e-12,-5.684342970282974e-13,-1.1368684043212146e-12,5.169878828456276e-24,177.15611111111983,70,255,0,0
46.70000000000052,35.72436074738889,51.2765230315,1370.0,5.7960555523095536e-05,1.8494999949325575e-05,0.0,0.0,1.1368683772161603e-12,-3.637978807091403e-11,177.99888888889765,70,255,0,0
46.750000000000526,35.724363645416666,51.276523956249996,1370.0,5.7960555523095536e-05,1.8495000063012412e-05,-1.8189894035458565e-12,5.684342970282974e-13,2.710505431213761e-20,5.169878828456276e-24,178.8416666666755,70,255,0,0
46.80000000000052,35.72436654344445,51.276524881,1370.0,5.7960555579938955e-05,1.8494999949325575e-05,0.0,0.0,-1.1368683772161603e-12,3.63797880709192e-11,179.68444444445325,70,255,0,0
46.85000000000052,35.72436944147223,51.27652580575,1370.0,5.7960555523095536e-05,1.8494999949325575e-05,1.8189894035458565e-12,-1.0842021724855044e-19,1.136868350111106e-12,5.169878828456276e-24,180.527222222231,70,255,0,0
46.900000000000524,35.7243723395,51.276526730499995,1370.0,5.7960555579938955e-05,1.8495000063012412e-05,0.0,1.1368683772161603e-12,0.0,-3.637978807091403e-11,181.37000000000882,70,255,0,0
46.95000000000053,35.72437523752778,51.27652765525,1370.0,5.7960555636782374e-05,1.8494999949325575e-05,-1.8189894035458565e-12,-5.684340801878629e-13,-1.136868350111106e-12,5.169878828456276e-24,182.21277777778667,70,255,0,0
47.000000000000526,35.72437813555556,51.27652858,1370.0,5.7960555523095536e-05,1.8494999949325575e-05,0.0,-1.1368683772161603e-12,1.1368683772161603e-12,3.63797880709192e-11,183.0555555555644,70,255,0,0
47.05000000000052,35.724381033583334,51.276529504749995,1370.0,5.7960555523095536e-05,1.8495000063012412e-05,1.8189894035458565e-12,-1.0842021724855044e-19,1.136868350111106e-12,5.169878828456276e-24,183.89833333334212,70,255,0,0
47.10000000000053,35.724383931611115,51.2765304295,1370.0,5.7960555523095536e-05,1.8495000063012412e-05,0.0,5.684341886080801e-13,0.0,-3.637978807091403e-11,184.74111111111998,70,255,0,0
47.15000000000053,35.72438682963889,51.27653135425,1370.0,5.7960555579938955e-05,1.8495000063012412e-05,-1.8189894035458565e-12,1.1368684856363775e-12,-1.136868350111106e-12,5.169878828456276e-24,185.58388888889783,70,255,0,0
47.20000000000053,35.72438972766667,51.276532279,1370.0,5.7960555636782374e-05,1.8494999949325575e-05,0.0,-5.684341886080801e-13,-1.1368683772161603e-12,3.63797880709192e-11,186.42666666667557,70,255,0,0
47.250000000000526,35.72439262569445,51.27653320375,1370.0,5.7960555523095536e-05,1.8494999949325575e-05,1.8189894035458565e-12,-1.1368684856363775e-12,1.136868350111106e-12,5.169878828456276e-24,187.26944444445328,70,255,0,0
47.30000000000053,35.72439552372222,51.276534128499996,1370.0,5.7960555523095536e-05,1.8495000063012412e-05,0.0,5.684341886080801e-13,0.0,-3.637978807091403e-11,188.11222222223114,70,255,0,0
47.350000000000534,35.72439842175,51.27653505325,1370.0,5.7960555579938955e-05,1.8494999949325575e-05,-1.8189894035458565e-12,1.0842021724855044e-19,-1.136868350111106e-12,5.169878828456276e-24,188.955000000009,70,255,0,0
47.40000000000053,35.72440131977778,51.276535978,1370.0,5.7960555523095536e-05,1.8494999949325575e-05,0.0,-5.684341886080801e-13,1.1368683772161603e-12,3.63797880709192e-11,189.79777777778673,70,255,0,0
47.45000000000053,35.72440421780556,51.276536902749996,1370.0,5.7960555523095536e-05,1.8495000063012412e-05,1.8189894035458565e-12,-1.0842021724855044e-19,1.136868350111106e-12,5.169878828456276e-24,190.64055555556445,70,255,0,0
47.50000000000053,35.72440711583334,51.2765378275,1370.0,5.7960555523095536e-05,1.8495000063012412e-05,0.0,5.684341886080801e-13,-1.1368683772161603e-12,-3.637978807091403e-11,191.4833333333423,70,255,0,0
47.55000000000054,35.72441001386111,51.27653875225,1370.0,5.7960555579938955e-05,1.8494999949325575e-05,-1.8189894035458565e-12,1.1368684856363775e-12,-1.136868350111106e-12,5.169878828456276e-24,192.32611111112016,70,255,0,0
47.600000000000534,35.72441291188889,51.276539676999995,1370.0,5.7960555636782374e-05,1.8494999949325575e-05,0.0,-5.684341886080801e-13,1.1368683772161603e-12,3.63797880709192e-11,193.16888888889787,70,255,0,0
47.65000000000053,35.72441580991667,51.27654060175,1370.0,5.7960555523095536e-05,1.8495000063012412e-05,1.8189894035458565e-12,-1.1368684856363775e-12,-2.710505431213761e-20,5.169878828456276e-24,194.0116666666756,70,255,0,0
47.700000000000536,35.724418707944444,51.2765415265,1370.0,5.7960555523095536e-05,1.8494999949325575e-05,0.0,1.1368683772161603e-12,-1.1368683772161603e-12,-3.637978807091403e-11,194.85444444445346,70,255,0,0
47.75000000000054,35.724421605972225,51.276542451249995,1370.0,5.7960555636782374e-05,1.8494999949325575e-05,-1.8189894035458565e-12,1.0842021724855044e-19,1.1368684043212146e-12,5.169878828456276e-24,195.69722222223132,70,255,0,0
47.80000000000054,35.724424504000005,51.276543376,1370.0,5.7960555523095536e-05,1.8495000063012412e-05,0.0,-1.1368683772161603e-12,1.1368683772161603e-12,3.63797880709192e-11,196.54000000000903,70,255,0,0
47.850000000000534,35.72442740202778,51.27654430075,1370.0,5.7960555523095536e-05,1.8495000063012412e-05,1.8189894035458565e-12,5.684340801878629e-13,-1.1368684043212146e-12,5.169878828456276e-24,197.38277777778677,70,255,0,0
47.90000000000054,35.72443030005556,51.2765452255,1370.0,5.7960555579938955e-05,1.8494999949325575e-05,0.0,0.0,-1.1368683772161603e-12,-3.637978807091403e-11,198.22555555556463,70,255,0,0
47.95000000000054,35.72443319808333,51.27654615025,1370.0,5.7960555523095536e-05,1.8494999949325575e-05,-1.8189894035458565e-12,1.0842021724855044e-19,1.1368684043212146e-12,5.169878828456276e-24,199.06833333334248,70,255,0,0
48.00000000000054,35.72443609611111,51.276547074999996,1370.0,5.7960555579938955e-05,1.8495000063012412e-05,0.0,0.0,1.1368683772161603e-12,3.63797880709192e-11,199.9111111111202,70,255,0,0
48.05000000000054,35.72443899413889,51.27654799975,1370.0,5.7960555523095536e-05,1.8495000063012412e-05,1.8189894035458565e-12,-5.684342970282974e-13,-1.1368684043212146e-12,5.169878828456276e-24,200.75388888889793,70,255,0,0
48.10000000000054,35.724441892166666,51.2765489245,1370.0,5.7960555523095536e-05,1.8494999949325575e-05,0.0,1.1368683772161603e-12,-1.1368683772161603e-12,-3.637978807091403e-11,201.5966666666758,70,255,0,0
48.150000000000546,35.72444479019445,51.276549849249996,1370.0,5.7960555636782374e-05,1.8494999949325575e-05,-1.8189894035458565e-12,5.684342970282974e-13,1.1368684043212146e-12,5.169878828456276e-24,202.43944444445364,70,255,0,0
48.20000000000054,35.72444768822223,51.276550774,1370.0,5.7960555579938955e-05,1.8495000063012412e-05,0.0,-1.1368683772161603e-12,0.0,3.63797880709192e-11,203.28222222223135,70,255,0,0
48.25000000000054,35.72445058625,51.27655169875,1370.0,5.7960555523095536e-05,1.8494999949325575e-05,1.8189894035458565e-12,-1.0842021724855044e-19,-1.1368684043212146e-12,5.169878828456276e-24,204.1250000000091,70,255,0,0
48.300000000000544,35.72445348427778,51.276552623499995,1370.0,5.7960555579938955e-05,1.8494999949325575e-05,0.0,0.0,1.1368683772161603e-12,-3.637978807091403e-11,204.96777777778695,70,255,0,0
48.35000000000055,35.72445638230556,51.27655354825,1370.0,5.7960555523095536e-05,1.8495000063012412e-05,-1.8189894035458565e-12,-5.684340801878629e-13,2.710505431213761e-20,5.169878828456276e-24,205.81055555556478,70,255,0,0
48.400000000000546,35.724459280333335,51.276554473,1370.0,5.7960555523095536e-05,1.8494999949325575e-05,0.0,0.0,-1.1368683772161603e-12,3.63797880709192e-11,206.65333333334252,70,255,0,0
48.45000000000054,35.724462178361115,51.276555397749995,1370.0,5.7960555523095536e-05,1.8494999949325575e-05,1.8189894035458565e-12,5.684340801878629e-13,1.136868350111106e-12,5.169878828456276e-24,207.49611111112026,70,255,0,0
48.50000000000055,35.72446507638889,51.2765563225,1370.0,5.7960555579938955e-05,1.8495000063012412e-05,0.0,1.1368683772161603e-12,0.0,-3.637978807091403e-11,208.33888888889808,70,255,0,0
48.55000000000055,35.72446797441667,51.27655724725,1370.0,5.7960555636782374e-05,1.8494999949325575e-05,-1.8189894035458565e-12,-5.684340801878629e-13,2.710505431213761e-20,5.169878828456276e-24,209.18166666667594,70,255,0,0
48.60000000000055,35.72447087244445,51.276558171999994,1370.0,5.7960555523095536e-05,1.8495000063012412e-05,0.0,-1.1368683772161603e-12,1.1368683772161603e-12,3.63797880709192e-11,210.02444444445368,70,255,0,0
48.650000000000546,35.72447377047222,51.27655909675,1370.0,5.7960555523095536e-05,1.8495000063012412e-05,1.8189894035458565e-12,5.684340801878629e-13,-1.1368684043212146e-12,5.169878828456276e-24,210.86722222223142,70,255,0,0
48.70000000000055,35.7244766685,51.276560021499996,1370.0,5.7960555579938955e-05,1.8494999949325575e-05,0.0,5.684341886080801e-13,0.0,-3.637978807091403e-11,211.71000000000925,70,255,0,0
48.750000000000554,35.72447956652778,51.27656094625,1370.0,5.7960555579938955e-05,1.8495000063012412e-05,-1.8189894035458565e-12,1.0842021724855044e-19,2.710505431213761e-20,5.169878828456276e-24,212.5527777777871,70,255,0,0
48.80000000000055,35.72448246455556,51.276561871,1370.0,5.7960555579938955e-05,1.8494999949325575e-05,0.0,-5.684341886080801e-13,-1.1368683772161603e-12,3.63797880709192e-11,213.39555555556484,70,255,0,0
48.85000000000055,35.72448536258334,51.276562795749996,1370.0,5.7960555523095536e-05,1.8494999949325575e-05,1.8189894035458565e-12,-5.684342970282974e-13,1.136868350111106e-12,5.169878828456276e-24,214.23833333334255,70,255,0,0
48.90000000000055,35.72448826061111,51.2765637205,1370.0,5.7960555523095536e-05,1.8495000063012412e-05,0.0,5.684341886080801e-13,0.0,-3.637978807091403e-11,215.0811111111204,70,255,0,0
48.95000000000056,35.72449115863889,51.27656464525,1370.0,5.7960555579938955e-05,1.8494999949325575e-05,-1.8189894035458565e-12,1.0842021724855044e-19,-1.136868350111106e-12,5.169878828456276e-24,215.92388888889826,70,255,0,0
49.000000000000554,35.72449405666667,51.276565569999995,1370.0,5.7960555523095536e-05,1.8494999949325575e-05,0.0,-5.684341886080801e-13,1.1368683772161603e-12,3.63797880709192e-11,216.766666666676,70,255,0,0
49.05000000000055,35.724496954694445,51.27656649475,1370.0,5.7960555523095536e-05,1.8495000063012412e-05,1.8189894035458565e-12,1.136868268795943e-12,-2.710505431213761e-20,5.169878828456276e-24,217.60944444445371,70,255,0,0
49.100000000000556,35.724499852722225,51.2765674195,1370.0,5.7960555636782374e-05,1.8494999949325575e-05,0.0,5.684341886080801e-13,-1.1368683772161603e-12,-3.637978807091403e-11,218.45222222223157,70,255,0,0
49.15000000000056,35.724502750750005,51.276568344249995,1370.0,5.7960555579938955e-05,1.8494999949325575e-05,-1.8189894035458565e-12,-1.136868268795943e-12,1.1368684043212146e-12,5.169878828456276e-24,219.29500000000942,70,255,0,0
49.20000000000056,35.72450564877778,51.276569269,1370.0,5.7960555523095536e-05,1.8495000063012412e-05,0.0,-5.684341886080801e-13,1.1368683772161603e-12,3.63797880709192e-11,220.13777777778716,70,255,0,0
49.250000000000554,35.72450854680556,51.27657019375,1370.0,5.7960555523095536e-05,1.8495000063012412e-05,1.8189894035458565e-12,-1.0842021724855044e-19,-2.710505431213761e-20,5.169878828456276e-24,220.98055555556488,70,255,0,0
49.30000000000056,35.72451144483333,51.276571118499994,1370.0,5.7960555523095536e-05,1.8495000063012412e-05,0.0,1.1368683772161603e-12,-1.1368683772161603e-12,-3.637978807091403e-11,221.82333333334273,70,255,0,0
49.35000000000056,35.72451434286111,51.27657204325,1370.0,5.7960555636782374e-05,1.8494999949325575e-05,-1.8189894035458565e-12,1.0842021724855044e-19,-1.136868350111106e-12,5.169878828456276e-24,222.66611111112059,70,255,0,0
49.40000000000056,35.72451724088889,51.276572967999996,1370.0,5.7960555523095536e-05,1.8494999949325575e-05,0.0,-1.1368683772161603e-12,1.1368683772161603e-12,3.63797880709192e-11,223.5088888888983,70,255,0,0
49.45000000000056,35.72452013891667,51.27657389275,1370.0,5.7960555523095536e-05,1.8495000063012412e-05,1.8189894035458565e-12,1.136868268795943e-12,-2.710505431213761e-20,5.169878828456276e-24,224.35166666667604,70,255,0,0
49.50000000000056,35.72452303694445,51.2765748175,1370.0,5.7960555636782374e-05,1.8494999949325575e-05,0.0,0.0,-1.1368683772161603e-12,-3.637978807091403e-11,225.1944444444539,70,255,0,0
49.550000000000566,35.72452593497223,51.276575742249996,1370.0,5.7960555523095536e-05,1.8494999949325575e-05,-1.8189894035458565e-12,-1.136868268795943e-12,1.1368684043212146e-12,5.169878828456276e-24,226.03722222223175,70,255,0,0
49.60000000000056,35.724528833,51.276576667,1370.0,5.7960555523095536e-05,1.8495000063012412e-05,0.0,0.0,0.0,3.63797880709192e-11,226.88000000000946,70,255,0,0
49.65000000000056,35.72453173102778,51.27657759175,1370.0,5.7960555523095536e-05,1.8494999949325575e-05,1.8189894035458565e-12,-1.0842021724855044e-19,-2.710505431213761e-20,5.169878828456276e-24,227.7227777777872,70,255,0,0
49.700000000000564,35.724534629055555,51.276578516499995,1370.0,5.7960555523095536e-05,1.8495000063012412e-05,0.0,1.1368683772161603e-12,1.1368683772161603e-12,-3.637978807091403e-11,228.56555555556506,70,255,0,0
49.75000000000057,35.724537527083335,51.27657944125,1370.0,5.7960555636782374e-05,1.8495000063012412e-05,-1.8189894035458565e-12,5.684342970282974e-13,-1.136868350111106e-12,5.169878828456276e-24,229.4083333333429,70,255,0,0
49.800000000000566,35.724540425111115,51.276580366,1370.0,5.7960555579938955e-05,1.8494999949325575e-05,0.0,-1.1368683772161603e-12,0.0,3.63797880709192e-11,230.25111111112062,70,255,0,0
49.85000000000056,35.72454332313889,51.276581290749995,1370.0,5.7960555523095536e-05,1.8495000063012412e-05,1.8189894035458565e-12,-1.0842021724855044e-19,-2.710505431213761e-20,5.169878828456276e-24,231.09388888889836,70,255,0,0
49.90000000000057,35.72454622116667,51.2765822155,1370.0,5.7960555579938955e-05,1.8494999949325575e-05,0.0,0.0,-1.1368683772161603e-12,-3.637978807091403e-11,231.93666666667622,70,255,0,0
49.95000000000057,35.72454911919445,51.27658314025,1370.0,5.7960555523095536e-05,1.8494999949325575e-05,-1.8189894035458565e-12,-5.684340801878629e-13,1.1368684043212146e-12,5.169878828456276e-24,232.77944444445404,70,255,0,0
50.00000000000057,35.72455201722222,51.276584064999994,1370.0,5.7960555523095536e-05,1.8495000063012412e-05,0.0,0.0,0.0,3.63797880709192e-11,233.62222222223178,70,255,0,0
50.050000000000566,35.72455491525,51.27658498975,1370.0,5.7960555523095536e-05,1.8494999949325575e-05,1.8189894035458565e-12,5.684340801878629e-13,-1.1368684043212146e-12,5.169878828456276e-24,234.46500000000952,70,255,0,0
50.10000000000057,35.72455781327778,51.2765859145,1370.0,5.7960555579938955e-05,1.8494999949325575e-05,0.0,1.1368683772161603e-12,1.1368683772161603e-12,-3.637978807091403e-11,235.30777777778738,70,255,0,0
50.150000000000574,35.72456071130556,51.27658683925,1370.0,5.7960555636782374e-05,1.8495000063012412e-05,-1.8189894035458565e-12,-5.684340801878629e-13,2.710505431213761e-20,5.169878828456276e-24,236.1505555555652,70,255,0,0
50.20000000000057,35.72456360933334,51.276587764,1370.0,5.7960555523095536e-05,1.8494999949325575e-05,0.0,-1.1368683772161603e-12,0.0,3.63797880709192e-11,236.99333333334295,70,255,0,0
50.25000000000057,35.72456650736111,51.276588688749996,1370.0,5.7960555523095536e-05,1.8495000063012412e-05,1.8189894035458565e-12,5.684340801878629e-13,1.136868350111106e-12,5.169878828456276e-24,237.8361111111207,70,255,0,0
50.30000000000057,35.72456940538889,51.2765896135,1370.0,5.7960555579938955e-05,1.8495000063012412e-05,0.0,5.684341886080801e-13,-2.2737367544323206e-12,-3.637978807091403e-11,238.6788888888985,70,255,0,0
50.35000000000058,35.72457230341667,51.27659053825,1370.0,5.7960555579938955e-05,1.8494999835638737e-05,-1.8189894035458565e-12,1.0842021724855044e-19,2.710505431213761e-20,5.169878828456276e-24,239.52166666667637,70,255,0,0
50.400000000000574,35.724575201444445,51.276591462999995,1370.0,5.7960555579938955e-05,1.8495000063012412e-05,0.0,0.0,2.2737367544323206e-12,3.63797880709192e-11,240.3644444444541,70,255,0,0
50.45000000000057,35.724578099472225,51.27659238775,1370.0,5.7960555579938955e-05,1.8495000063012412e-05,1.8189894035458565e-12,-5.684342970282974e-13,-1.1368684043212146e-12,5.169878828456276e-24,241.20722222223182,70,255,0,0
50.500000000000576,35.724580997500006,51.2765933125,1370.0,5.7960555523095536e-05,1.8494999949325575e-05,0.0,-5.684341886080801e-13,0.0,-3.637978807091403e-11,242.05000000000967,70,255,0,0
50.55000000000058,35.72458389552778,51.276594237249995,1370.0,5.7960555523095536e-05,1.8495000063012412e-05,-1.8189894035458565e-12,1.0842021724855044e-19,2.710505431213761e-20,5.169878828456276e-24,242.89277777778753,70,255,0,0
50.60000000000058,35.72458679355556,51.276595162,1370.0,5.7960555523095536e-05,1.8494999949325575e-05,0.0,0.0,-1.1368683772161603e-12,3.63797880709192e-11,243.73555555556527,70,255,0,0
50.650000000000574,35.72458969158333,51.27659608675,1370.0,5.7960555523095536e-05,1.8494999949325575e-05,1.8189894035458565e-12,1.136868268795943e-12,1.136868350111106e-12,5.169878828456276e-24,244.57833333334298,70,255,0,0
50.70000000000058,35.72459258961111,51.276597011499994,1370.0,5.7960555636782374e-05,1.8495000063012412e-05,0.0,5.684341886080801e-13,0.0,-3.637978807091403e-11,245.42111111112084,70,255,0,0
50.75000000000058,35.724595487638894,51.27659793625,1370.0,5.7960555579938955e-05,1.8494999949325575e-05,-1.8189894035458565e-12,-1.136868268795943e-12,-1.136868350111106e-12,5.169878828456276e-24,246.2638888888987,70,255,0,0
50.80000000000058,35.72459838566667,51.276598861,1370.0,5.7960555523095536e-05,1.8494999949325575e-05,0.0,0.0,1.1368683772161603e-12,3.63797880709192e-11,247.10666666667643,70,255,0,0
50.85000000000058,35.72460128369445,51.276599785749994,1370.0,5.7960555579938955e-05,1.8495000063012412e-05,1.8189894035458565e-12,-1.0842021724855044e-19,1.136868350111106e-12,5.169878828456276e-24,247.94944444445414,70,255,0,0
50.90000000000058,35.72460418172223,51.2766007105,1370.0,5.7960555523095536e-05,1.8495000063012412e-05,0.0,0.0,0.0,-3.637978807091403e-11,248.792222222232,70,255,0,0
50.950000000000585,35.72460707975,51.276601635249996,1370.0,5.7960555579938955e-05,1.8495000063012412e-05,-1.8189894035458565e-12,1.0842021724855044e-19,-1.136868350111106e-12,5.169878828456276e-24,249.63500000000985,70,255,0,0
51.00000000000058,35.72460997777778,51.27660256,1370.0,5.7960555523095536e-05,1.8494999949325575e-05,0.0,-5.684341886080801e-13,-1.1368683772161603e-12,3.63797880709192e-11,250.4777777777876,70,255,0,0
51.05000000000058,35.724612875805555,51.27660348475,1370.0,5.7960555523095536e-05,1.8494999949325575e-05,1.8189894035458565e-12,1.136868268795943e-12,1.136868350111106e-12,5.169878828456276e-24,251.3205555555653,70,255,0,0
51.100000000000584,35.724615773833335,51.276604409499996,1370.0,5.7960555636782374e-05,1.8495000063012412e-05,0.0,0.0,0.0,-3.637978807091403e-11,252.16333333334316,70,255,0,0
51.15000000000059,35.724618671861116,51.27660533425,1370.0,5.7960555523095536e-05,1.8494999949325575e-05,-1.8189894035458565e-12,-1.136868268795943e-12,-1.136868350111106e-12,5.169878828456276e-24,253.00611111112102,70,255,0,0
51.200000000000585,35.72462156988889,51.276606259,1370.0,5.7960555523095536e-05,1.8494999949325575e-05,0.0,5.684341886080801e-13,1.1368683772161603e-12,3.63797880709192e-11,253.84888888889873,70,255,0,0
51.25000000000058,35.72462446791667,51.276607183749995,1370.0,5.7960555579938955e-05,1.8495000063012412e-05,1.8189894035458565e-12,-1.0842021724855044e-19,-2.710505431213761e-20,5.169878828456276e-24,254.69166666667647,70,255,0,0
51.30000000000059,35.72462736594445,51.2766081085,1370.0,5.7960555523095536e-05,1.8494999949325575e-05,0.0,0.0,-1.1368683772161603e-12,-3.637978807091403e-11,255.53444444445432,70,255,0,0
51.35000000000059,35.72463026397222,51.27660903325,1370.0,5.7960555579938955e-05,1.8494999949325575e-05,-1.8189894035458565e-12,5.684342970282974e-13,1.1368684043212146e-12,5.169878828456276e-24,256.37722222223215,70,255,0,0
51.40000000000059,35.724633162,51.276609957999995,1370.0,5.7960555579938955e-05,1.8495000063012412e-05,0.0,-5.684341886080801e-13,1.1368683772161603e-12,3.63797880709192e-11,257.2200000000099,70,255,0,0
51.450000000000585,35.72463606002778,51.27661088275,1370.0,5.7960555523095536e-05,1.8495000063012412e-05,1.8189894035458565e-12,-1.0842021724855044e-19,-1.1368684043212146e-12,5.169878828456276e-24,258.06277777778763,70,255,0,0
51.50000000000059,35.72463895805556,51.2766118075,1370.0,5.7960555579938955e-05,1.8494999949325575e-05,0.0,0.0,-1.1368683772161603e-12,-3.637978807091403e-11,258.90555555556546,70,255,0,0
51.550000000000594,35.72464185608334,51.276612732249994,1370.0,5.7960555523095536e-05,1.8494999949325575e-05,-1.8189894035458565e-12,-5.684340801878629e-13,1.1368684043212146e-12,5.169878828456276e-24,259.74833333334334,70,255,0,0
51.60000000000059,35.72464475411111,51.276613657,1370.0,5.7960555523095536e-05,1.8495000063012412e-05,0.0,1.1368683772161603e-12,1.1368683772161603e-12,3.63797880709192e-11,260.59111111112105,70,255,0,0
51.65000000000059,35.72464765213889,51.276614581749996,1370.0,5.7960555636782374e-05,1.8495000063012412e-05,1.8189894035458565e-12,5.684340801878629e-13,-1.1368684043212146e-12,5.169878828456276e-24,261.43388888889876,70,255,0,0
51.70000000000059,35.72465055016667,51.2766155065,1370.0,5.7960555579938955e-05,1.8494999949325575e-05,0.0,-1.1368683772161603e-12,-1.1368683772161603e-12,-3.637978807091403e-11,262.27666666667665,70,255,0,0
51.7500000000006,35.724653448194445,51.27661643125,1370.0,5.7960555523095536e-05,1.8494999949325575e-05,-1.8189894035458565e-12,-5.684340801878629e-13,1.1368684043212146e-12,5.169878828456276e-24,263.1194444444545,70,255,0,0
51.800000000000594,35.724656346222226,51.276617355999996,1370.0,5.7960555523095536e-05,1.8495000063012412e-05,0.0,0.0,0.0,3.63797880709192e-11,263.9622222222322,70,255,0,0
51.85000000000059,35.72465924425,51.27661828075,1370.0,5.7960555523095536e-05,1.8494999949325575e-05,1.8189894035458565e-12,5.684340801878629e-13,-1.1368684043212146e-12,5.169878828456276e-24,264.80500000000995,70,255,0,0
51.900000000000595,35.72466214227778,51.2766192055,1370.0,5.7960555579938955e-05,1.8494999949325575e-05,0.0,5.684341886080801e-13,1.1368683772161603e-12,-3.637978807091403e-11,265.64777777778784,70,255,0,0
51.9500000000006,35.72466504030556,51.276620130249995,1370.0,5.7960555579938955e-05,1.8495000063012412e-05,-1.8189894035458565e-12,1.0842021724855044e-19,1.1368684043212146e-12,5.169878828456276e-24,266.4905555555656,70,255,0,0
52.0000000000006,35.72466793833333,51.276621055,1370.0,5.7960555579938955e-05,1.8495000063012412e-05,0.0,0.0,-1.1368683772161603e-12,3.63797880709192e-11,267.3333333333434,70,255,0,0
52.050000000000594,35.72467083636111,51.27662197975,1370.0,5.7960555579938955e-05,1.8494999949325575e-05,1.8189894035458565e-12,-5.684342970282974e-13,-1.1368684043212146e-12,5.169878828456276e-24,268.17611111112114,70,255,0,0
52.1000000000006,35.724673734388894,51.276622904499995,1370.0,5.7960555523095536e-05,1.8494999949325575e-05,0.0,-5.684341886080801e-13,1.1368683772161603e-12,-3.637978807091403e-11,269.0188888888989,70,255,0,0
52.1500000000006,35.72467663241667,51.27662382925,1370.0,5.7960555523095536e-05,1.8495000063012412e-05,-1.8189894035458565e-12,1.0842021724855044e-19,2.710505431213761e-20,5.169878828456276e-24,269.8616666666768,70,255,0,0
52.2000000000006,35.72467953044445,51.276624754,1370.0,5.7960555523095536e-05,1.8494999949325575e-05,0.0,0.0,-1.1368683772161603e-12,3.63797880709192e-11,270.7044444444545,70,255,0,0
52.2500000000006,35.72468242847222,51.276625678749994,1370.0,5.7960555523095536e-05,1.8494999949325575e-05,1.8189894035458565e-12,1.136868268795943e-12,1.136868350111106e-12,5.169878828456276e-24,271.5472222222323,70,255,0,0
52.3000000000006,35.7246853265,51.2766266035,1370.0,5.7960555636782374e-05,1.8495000063012412e-05,0.0,5.684341886080801e-13,1.1368683772161603e-12,-3.637978807091403e-11,272.3900000000101,70,255,0,0
52.350000000000605,35.72468822452778,51.276627528249996,1370.0,5.7960555579938955e-05,1.8495000063012412e-05,-1.8189894035458565e-12,-1.136868268795943e-12,-1.136868350111106e-12,5.169878828456276e-24,273.232777777788,70,255,0,0
52.4000000000006,35.724691122555555,51.276628453,1370.0,5.7960555523095536e-05,1.8494999949325575e-05,0.0,0.0,-1.1368683772161603e-12,3.63797880709192e-11,274.0755555555657,70,255,0,0
52.4500000000006,35.724694020583335,51.27662937775,1370.0,5.7960555579938955e-05,1.8494999949325575e-05,1.8189894035458565e-12,-1.0842021724855044e-19,1.136868350111106e-12,5.169878828456276e-24,274.9183333333434,70,255,0,0
52.500000000000604,35.724696918611116,51.276630302499996,1370.0,5.7960555523095536e-05,1.8495000063012412e-05,0.0,0.0,0.0,-3.637978807091403e-11,275.7611111111213,70,255,0,0
52.55000000000061,35.72469981663889,51.27663122725,1370.0,5.7960555579938955e-05,1.8494999949325575e-05,-1.8189894035458565e-12,1.0842021724855044e-19,-1.136868350111106e-12,5.169878828456276e-24,276.6038888888991,70,255,0,0
52.600000000000605,35.72470271466667,51.276632152,1370.0,5.7960555523095536e-05,1.8494999949325575e-05,0.0,-5.684341886080801e-13,1.1368683772161603e-12,3.63797880709192e-11,277.44666666667683,70,255,0,0
52.6500000000006,35.72470561269444,51.276633076749995,1370.0,5.7960555523095536e-05,1.8495000063012412e-05,1.8189894035458565e-12,1.136868268795943e-12,1.136868350111106e-12,5.169878828456276e-24,278.2894444444546,70,255,0,0
52.70000000000061,35.72470851072222,51.2766340015,1370.0,5.7960555636782374e-05,1.8495000063012412e-05,0.0,0.0,-1.1368683772161603e-12,-3.637978807091403e-11,279.13222222223243,70,255,0,0
52.75000000000061,35.724711408750004,51.27663492625,1370.0,5.7960555523095536e-05,1.8494999949325575e-05,-1.8189894035458565e-12,-1.136868268795943e-12,-1.136868350111106e-12,5.169878828456276e-24,279.97500000001025,70,255,0,0
52.80000000000061,35.72471430677778,51.276635850999995,1370.0,5.7960555523095536e-05,1.8494999949325575e-05,0.0,5.684341886080801e-13,1.1368683772161603e-12,3.63797880709192e-11,280.817777777788,70,255,0,0
52.850000000000605,35.72471720480556,51.27663677575,1370.0,5.7960555579938955e-05,1.8495000063012412e-05,1.8189894035458565e-12,-1.0842021724855044e-19,-2.710505431213761e-20,5.169878828456276e-24,281.66055555556574,70,255,0,0
52.90000000000061,35.72472010283334,51.2766377005,1370.0,5.7960555523095536e-05,1.8494999949325575e-05,0.0,0.0,-1.1368683772161603e-12,-3.637978807091403e-11,282.50333333334356,70,255,0,0
52.950000000000614,35.72472300086111,51.276638625249994,1370.0,5.7960555579938955e-05,1.8494999949325575e-05,-1.8189894035458565e-12,1.1368684856363775e-12,1.1368684043212146e-12,5.169878828456276e-24,283.34611111112144,70,255,0,0
53.00000000000061,35.72472589888889,51.27663955,1370.0,5.7960555636782374e-05,1.8495000063012412e-05,0.0,-5.684341886080801e-13,0.0,3.63797880709192e-11,284.18888888889916,70,255,0,0
53.05000000000061,35.72472879691667,51.276640474749996,1370.0,5.7960555523095536e-05,1.8494999949325575e-05,1.8189894035458565e-12,-1.1368684856363775e-12,-2.710505431213761e-20,5.169878828456276e-24,285.0316666666769,70,255,0,0
53.10000000000061,35.724731694944445,51.276641399499994,1370.0,5.7960555523095536e-05,1.8495000063012412e-05,0.0,0.0,1.1368683772161603e-12,-3.637978807091403e-11,285.87444444445475,70,255,0,0
53.15000000000062,35.724734592972226,51.27664232425,1370.0,5.7960555523095536e-05,1.8495000063012412e-05,-1.8189894035458565e-12,1.0842021724855044e-19,-1.136868350111106e-12,5.169878828456276e-24,286.7172222222326,70,255,0,0
53.200000000000614,35.724737491,51.276643248999996,1370.0,5.7960555523095536e-05,1.8494999949325575e-05,0.0,1.1368683772161603e-12,0.0,3.63797880709192e-11,287.56000000001035,70,255,0,0
53.25000000000061,35.72474038902778,51.27664417375,1370.0,5.7960555636782374e-05,1.8495000063012412e-05,1.8189894035458565e-12,5.684340801878629e-13,-2.710505431213761e-20,5.169878828456276e-24,288.40277777778806,70,255,0,0
53.300000000000615,35.72474328705556,51.2766450985,1370.0,5.7960555579938955e-05,1.8494999949325575e-05,0.0,-1.1368683772161603e-12,-1.1368683772161603e-12,-3.637978807091403e-11,289.2455555555659,70,255,0,0
53.35000000000062,35.72474618508333,51.276646023249995,1370.0,5.7960555523095536e-05,1.8494999949325575e-05,-1.8189894035458565e-12,1.0842021724855044e-19,1.1368684043212146e-12,5.169878828456276e-24,290.08833333334377,70,255,0,0
53.40000000000062,35.724749083111114,51.276646948,1370.0,5.7960555579938955e-05,1.8495000063012412e-05,0.0,0.0,0.0,3.63797880709192e-11,290.9311111111215,70,255,0,0
53.450000000000614,35.724751981138894,51.27664787275,1370.0,5.7960555523095536e-05,1.8494999949325575e-05,1.8189894035458565e-12,-5.684342970282974e-13,-1.1368684043212146e-12,5.169878828456276e-24,291.7738888888992,70,255,0,0
53.50000000000062,35.72475487916667,51.276648797499995,1370.0,5.7960555523095536e-05,1.8494999949325575e-05,0.0,5.684341886080801e-13,1.1368683772161603e-12,-3.637978807091403e-11,292.6166666666771,70,255,0,0
53.55000000000062,35.72475777719445,51.27664972225,1370.0,5.7960555579938955e-05,1.8495000063012412e-05,-1.8189894035458565e-12,5.684342970282974e-13,2.710505431213761e-20,5.169878828456276e-24,293.4594444444549,70,255,0,0
53.60000000000062,35.72476067522222,51.276650647,1370.0,5.7960555579938955e-05,1.8494999949325575e-05,0.0,0.0,0.0,3.63797880709192e-11,294.3022222222327,70,255,0,0
53.65000000000062,35.72476357325,51.276651571749994,1370.0,5.7960555579938955e-05,1.8495000063012412e-05,1.8189894035458565e-12,-5.684342970282974e-13,1.136868350111106e-12,5.169878828456276e-24,295.1450000000104,70,255,0,0
53.70000000000062,35.72476647127778,51.2766524965,1370.0,5.7960555523095536e-05,1.8495000063012412e-05,0.0,-5.684341886080801e-13,-2.2737367544323206e-12,-3.637978807091403e-11,295.9877777777882,70,255,0,0
53.750000000000625,35.724769369305555,51.276653421249996,1370.0,5.7960555523095536e-05,1.8494999835638737e-05,-1.8189894035458565e-12,5.684342970282974e-13,2.710505431213761e-20,5.169878828456276e-24,296.8305555555661,70,255,0,0
53.80000000000062,35.724772267333336,51.276654345999994,1370.0,5.7960555579938955e-05,1.8495000063012412e-05,0.0,0.0,2.2737367544323206e-12,3.63797880709192e-11,297.6733333333438,70,255,0,0
53.85000000000062,35.724775165361116,51.27665527075,1370.0,5.7960555523095536e-05,1.8495000063012412e-05,1.8189894035458565e-12,-1.0842021724855044e-19,-1.1368684043212146e-12,5.169878828456276e-24,298.5161111111215,70,255,0,0
53.900000000000624,35.72477806338889,51.276656195499996,1370.0,5.7960555579938955e-05,1.8494999949325575e-05,0.0,5.684341886080801e-13,0.0,-3.637978807091403e-11,299.3588888888994,70,255,0,0
53.95000000000063,35.72478096141667,51.27665712025,1370.0,5.7960555579938955e-05,1.8495000063012412e-05,-1.8189894035458565e-12,-5.684340801878629e-13,2.710505431213761e-20,5.169878828456276e-24,300.2016666666772,70,255,0,0
54.000000000000625,35.72478385944444,51.276658045,1370.0,5.7960555523095536e-05,1.8494999949325575e-05,0.0,0.0,-1.1368683772161603e-12,3.63797880709192e-11,301.04444444445494,70,255,0,0
54.05000000000062,35.72478675747222,51.276658969749995,1370.0,5.7960555579938955e-05,1.8494999949325575e-05,1.8189894035458565e-12,-1.0842021724855044e-19,1.136868350111106e-12,5.169878828456276e-24,301.8872222222327,70,255,0,0
54.10000000000063,35.724789655500004,51.2766598945,1370.0,5.7960555523095536e-05,1.8495000063012412e-05,0.0,0.0,0.0,-3.637978807091403e-11,302.73000000001053,70,255,0,0
54.15000000000063,35.72479255352778,51.27666081925,1370.0,5.7960555579938955e-05,1.8494999949325575e-05,-1.8189894035458565e-12,1.1368684856363775e-12,2.710505431213761e-20,5.169878828456276e-24,303.5727777777884,70,255,0,0
54.20000000000063,35.72479545155556,51.276661743999995,1370.0,5.7960555636782374e-05,1.8495000063012412e-05,0.0,-5.684341886080801e-13,1.1368683772161603e-12,3.63797880709192e-11,304.41555555556613,70,255,0,0
54.250000000000625,35.72479834958334,51.27666266875,1370.0,5.7960555523095536e-05,1.8495000063012412e-05,1.8189894035458565e-12,-1.1368684856363775e-12,-1.1368684043212146e-12,5.169878828456276e-24,305.25833333334384,70,255,0,0
54.30000000000063,35.72480124761111,51.2766635935,1370.0,5.7960555523095536e-05,1.8494999949325575e-05,0.0,0.0,0.0,-3.637978807091403e-11,306.1011111111217,70,255,0,0
54.350000000000634,35.72480414563889,51.276664518249994,1370.0,5.7960555523095536e-05,1.8495000063012412e-05,-1.8189894035458565e-12,1.0842021724855044e-19,2.710505431213761e-20,5.169878828456276e-24,306.94388888889955,70,255,0,0
54.40000000000063,35.724807043666665,51.276665443,1370.0,5.7960555523095536e-05,1.8494999949325575e-05,0.0,5.684341886080801e-13,-1.1368683772161603e-12,3.63797880709192e-11,307.78666666667726,70,255,0,0
54.45000000000063,35.724809941694446,51.276666367749996,1370.0,5.7960555579938955e-05,1.8494999949325575e-05,1.8189894035458565e-12,-1.0842021724855044e-19,1.136868350111106e-12,5.169878828456276e-24,308.62944444445503,70,255,0,0
54.50000000000063,35.724812839722226,51.276667292499994,1370.0,5.7960555523095536e-05,1.8495000063012412e-05,0.0,0.0,0.0,-3.637978807091403e-11,309.47222222223286,70,255,0,0
54.55000000000064,35.72481573775,51.27666821725,1370.0,5.7960555579938955e-05,1.8494999949325575e-05,-1.8189894035458565e-12,1.1368684856363775e-12,-1.136868350111106e-12,5.169878828456276e-24,310.3150000000107,70,255,0,0
54.600000000000634,35.72481863577778,51.276669141999996,1370.0,5.7960555636782374e-05,1.8494999949325575e-05,0.0,-5.684341886080801e-13,1.1368683772161603e-12,3.63797880709192e-11,311.15777777778845,70,255,0,0
54.65000000000063,35.72482153380556,51.27667006675,1370.0,5.7960555523095536e-05,1.8495000063012412e-05,1.8189894035458565e-12,-1.1368684856363775e-12,-2.710505431213761e-20,5.169878828456276e-24,312.00055555556617,70,255,0,0
54.700000000000635,35.72482443183333,51.2766709915,1370.0,5.7960555523095536e-05,1.8494999949325575e-05,0.0,0.0,-1.1368683772161603e-12,-3.637978807091403e-11,312.843333333344,70,255,0,0
54.75000000000064,35.724827329861114,51.276671916249995,1370.0,5.7960555523095536e-05,1.8494999949325575e-05,-1.8189894035458565e-12,1.0842021724855044e-19,1.1368684043212146e-12,5.169878828456276e-24,313.6861111111219,70,255,0,0
54.80000000000064,35.72483022788889,51.276672841,1370.0,5.7960555523095536e-05,1.8495000063012412e-05,0.0,1.1368683772161603e-12,1.1368683772161603e-12,3.63797880709192e-11,314.5288888888996,70,255,0,0
54.850000000000634,35.72483312591667,51.27667376575,1370.0,5.7960555636782374e-05,1.8495000063012412e-05,1.8189894035458565e-12,5.684340801878629e-13,-2.710505431213761e-20,5.169878828456276e-24,315.3716666666773,70,255,0,0
54.90000000000064,35.72483602394445,51.276674690499995,1370.0,5.7960555579938955e-05,1.8495000063012412e-05,0.0,-1.1368683772161603e-12,1.1368683772161603e-12,-3.637978807091403e-11,316.2144444444552,70,255,0,0
54.95000000000064,35.72483892197222,51.27667561525,1370.0,5.7960555523095536e-05,1.849500017669925e-05,-1.8189894035458565e-12,-0.0005796055558105833,-0.00018495000063369597,4.704589733955382e-22,317.057222222233,70,255,0,0
55.0,35.72484182,51.27667654,1370.0,0.0,0.0,0.0,14289.937614751883,20510.669628246098,547999.9999860447,317.9,70,255,0,0
55.00000000000064,35.72484182,51.27667654,1370.0,9.138250230081143e-09,1.3116336579100777e-08,3.504396772724392e-07,14289.937614751883,20510.669628246098,547999.9999860447,317.89999999999793,70,255,0,0
55.05000000000064,35.724844037789474,51.27667407192105,1370.0,4.4355789441397064e-05,-4.936157893098425e-05,1.8189894035458565e-12,0.0004434665130485949,-0.0004937469526756967,-3.5043967727248404e-06,317.7413157894716,70,255,0,0
55.10000000000064,35.724846255578946,51.276671603842104,1370.0,4.43557895550839e-05,-4.936157893098425e-05,0.0,5.684341886080801e-13,0.0,-3.637978807091403e-11,317.5826315789453,70,255,0,0
55.150000000000645,35.724848473368425,51.27666913576316,1370.0,4.435578949824048e-05,-4.936157893098425e-05,-1.8189894035458565e-12,-1.136868431426269e-12,-1.1368683772161603e-12,5.169878828456276e-24,317.42394736841896,70,255,0,0
55.20000000000064,35.7248506911579,51.27666666768421,1370.0,4.4355789441397064e-05,-4.936157904467109e-05,0.0,-5.684341886080801e-13,0.0,3.63797880709192e-11,317.26526315789266,70,255,0,0
55.25000000000064,35.72485290894737,51.27666419960526,1370.0,4.4355789441397064e-05,-4.936157893098425e-05,1.8189894035458565e-12,5.684342428181888e-13,1.1368683772161603e-12,5.169878828456276e-24,317.10657894736636,70,255,0,0
55.300000000000644,35.72485512673684,51.27666173152631,1370.0,4.435578949824048e-05,-4.936157893098425e-05,0.0,1.1368683772161603e-12,-1.1368683772161603e-12,-3.637978807091403e-11,316.94789473684006,70,255,0,0
55.35000000000065,35.72485734452632,51.276659263447364,1370.0,4.43557895550839e-05,-4.936157904467109e-05,-1.8189894035458565e-12,-5.684342428181888e-13,0.0,5.169878828456276e-24,316.7892105263137,70,255,0,0
55.400000000000645,35.72485956231579,51.27665679536842,1370.0,4.4355789441397064e-05,-4.936157893098425e-05,0.0,-1.7053025658242404e-12,2.2737367544323206e-12,3.63797880709192e-11,316.6305263157874,70,255,0,0
55.45000000000064,35.724861780105265,51.27665432728947,1370.0,4.4355789384553646e-05,-4.9361578817297413e-05,1.8189894035458565e-12,5.421010862427522e-20,0.0,5.169878828456276e-24,316.4718421052611,70,255,0,0
55.50000000000065,35.72486399789474,51.276651859210524,1370.0,4.4355789441397064e-05,-4.936157893098425e-05,0.0,1.7053025658242404e-12,-2.2737367544323206e-12,-3.637978807091403e-11,316.3131578947348,70,255,0,0
55.55000000000065,35.72486621568421,51.27664939113158,1370.0,4.43557895550839e-05,-4.936157904467109e-05,-1.8189894035458565e-12,5.684341343979715e-13,0.0,5.169878828456276e-24,316.1544736842084,70,255,0,0
55.60000000000065,35.72486843347369,51.27664692305263,1370.0,4.435578949824048e-05,-4.936157893098425e-05,0.0,-1.1368683772161603e-12,1.1368683772161603e-12,3.63797880709192e-11,315.9957894736821,70,255,0,0
55.650000000000645,35.72487065126316,51.276644454973685,1370.0,4.4355789441397064e-05,-4.936157893098425e-05,1.8189894035458565e-12,-5.684341343979715e-13,-1.1368683772161603e-12,5.169878828456276e-24,315.8371052631558,70,255,0,0
55.70000000000065,35.72487286905263,51.27664198689473,1370.0,4.4355789441397064e-05,-4.936157904467109e-05,0.0,5.684341886080801e-13,0.0,-3.637978807091403e-11,315.6784210526295,70,255,0,0
55.750000000000654,35.724875086842104,51.276639518815784,1370.0,4.435578949824048e-05,-4.936157893098425e-05,-1.8189894035458565e-12,5.684341343979715e-13,1.1368683772161603e-12,5.169878828456276e-24,315.51973684210316,70,255,0,0
55.80000000000065,35.72487730463158,51.27663705073684,1370.0,4.435578949824048e-05,-4.936157893098425e-05,0.0,-5.684341886080801e-13,0.0,3.63797880709192e-11,315.36105263157685,70,255,0,0
55.85000000000065,35.724879522421055,51.27663458265789,1370.0,4.4355789441397064e-05,-4.936157893098425e-05,1.8189894035458565e-12,-5.684341343979715e-13,0.0,5.169878828456276e-24,315.20236842105055,70,255,0,0
55.90000000000065,35.72488174021053,51.276632114578945,1370.0,4.4355789441397064e-05,-4.936157893098425e-05,0.0,5.684341886080801e-13,0.0,-3.637978807091403e-11,315.04368421052425,70,255,0,0
55.95000000000066,35.724883958,51.2766296465,1370.0,4.435578949824048e-05,-4.936157893098425e-05,-1.8189894035458565e-12,1.1368683230060517e-12,0.0,5.169878828456276e-24,314.8849999999979,70,255,0,0
56.000000000000654,35.72488617578948,51.27662717842105,1370.0,4.43557895550839e-05,-4.936157893098425e-05,0.0,-5.684341886080801e-13,0.0,3.63797880709192e-11,314.7263157894716,70,255,0,0
56.05000000000065,35.72488839357895,51.276624710342105,1370.0,4.4355789441397064e-05,-4.936157893098425e-05,1.8189894035458565e-12,-1.1368683230060517e-12,0.0,5.169878828456276e-24,314.5676315789453,70,255,0,0
56.100000000000655,35.72489061136842,51.27662224226316,1370.0,4.4355789441397064e-05,-4.936157893098425e-05,0.0,0.0,-1.1368683772161603e-12,-3.637978807091403e-11,314.408947368419,70,255,0,0
56.15000000000066,35.724892829157895,51.276619774184205,1370.0,4.4355789441397064e-05,-4.936157904467109e-05,-1.8189894035458565e-12,5.684341343979715e-13,0.0,5.169878828456276e-24,314.2502631578926,70,255,0,0
56.20000000000066,35.72489504694737,51.27661730610526,1370.0,4.435578949824048e-05,-4.936157893098425e-05,0.0,5.684341886080801e-13,1.1368683772161603e-12,3.63797880709192e-11,314.0915789473663,70,255,0,0
56.250000000000654,35.724897264736846,51.27661483802631,1370.0,4.435578949824048e-05,-4.936157893098425e-05,1.8189894035458565e-12,-5.684341343979715e-13,0.0,5.169878828456276e-24,313.93289473684,70,255,0,0
56.30000000000066,35.72489948252632,51.276612369947365,1370.0,4.4355789441397064e-05,-4.936157893098425e-05,0.0,0.0,0.0,-3.637978807091403e-11,313.7742105263137,70,255,0,0
56.35000000000066,35.72490170031579,51.27660990186842,1370.0,4.435578949824048e-05,-4.936157893098425e-05,-1.8189894035458565e-12,5.684341343979715e-13,0.0,5.169878828456276e-24,313.61552631578735,70,255,0,0
56.40000000000066,35.72490391810526,51.27660743378947,1370.0,4.435578949824048e-05,-4.936157893098425e-05,0.0,0.0,0.0,3.63797880709192e-11,313.45684210526105,70,255,0,0
56.45000000000066,35.72490613589474,51.276604965710526,1370.0,4.435578949824048e-05,-4.936157893098425e-05,1.8189894035458565e-12,-5.684341343979715e-13,-1.1368683772161603e-12,5.169878828456276e-24,313.29815789473474,70,255,0,0
56.50000000000066,35.724908353684214,51.27660249763158,1370.0,4.4355789441397064e-05,-4.936157904467109e-05,0.0,-5.684341886080801e-13,0.0,-3.637978807091403e-11,313.1394736842084,70,255,0,0
56.550000000000665,35.724910571473686,51.276600029552625,1370.0,4.4355789441397064e-05,-4.936157893098425e-05,-1.8189894035458565e-12,-5.421010862427522e-20,1.1368683772161603e-12,5.169878828456276e-24,312.9807894736821,70,255,0,0
56.60000000000066,35.72491278926316,51.27659756147368,1370.0,4.4355789441397064e-05,-4.936157893098425e-05,0.0,5.684341886080801e-13,0.0,3.63797880709192e-11,312.8221052631558,70,255,0,0
56.65000000000066,35.72491500705263,51.27659509339473,1370.0,4.435578949824048e-05,-4.936157893098425e-05,1.8189894035458565e-12,5.684342428181888e-13,0.0,5.169878828456276e-24,312.6634210526295,70,255,0,0
56.700000000000664,35.72491722484211,51.276592625315786,1370.0,4.435578949824048e-05,-4.936157893098425e-05,0.0,-5.684341886080801e-13,0.0,-3.637978807091403e-11,312.5047368421031,70,255,0,0
56.75000000000067,35.72491944263158,51.27659015723684,1370.0,4.4355789441397064e-05,-4.936157893098425e-05,-1.8189894035458565e-12,-5.684342428181888e-13,0.0,5.169878828456276e-24,312.3460526315768,70,255,0,0
56.800000000000665,35.72492166042105,51.27658768915789,1370.0,4.4355789441397064e-05,-4.936157893098425e-05,0.0,5.684341886080801e-13,0.0,3.63797880709192e-11,312.1873684210505,70,255,0,0
56.85000000000066,35.724923878210525,51.276585221078946,1370.0,4.435578949824048e-05,-4.936157893098425e-05,1.8189894035458565e-12,1.136868431426269e-12,0.0,5.169878828456276e-24,312.0286842105242,70,255,0,0
56.90000000000067,35.724926096000004,51.276582753,1370.0,4.43557895550839e-05,-4.936157893098425e-05,0.0,-5.684341886080801e-13,-1.1368683772161603e-12,-3.637978807091403e-11,311.86999999999784,70,255,0,0
56.95000000000067,35.724928313789476,51.27658028492105,1370.0,4.4355789441397064e-05,-4.936157904467109e-05,-1.8189894035458565e-12,-1.136868431426269e-12,0.0,5.169878828456276e-24,311.71131578947154,70,255,0,0
57.00000000000067,35.72493053157895,51.2765778168421,1370.0,4.4355789441397064e-05,-4.936157893098425e-05,0.0,5.684341886080801e-13,1.1368683772161603e-12,3.63797880709192e-11,311.55263157894524,70,255,0,0
57.050000000000665,35.72493274936842,51.27657534876315,1370.0,4.435578949824048e-05,-4.936157893098425e-05,1.8189894035458565e-12,5.684342428181888e-13,0.0,5.169878828456276e-24,311.39394736841894,70,255,0,0
57.10000000000067,35.7249349671579,51.276572880684206,1370.0,4.435578949824048e-05,-4.936157893098425e-05,0.0,0.0,0.0,-3.637978807091403e-11,311.2352631578926,70,255,0,0
57.150000000000674,35.72493718494737,51.27657041260526,1370.0,4.435578949824048e-05,-4.936157893098425e-05,-1.8189894035458565e-12,-5.684342428181888e-13,0.0,5.169878828456276e-24,311.0765789473663,70,255,0,0
57.20000000000067,35.724939402736844,51.27656794452631,1370.0,4.4355789441397064e-05,-4.936157893098425e-05,0.0,-1.1368683772161603e-12,0.0,3.63797880709192e-11,310.91789473683997,70,255,0,0
57.25000000000067,35.724941620526316,51.27656547644737,1370.0,4.4355789384553646e-05,-4.936157893098425e-05,1.8189894035458565e-12,5.684342428181888e-13,0.0,5.169878828456276e-24,310.75921052631367,70,255,0,0
57.30000000000067,35.72494383831579,51.27656300836842,1370.0,4.435578949824048e-05,-4.936157893098425e-05,0.0,1.7053025658242404e-12,0.0,-3.637978807091403e-11,310.6005263157873,70,255,0,0
57.350000000000676,35.72494605610527,51.27656054028947,1370.0,4.43557895550839e-05,-4.936157893098425e-05,-1.8189894035458565e-12,-5.684342428181888e-13,-1.1368683772161603e-12,5.169878828456276e-24,310.441842105261,70,255,0,0
57.400000000000674,35.72494827389474,51.27655807221053,1370.0,4.4355789441397064e-05,-4.936157904467109e-05,0.0,-1.1368683772161603e-12,-1.1368683772161603e-12,3.63797880709192e-11,310.2831578947347,70,255,0,0
57.45000000000067,35.72495049168421,51.27655560413157,1370.0,4.4355789441397064e-05,-4.936157904467109e-05,1.8189894035458565e-12,5.684342428181888e-13,1.1368683772161603e-12,5.169878828456276e-24,310.1244736842084,70,255,0,0
57.500000000000675,35.72495270947368,51.27655313605263,1370.0,4.435578949824048e-05,-4.936157893098425e-05,0.0,5.684341886080801e-13,1.1368683772161603e-12,-3.637978807091403e-11,309.96578947368204,70,255,0,0
57.55000000000068,35.72495492726316,51.27655066797368,1370.0,4.435578949824048e-05,-4.936157893098425e-05,-1.8189894035458565e-12,-5.684342428181888e-13,0.0,5.169878828456276e-24,309.80710526315573,70,255,0,0
57.600000000000676,35.724957145052635,51.276548199894734,1370.0,4.4355789441397064e-05,-4.936157893098425e-05,0.0,-5.684341886080801e-13,0.0,3.63797880709192e-11,309.64842105262943,70,255,0,0
57.650000000000674,35.72495936284211,51.27654573181579,1370.0,4.4355789441397064e-05,-4.936157893098425e-05,1.8189894035458565e-12,5.421010862427522e-20,0.0,5.169878828456276e-24,309.4897368421031,70,255,0,0
57.70000000000068,35.72496158063158,51.27654326373684,1370.0,4.4355789441397064e-05,-4.936157893098425e-05,0.0,5.684341886080801e-13,0.0,-3.637978807091403e-11,309.33105263157677,70,255,0,0
57.75000000000068,35.72496379842105,51.276540795657894,1370.0,4.435578949824048e-05,-4.936157893098425e-05,-1.8189894035458565e-12,1.1368683230060517e-12,0.0,5.169878828456276e-24,309.17236842105046,70,255,0,0
57.80000000000068,35.72496601621053,51.27653832757895,1370.0,4.43557895550839e-05,-4.936157893098425e-05,0.0,-5.684341886080801e-13,0.0,3.63797880709192e-11,309.01368421052416,70,255,0,0
57.850000000000676,35.724968234,51.2765358595,1370.0,4.4355789441397064e-05,-4.936157893098425e-05,1.8189894035458565e-12,-1.1368683230060517e-12,-1.1368683772161603e-12,5.169878828456276e-24,308.85499999999786,70,255,0,0
57.90000000000068,35.724970451789474,51.27653339142105,1370.0,4.4355789441397064e-05,-4.936157904467109e-05,0.0,1.1368683772161603e-12,0.0,-3.637978807091403e-11,308.6963157894715,70,255,0,0
57.950000000000685,35.724972669578946,51.2765309233421,1370.0,4.43557895550839e-05,-4.936157893098425e-05,-1.8189894035458565e-12,5.684341343979715e-13,1.1368683772161603e-12,5.169878828456276e-24,308.5376315789452,70,255,0,0
58.00000000000068,35.724974887368425,51.276528455263154,1370.0,4.435578949824048e-05,-4.936157893098425e-05,0.0,-1.7053025658242404e-12,0.0,3.63797880709192e-11,308.3789473684189,70,255,0,0
58.05000000000068,35.7249771051579,51.27652598718421,1370.0,4.4355789384553646e-05,-4.936157893098425e-05,1.8189894035458565e-12,-5.684341343979715e-13,0.0,5.169878828456276e-24,308.2202631578926,70,255,0,0
58.10000000000068,35.72497932294737,51.27652351910526,1370.0,4.4355789441397064e-05,-4.936157893098425e-05,0.0,1.1368683772161603e-12,0.0,-3.637978807091403e-11,308.06157894736623,70,255,0,0
58.15000000000069,35.72498154073684,51.276521051026315,1370.0,4.435578949824048e-05,-4.936157893098425e-05,-1.8189894035458565e-12,5.684341343979715e-13,0.0,5.169878828456276e-24,307.9028947368399,70,255,0,0
58.200000000000685,35.724983758526314,51.27651858294737,1370.0,4.435578949824048e-05,-4.936157893098425e-05,0.0,0.0,0.0,3.63797880709192e-11,307.7442105263136,70,255,0,0
58.25000000000068,35.72498597631579,51.27651611486842,1370.0,4.435578949824048e-05,-4.936157893098425e-05,1.8189894035458565e-12,-5.684341343979715e-13,0.0,5.169878828456276e-24,307.5855263157873,70,255,0,0
58.300000000000686,35.724988194105265,51.276513646789475,1370.0,4.4355789441397064e-05,-4.936157893098425e-05,0.0,-5.684341886080801e-13,-1.1368683772161603e-12,-3.637978807091403e-11,307.42684210526096,70,255,0,0
58.35000000000069,35.72499041189474,51.27651117871052,1370.0,4.4355789441397064e-05,-4.936157904467109e-05,-1.8189894035458565e-12,5.684341343979715e-13,0.0,5.169878828456276e-24,307.26815789473466,70,255,0,0
58.40000000000069,35.72499262968421,51.276508710631575,1370.0,4.435578949824048e-05,-4.936157893098425e-05,0.0,5.684341886080801e-13,1.1368683772161603e-12,3.63797880709192e-11,307.10947368420835,70,255,0,0
58.450000000000685,35.72499484747369,51.27650624255263,1370.0,4.435578949824048e-05,-4.936157893098425e-05,1.8189894035458565e-12,-5.684341343979715e-13,0.0,5.169878828456276e-24,306.950789473682,70,255,0,0
58.50000000000069,35.72499706526316,51.27650377447368,1370.0,4.4355789441397064e-05,-4.936157893098425e-05,0.0,-5.684341886080801e-13,0.0,-3.637978807091403e-11,306.7921052631557,70,255,0,0
58.55000000000069,35.72499928305263,51.276501306394735,1370.0,4.4355789441397064e-05,-4.936157893098425e-05,-1.8189894035458565e-12,1.1368683230060517e-12,0.0,5.169878828456276e-24,306.6334210526294,70,255,0,0
58.60000000000069,35.725001500842104,51.27649883831579,1370.0,4.43557895550839e-05,-4.936157893098425e-05,0.0,5.684341886080801e-13,0.0,3.63797880709192e-11,306.4747368421031,70,255,0,0
58.65000000000069,35.725003718631584,51.27649637023684,1370.0,4.435578949824048e-05,-4.936157893098425e-05,1.8189894035458565e-12,-1.1368683230060517e-12,0.0,5.169878828456276e-24,306.3160526315767,70,255,0,0
58.70000000000069,35.725005936421056,51.276493902157895,1370.0,4.4355789441397064e-05,-4.936157893098425e-05,0.0,-5.684341886080801e-13,-1.1368683772161603e-12,-3.637978807091403e-11,306.1573684210504,70,255,0,0
58.750000000000696,35.72500815421053,51.27649143407895,1370.0,4.4355789441397064e-05,-4.936157904467109e-05,-1.8189894035458565e-12,-5.421010862427522e-20,-1.1368683772161603e-12,5.169878828456276e-24,305.9986842105241,70,255,0,0
58.80000000000069,35.725010372,51.276488965999995,1370.0,4.4355789441397064e-05,-4.936157904467109e-05,0.0,5.684341886080801e-13,2.2737367544323206e-12,3.63797880709192e-11,305.83999999999776,70,255,0,0
58.85000000000069,35.72501258978947,51.27648649792105,1370.0,4.435578949824048e-05,-4.9361578817297413e-05,1.8189894035458565e-12,5.684342428181888e-13,1.1368683772161603e-12,5.169878828456276e-24,305.68131578947145,70,255,0,0
58.900000000000695,35.72501480757895,51.2764840298421,1370.0,4.435578949824048e-05,-4.936157893098425e-05,0.0,0.0,-2.2737367544323206e-12,-3.637978807091403e-11,305.52263157894515,70,255,0,0
58.9500000000007,35.72501702536842,51.276481561763156,1370.0,4.435578949824048e-05,-4.936157904467109e-05,-1.8189894035458565e-12,-5.684342428181888e-13,0.0,5.169878828456276e-24,305.36394736841885,70,255,0,0
59.000000000000696,35.725019243157895,51.27647909368421,1370.0,4.4355789441397064e-05,-4.936157893098425e-05,0.0,0.0,2.2737367544323206e-12,3.63797880709192e-11,305.2052631578925,70,255,0,0
59.05000000000069,35.72502146094737,51.27647662560526,1370.0,4.435578949824048e-05,-4.9361578817297413e-05,1.8189894035458565e-12,5.684342428181888e-13,0.0,5.169878828456276e-24,305.0465789473662,70,255,0,0
59.1000000000007,35.72502367873685,51.276474157526316,1370.0,4.435578949824048e-05,-4.936157893098425e-05,0.0,-5.684341886080801e-13,-2.2737367544323206e-12,-3.637978807091403e-11,304.8878947368399,70,255,0,0
59.1500000000007,35.72502589652632,51.27647168944737,1370.0,4.4355789441397064e-05,-4.936157904467109e-05,-1.8189894035458565e-12,-5.684342428181888e-13,-1.1368683772161603e-12,5.169878828456276e-24,304.7292105263135,70,255,0,0
59.2000000000007,35.72502811431579,51.276469221368416,1370.0,4.4355789441397064e-05,-4.936157904467109e-05,0.0,0.0,1.1368683772161603e-12,3.63797880709192e-11,304.5705263157872,70,255,0,0
59.250000000000696,35.72503033210526,51.27646675328947,1370.0,4.4355789441397064e-05,-4.936157893098425e-05,1.8189894035458565e-12,5.684342428181888e-13,1.1368683772161603e-12,5.169878828456276e-24,304.4118421052609,70,255,0,0
59.3000000000007,35.725032549894735,51.27646428521052,1370.0,4.435578949824048e-05,-4.936157893098425e-05,0.0,5.684341886080801e-13,0.0,-3.637978807091403e-11,304.2531578947346,70,255,0,0
59.350000000000705,35.725034767684214,51.276461817131576,1370.0,4.435578949824048e-05,-4.936157893098425e-05,-1.8189894035458565e-12,-5.684342428181888e-13,0.0,5.169878828456276e-24,304.09447368420825,70,255,0,0
59.4000000000007,35.725036985473686,51.27645934905263,1370.0,4.4355789441397064e-05,-4.936157893098425e-05,0.0,-5.684341886080801e-13,0.0,3.63797880709192e-11,303.93578947368195,70,255,0,0
59.4500000000007,35.72503920326316,51.27645688097368,1370.0,4.4355789441397064e-05,-4.936157893098425e-05,1.8189894035458565e-12,1.136868431426269e-12,0.0,5.169878828456276e-24,303.77710526315565,70,255,0,0
59.5000000000007,35.72504142105263,51.276454412894736,1370.0,4.43557895550839e-05,-4.936157893098425e-05,0.0,5.684341886080801e-13,0.0,-3.637978807091403e-11,303.61842105262934,70,255,0,0
59.55000000000071,35.72504363884211,51.27645194481579,1370.0,4.435578949824048e-05,-4.936157893098425e-05,-1.8189894035458565e-12,-1.136868431426269e-12,0.0,5.169878828456276e-24,303.459736842103,70,255,0,0
59.600000000000705,35.72504585663158,51.27644947673684,1370.0,4.4355789441397064e-05,-4.936157893098425e-05,0.0,-5.684341886080801e-13,-1.1368683772161603e-12,3.63797880709192e-11,303.3010526315767,70,255,0,0
59.6500000000007,35.72504807442105,51.27644700865789,1370.0,4.4355789441397064e-05,-4.936157904467109e-05,1.8189894035458565e-12,5.684342428181888e-13,0.0,5.169878828456276e-24,303.1423684210504,70,255,0,0
59.700000000000706,35.725050292210526,51.27644454057894,1370.0,4.435578949824048e-05,-4.936157893098425e-05,0.0,1.1368683772161603e-12,1.1368683772161603e-12,-3.637978807091403e-11,302.9836842105241,70,255,0,0
59.75000000000071,35.725052510000005,51.2764420725,1370.0,4.43557895550839e-05,-4.936157893098425e-05,-1.8189894035458565e-12,-5.684342428181888e-13,0.0,5.169878828456276e-24,302.8249999999977,70,255,0,0
59.80000000000071,35.72505472778948,51.27643960442105,1370.0,4.4355789441397064e-05,-4.936157893098425e-05,0.0,-1.7053025658242404e-12,0.0,3.63797880709192e-11,302.6663157894714,70,255,0,0
59.850000000000705,35.72505694557895,51.2764371363421,1370.0,4.4355789384553646e-05,-4.936157893098425e-05,1.8189894035458565e-12,5.421010862427522e-20,0.0,5.169878828456276e-24,302.5076315789451,70,255,0,0
59.90000000000071,35.72505916336842,51.27643466826316,1370.0,4.4355789441397064e-05,-4.936157893098425e-05,0.0,1.7053025658242404e-12,0.0,-3.637978807091403e-11,302.3489473684188,70,255,0,0
59.95000000000071,35.72506138115789,51.27643220018421,1370.0,4.43557895550839e-05,-4.936157893098425e-05,-1.8189894035458565e-12,5.684341343979715e-13,0.0,5.169878828456276e-24,302.19026315789245,70,255,0,0
60.00000000000071,35.72506359894737,51.276429732105264,1370.0,4.435578949824048e-05,-4.936157893098425e-05,0.0,-1.1368683772161603e-12,0.0,3.63797880709192e-11,302.03157894736614,70,255,0,0
60.05000000000071,35.725065816736844,51.27642726402632,1370.0,4.4355789441397064e-05,-4.936157893098425e-05,1.8189894035458565e-12,-5.684341343979715e-13,-1.1368683772161603e-12,5.169878828456276e-24,301.87289473683984,70,255,0,0
60.10000000000071,35.725068034526316,51.276424795947364,1370.0,4.4355789441397064e-05,-4.936157904467109e-05,0.0,5.684341886080801e-13,0.0,-3.637978807091403e-11,301.71421052631354,70,255,0,0
60.150000000000716,35.72507025231579,51.27642232786842,1370.0,4.435578949824048e-05,-4.936157893098425e-05,-1.8189894035458565e-12,1.1368683230060517e-12,1.1368683772161603e-12,5.169878828456276e-24,301.5555263157872,70,255,0,0
60.20000000000071,35.72507247010527,51.27641985978947,1370.0,4.43557895550839e-05,-4.936157893098425e-05,0.0,-5.684341886080801e-13,0.0,3.63797880709192e-11,301.3968421052609,70,255,0,0
60.25000000000071,35.72507468789474,51.276417391710524,1370.0,4.4355789441397064e-05,-4.936157893098425e-05,1.8189894035458565e-12,-1.1368683230060517e-12,0.0,5.169878828456276e-24,301.23815789473457,70,255,0,0
60.300000000000715,35.72507690568421,51.27641492363158,1370.0,4.4355789441397064e-05,-4.936157893098425e-05,0.0,0.0,0.0,-3.637978807091403e-11,301.07947368420827,70,255,0,0
60.35000000000072,35.725079123473684,51.27641245555263,1370.0,4.4355789441397064e-05,-4.936157893098425e-05,-1.8189894035458565e-12,5.684341343979715e-13,0.0,5.169878828456276e-24,300.9207894736819,70,255,0,0
60.400000000000716,35.725081341263156,51.276409987473684,1370.0,4.435578949824048e-05,-4.936157893098425e-05,0.0,5.684341886080801e-13,0.0,3.63797880709192e-11,300.7621052631556,70,255,0,0
60.45000000000071,35.725083559052635,51.27640751939474,1370.0,4.435578949824048e-05,-4.936157893098425e-05,1.8189894035458565e-12,-5.684341343979715e-13,0.0,5.169878828456276e-24,300.6034210526293,70,255,0,0
60.50000000000072,35.72508577684211,51.27640505131579,1370.0,4.4355789441397064e-05,-4.936157893098425e-05,0.0,-5.684341886080801e-13,-1.1368683772161603e-12,-3.637978807091403e-11,300.444736842103,70,255,0,0
60.55000000000072,35.72508799463158,51.27640258323684,1370.0,4.4355789441397064e-05,-4.936157904467109e-05,-1.8189894035458565e-12,5.684341343979715e-13,0.0,5.169878828456276e-24,300.28605263157664,70,255,0,0
60.60000000000072,35.72509021242105,51.27640011515789,1370.0,4.435578949824048e-05,-4.936157893098425e-05,0.0,5.684341886080801e-13,1.1368683772161603e-12,3.63797880709192e-11,300.12736842105033,70,255,0,0
60.650000000000716,35.72509243021053,51.276397647078944,1370.0,4.435578949824048e-05,-4.936157893098425e-05,1.8189894035458565e-12,-5.684341343979715e-13,0.0,5.169878828456276e-24,299.96868421052403,70,255,0,0
60.70000000000072,35.725094648,51.276395179,1370.0,4.4355789441397064e-05,-4.936157893098425e-05,0.0,0.0,0.0,-3.637978807091403e-11,299.80999999999773,70,255,0,0
60.750000000000725,35.725096865789475,51.27639271092105,1370.0,4.435578949824048e-05,-4.936157893098425e-05,-1.8189894035458565e-12,-5.421010862427522e-20,0.0,5.169878828456276e-24,299.65131578947137,70,255,0,0
60.80000000000072,35.72509908357895,51.276390242842105,1370.0,4.4355789441397064e-05,-4.936157893098425e-05,0.0,0.0,0.0,3.63797880709192e-11,299.49263157894507,70,255,0,0
60.85000000000072,35.72510130136842,51.27638777476316,1370.0,4.435578949824048e-05,-4.936157893098425e-05,1.8189894035458565e-12,5.684342428181888e-13,0.0,5.169878828456276e-24,299.33394736841876,70,255,0,0
60.90000000000072,35.7251035191579,51.27638530668421,1370.0,4.435578949824048e-05,-4.936157893098425e-05,0.0,-5.684341886080801e-13,-1.1368683772161603e-12,-3.637978807091403e-11,299.17526315789246,70,255,0,0
60.95000000000073,35.72510573694737,51.276382838605265,1370.0,4.4355789441397064e-05,-4.936157904467109e-05,-1.8189894035458565e-12,-5.684342428181888e-13,-1.1368683772161603e-12,5.169878828456276e-24,299.0165789473661,70,255,0,0
61.000000000000725,35.72510795473684,51.27638037052631,1370.0,4.4355789441397064e-05,-4.936157904467109e-05,0.0,5.684341886080801e-13,1.1368683772161603e-12,3.63797880709192e-11,298.8578947368398,70,255,0,0
61.05000000000072,35.725110172526314,51.276377902447365,1370.0,4.435578949824048e-05,-4.936157893098425e-05,1.8189894035458565e-12,5.684342428181888e-13,1.1368683772161603e-12,5.169878828456276e-24,298.6992105263135,70,255,0,0
61.100000000000726,35.72511239031579,51.27637543436842,1370.0,4.435578949824048e-05,-4.936157893098425e-05,0.0,-5.684341886080801e-13,0.0,-3.637978807091403e-11,298.54052631578713,70,255,0,0
61.15000000000073,35.725114608105265,51.27637296628947,1370.0,4.4355789441397064e-05,-4.936157893098425e-05,-1.8189894035458565e-12,-5.684342428181888e-13,0.0,5.169878828456276e-24,298.38184210526083,70,255,0,0
61.20000000000073,35.72511682589474,51.276370498210525,1370.0,4.4355789441397064e-05,-4.936157893098425e-05,0.0,5.684341886080801e-13,0.0,3.63797880709192e-11,298.2231578947345,70,255,0,0
61.250000000000725,35.72511904368421,51.27636803013158,1370.0,4.435578949824048e-05,-4.936157893098425e-05,1.8189894035458565e-12,1.136868431426269e-12,0.0,5.169878828456276e-24,298.0644736842082,70,255,0,0
61.30000000000073,35.72512126147369,51.27636556205263,1370.0,4.43557895550839e-05,-4.936157893098425e-05,0.0,-5.684341886080801e-13,0.0,-3.637978807091403e-11,297.90578947368186,70,255,0,0
61.35000000000073,35.72512347926316,51.276363093973686,1370.0,4.4355789441397064e-05,-4.936157893098425e-05,-1.8189894035458565e-12,-1.136868431426269e-12,-1.1368683772161603e-12,5.169878828456276e-24,297.74710526315556,70,255,0,0
61.40000000000073,35.72512569705263,51.27636062589474,1370.0,4.4355789441397064e-05,-4.936157904467109e-05,0.0,0.0,0.0,3.63797880709192e-11,297.58842105262926,70,255,0,0
61.45000000000073,35.725127914842105,51.276358157815785,1370.0,4.4355789441397064e-05,-4.936157893098425e-05,1.8189894035458565e-12,5.684342428181888e-13,1.1368683772161603e-12,5.169878828456276e-24,297.42973684210295,70,255,0,0
61.50000000000073,35.72513013263158,51.27635568973684,1370.0,4.435578949824048e-05,-4.936157893098425e-05,0.0,1.1368683772161603e-12,0.0,-3.637978807091403e-11,297.2710526315766,70,255,0,0
61.550000000000736,35.725132350421056,51.27635322165789,1370.0,4.43557895550839e-05,-4.936157893098425e-05,-1.8189894035458565e-12,-5.684342428181888e-13,0.0,5.169878828456276e-24,297.1123684210503,70,255,0,0
61.60000000000073,35.72513456821053,51.276350753578946,1370.0,4.4355789441397064e-05,-4.936157893098425e-05,0.0,-1.7053025658242404e-12,0.0,3.63797880709192e-11,296.953684210524,70,255,0,0
61.65000000000073,35.725136786,51.2763482855,1370.0,4.4355789384553646e-05,-4.936157893098425e-05,1.8189894035458565e-12,5.684342428181888e-13,0.0,5.169878828456276e-24,296.7949999999977,70,255,0,0
61.700000000000735,35.72513900378947,51.27634581742105,1370.0,4.435578949824048e-05,-4.936157893098425e-05,0.0,1.7053025658242404e-12,0.0,-3.637978807091403e-11,296.6363157894713,70,255,0,0
61.75000000000074,35.72514122157895,51.276343349342106,1370.0,4.43557895550839e-05,-4.936157893098425e-05,-1.8189894035458565e-12,-5.684342428181888e-13,0.0,5.169878828456276e-24,296.477631578945,70,255,0,0
61.800000000000736,35.72514343936842,51.27634088126316,1370.0,4.4355789441397064e-05,-4.936157893098425e-05,0.0,-1.1368683772161603e-12,-1.1368683772161603e-12,3.63797880709192e-11,296.3189473684187,70,255,0,0
61.85000000000073,35.725145657157896,51.276338413184206,1370.0,4.4355789441397064e-05,-4.936157904467109e-05,1.8189894035458565e-12,5.421010862427522e-20,0.0,5.169878828456276e-24,296.1602631578924,70,255,0,0
61.90000000000074,35.72514787494737,51.27633594510526,1370.0,4.4355789441397064e-05,-4.936157893098425e-05,0.0,5.684341886080801e-13,1.1368683772161603e-12,-3.637978807091403e-11,296.00157894736606,70,255,0,0
61.95000000000074,35.72515009273684,51.27633347702631,1370.0,4.435578949824048e-05,-4.936157893098425e-05,-1.8189894035458565e-12,1.1368683230060517e-12,0.0,5.169878828456276e-24,295.84289473683975,70,255,0,0
62.00000000000074,35.72515231052632,51.276331008947366,1370.0,4.43557895550839e-05,-4.936157893098425e-05,0.0,-5.684341886080801e-13,0.0,3.63797880709192e-11,295.68421052631345,70,255,0,0
62.050000000000736,35.72515452831579,51.27632854086842,1370.0,4.4355789441397064e-05,-4.936157893098425e-05,1.8189894035458565e-12,-1.1368683230060517e-12,0.0,5.169878828456276e-24,295.52552631578715,70,255,0,0
62.10000000000074,35.72515674610526,51.27632607278947,1370.0,4.4355789441397064e-05,-4.936157893098425e-05,0.0,5.684341886080801e-13,0.0,-3.637978807091403e-11,295.3668421052608,70,255,0,0
62.150000000000745,35.725158963894735,51.27632360471053,1370.0,4.435578949824048e-05,-4.936157893098425e-05,-1.8189894035458565e-12,5.684341343979715e-13,0.0,5.169878828456276e-24,295.2081578947345,70,255,0,0
62.20000000000074,35.725161181684214,51.27632113663158,1370.0,4.435578949824048e-05,-4.936157893098425e-05,0.0,-5.684341886080801e-13,0.0,3.63797880709192e-11,295.0494736842082,70,255,0,0
62.25000000000074,35.725163399473686,51.27631866855263,1370.0,4.4355789441397064e-05,-4.936157893098425e-05,1.8189894035458565e-12,-5.684341343979715e-13,-1.1368683772161603e-12,5.169878828456276e-24,294.8907894736819,70,255,0,0
62.30000000000074,35.72516561726316,51.27631620047368,1370.0,4.4355789441397064e-05,-4.936157904467109e-05,0.0,0.0,-1.1368683772161603e-12,-3.637978807091403e-11,294.7321052631555,70,255,0,0
62.35000000000075,35.72516783505263,51.27631373239473,1370.0,4.4355789441397064e-05,-4.936157904467109e-05,-1.8189894035458565e-12,5.684341343979715e-13,1.1368683772161603e-12,5.169878828456276e-24,294.5734210526292,70,255,0,0
62.400000000000745,35.7251700528421,51.27631126431579,1370.0,4.435578949824048e-05,-4.936157893098425e-05,0.0,5.684341886080801e-13,2.2737367544323206e-12,3.63797880709192e-11,294.4147368421029,70,255,0,0
62.45000000000074,35.72517227063158,51.27630879623684,1370.0,4.435578949824048e-05,-4.9361578817297413e-05,1.8189894035458565e-12,-5.684341343979715e-13,0.0,5.169878828456276e-24,294.2560526315766,70,255,0,0
62.500000000000746,35.725174488421054,51.276306328157894,1370.0,4.4355789441397064e-05,-4.936157893098425e-05,0.0,0.0,-2.2737367544323206e-12,-3.637978807091403e-11,294.09736842105025,70,255,0,0
62.55000000000075,35.725176706210526,51.27630386007895,1370.0,4.435578949824048e-05,-4.936157904467109e-05,-1.8189894035458565e-12,5.684341343979715e-13,0.0,5.169878828456276e-24,293.93868421052395,70,255,0,0
62.60000000000075,35.725178924,51.276301392,1370.0,4.435578949824048e-05,-4.936157893098425e-05,0.0,0.0,2.2737367544323206e-12,3.63797880709192e-11,293.77999999999764,70,255,0,0
62.650000000000745,35.72518114178948,51.276298923921054,1370.0,4.435578949824048e-05,-4.9361578817297413e-05,1.8189894035458565e-12,-5.684341343979715e-13,-1.1368683772161603e-12,5.169878828456276e-24,293.62131578947134,70,255,0,0
62.70000000000075,35.72518335957895,51.27629645584211,1370.0,4.4355789441397064e-05,-4.936157904467109e-05,0.0,-5.684341886080801e-13,-2.2737367544323206e-12,-3.637978807091403e-11,293.462631578945,70,255,0,0
62.75000000000075,35.72518557736842,51.276293987763154,1370.0,4.4355789441397064e-05,-4.936157904467109e-05,-1.8189894035458565e-12,1.1368683230060517e-12,1.1368683772161603e-12,5.169878828456276e-24,293.3039473684187,70,255,0,0
62.80000000000075,35.72518779515789,51.27629151968421,1370.0,4.43557895550839e-05,-4.936157893098425e-05,0.0,5.684341886080801e-13,1.1368683772161603e-12,3.63797880709192e-11,293.1452631578924,70,255,0,0
62.85000000000075,35.72519001294737,51.27628905160526,1370.0,4.435578949824048e-05,-4.936157893098425e-05,1.8189894035458565e-12,-1.1368683230060517e-12,0.0,5.169878828456276e-24,292.98657894736607,70,255,0,0
62.90000000000075,35.725192230736845,51.276286583526314,1370.0,4.4355789441397064e-05,-4.936157893098425e-05,0.0,-5.684341886080801e-13,0.0,-3.637978807091403e-11,292.8278947368397,70,255,0,0
62.950000000000756,35.72519444852632,51.27628411544737,1370.0,4.4355789441397064e-05,-4.936157893098425e-05,-1.8189894035458565e-12,-5.421010862427522e-20,0.0,5.169878828456276e-24,292.6692105263134,70,255,0,0
63.00000000000075,35.72519666631579,51.27628164736842,1370.0,4.4355789441397064e-05,-4.936157893098425e-05,0.0,5.684341886080801e-13,0.0,3.63797880709192e-11,292.5105263157871,70,255,0,0
63.05000000000075,35.72519888410526,51.276279179289475,1370.0,4.435578949824048e-05,-4.936157893098425e-05,1.8189894035458565e-12,1.136868431426269e-12,0.0,5.169878828456276e-24,292.35184210526074,70,255,0,0
63.100000000000755,35.72520110189474,51.27627671121053,1370.0,4.43557895550839e-05,-4.936157893098425e-05,0.0,-5.684341886080801e-13,-1.1368683772161603e-12,-3.637978807091403e-11,292.19315789473444,70,255,0,0
63.15000000000076,35.72520331968421,51.27627424313158,1370.0,4.4355789441397064e-05,-4.936157904467109e-05,-1.8189894035458565e-12,-1.136868431426269e-12,0.0,5.169878828456276e-24,292.03447368420814,70,255,0,0
63.200000000000756,35.725205537473684,51.27627177505263,1370.0,4.4355789441397064e-05,-4.936157893098425e-05,0.0,5.684341886080801e-13,1.1368683772161603e-12,3.63797880709192e-11,291.87578947368183,70,255,0,0
63.25000000000075,35.725207755263156,51.27626930697368,1370.0,4.435578949824048e-05,-4.936157893098425e-05,1.8189894035458565e-12,5.684342428181888e-13,0.0,5.169878828456276e-24,291.7171052631555,70,255,0,0
63.30000000000076,35.725209973052635,51.276266838894735,1370.0,4.435578949824048e-05,-4.936157893098425e-05,0.0,0.0,0.0,-3.637978807091403e-11,291.55842105262917,70,255,0,0
63.35000000000076,35.72521219084211,51.27626437081579,1370.0,4.435578949824048e-05,-4.936157893098425e-05,-1.8189894035458565e-12,-5.684342428181888e-13,0.0,5.169878828456276e-24,291.39973684210287,70,255,0,0
63.40000000000076,35.72521440863158,51.27626190273684,1370.0,4.4355789441397064e-05,-4.936157893098425e-05,0.0,-1.1368683772161603e-12,0.0,3.63797880709192e-11,291.2410526315765,70,255,0,0
63.450000000000756,35.72521662642105,51.276259434657895,1370.0,4.4355789384553646e-05,-4.936157893098425e-05,1.8189894035458565e-12,5.684342428181888e-13,0.0,5.169878828456276e-24,291.0823684210502,70,255,0,0
63.50000000000076,35.725218844210524,51.27625696657895,1370.0,4.435578949824048e-05,-4.936157893098425e-05,0.0,1.7053025658242404e-12,0.0,-3.637978807091403e-11,290.9236842105239,70,255,0,0
63.550000000000765,35.725221062,51.2762544985,1370.0,4.43557895550839e-05,-4.936157893098425e-05,-1.8189894035458565e-12,-5.684342428181888e-13,-1.1368683772161603e-12,5.169878828456276e-24,290.7649999999976,70,255,0,0
63.60000000000076,35.725223279789475,51.276252030421055,1370.0,4.4355789441397064e-05,-4.936157904467109e-05,0.0,-1.1368683772161603e-12,0.0,3.63797880709192e-11,290.60631578947124,70,255,0,0
63.65000000000076,35.72522549757895,51.2762495623421,1370.0,4.4355789441397064e-05,-4.936157893098425e-05,1.8189894035458565e-12,5.684342428181888e-13,1.1368683772161603e-12,5.169878828456276e-24,290.44763157894494,70,255,0,0
63.70000000000076,35.72522771536842,51.276247094263155,1370.0,4.435578949824048e-05,-4.936157893098425e-05,0.0,5.684341886080801e-13,0.0,-3.637978807091403e-11,290.28894736841863,70,255,0,0
63.75000000000077,35.7252299331579,51.27624462618421,1370.0,4.435578949824048e-05,-4.936157893098425e-05,-1.8189894035458565e-12,-5.684342428181888e-13,0.0,5.169878828456276e-24,290.1302631578923,70,255,0,0
63.800000000000765,35.72523215094737,51.27624215810526,1370.0,4.4355789441397064e-05,-4.936157893098425e-05,0.0,-5.684341886080801e-13,0.0,3.63797880709192e-11,289.97157894736597,70,255,0,0
63.85000000000076,35.72523436873684,51.276239690026316,1370.0,4.4355789441397064e-05,-4.936157893098425e-05,1.8189894035458565e-12,1.136868431426269e-12,0.0,5.169878828456276e-24,289.81289473683967,70,255,0,0
63.900000000000766,35.725236586526314,51.27623722194737,1370.0,4.43557895550839e-05,-4.936157893098425e-05,0.0,5.684341886080801e-13,0.0,-3.637978807091403e-11,289.65421052631336,70,255,0,0
63.95000000000077,35.725238804315794,51.27623475386842,1370.0,4.435578949824048e-05,-4.936157893098425e-05,-1.8189894035458565e-12,-1.136868431426269e-12,0.0,5.169878828456276e-24,289.495526315787,70,255,0,0
64.00000000000077,35.725241022105266,51.276232285789476,1370.0,4.4355789441397064e-05,-4.936157893098425e-05,0.0,-5.684341886080801e-13,0.0,1.81898940354596e-11,289.3368421052607,70,255,0,0
64.05000000000076,35.72524323989474,51.27622981771053,1370.0,4.4355789441397064e-05,-4.936157893098425e-05,0.0,0.0,0.0,0.0,289.1781578947344,70,255,0,0
64.10000000000076,35.72524545768421,51.276227349631576,1370.0,4.4355789441397064e-05,-4.936157893098425e-05,0.0,5.684341886080801e-13,-1.1368683772161603e-12,0.0,289.0194736842081,70,255,0,0
64.15000000000077,35.72524767547368,51.27622488155263,1370.0,4.435578949824048e-05,-4.936157904467109e-05,0.0,5.684341886080801e-13,0.0,0.0,288.86078947368173,70,255,0,0
64.20000000000077,35.72524989326316,51.27622241347368,1370.0,4.435578949824048e-05,-4.936157893098425e-05,0.0,0.0,2.2737367544323206e-12,0.0,288.70210526315543,70,255,0,0
64.25000000000077,35.72525211105263,51.276219945394736,1370.0,4.435578949824048e-05,-4.9361578817297413e-05,0.0,-1.1368683772161603e-12,-1.1368683772161603e-12,0.0,288.5434210526291,70,255,0,0
64.30000000000078,35.725254328842105,51.27621747731579,1370.0,4.4355789384553646e-05,-4.936157904467109e-05,0.0,0.0,-1.1368683772161603e-12,0.0,288.38473684210277,70,255,0,0
64.35000000000078,35.72525654663158,51.27621500923684,1370.0,4.435578949824048e-05,-4.936157893098425e-05,0.0,1.1368683772161603e-12,1.1368683772161603e-12,0.0,288.22605263157647,70,255,0,0
64.40000000000077,35.725258764421056,51.276212541157896,1370.0,4.435578949824048e-05,-4.936157893098425e-05,0.0,-5.684341886080801e-13,-1.1368683772161603e-12,0.0,288.06736842105016,70,255,0,0
64.45000000000077,35.72526098221053,51.27621007307895,1370.0,4.4355789441397064e-05,-4.936157904467109e-05,0.0,0.0,0.0,0.0,287.90868421052386,70,255,0,0
64.50000000000077,35.7252632,51.276207604999996,1370.0,4.435578949824048e-05,-4.936157893098425e-05,0.0,-5.684341886080801e-13,1.1368683772161603e-12,0.0,287.74999999999756,70,255,0,0
64.55000000000078,35.72526541778947,51.27620513692105,1370.0,4.4355789384553646e-05,-4.936157893098425e-05,0.0,5.684341886080801e-13,0.0,0.0,287.5913157894712,70,255,0,0
64.60000000000078,35.725267635578945,51.2762026688421,1370.0,4.43557895550839e-05,-4.936157893098425e-05,0.0,1.7053025658242404e-12,0.0,0.0,287.4326315789449,70,255,0,0
64.65000000000077,35.725269853368424,51.27620020076316,1370.0,4.43557895550839e-05,-4.936157893098425e-05,0.0,-1.1368683772161603e-12,0.0,0.0,287.2739473684186,70,255,0,0
64.70000000000078,35.725272071157896,51.27619773268421,1370.0,4.4355789441397064e-05,-4.936157893098425e-05,0.0,-1.1368683772161603e-12,0.0,0.0,287.11526315789223,70,255,0,0
64.75000000000078,35.72527428894737,51.27619526460526,1370.0,4.4355789441397064e-05,-4.936157893098425e-05,0.0,5.684341886080801e-13,0.0,0.0,286.9565789473659,70,255,0,0
64.80000000000078,35.72527650673684,51.27619279652632,1370.0,4.435578949824048e-05,-4.936157893098425e-05,0.0,5.684341886080801e-13,0.0,0.0,286.7978947368396,70,255,0,0
64.85000000000078,35.72527872452632,51.27619032844737,1370.0,4.435578949824048e-05,-4.936157893098425e-05,0.0,-5.684341886080801e-13,-1.1368683772161603e-12,0.0,286.6392105263133,70,255,0,0
64.90000000000077,35.72528094231579,51.276187860368424,1370.0,4.4355789441397064e-05,-4.936157904467109e-05,0.0,-5.684341886080801e-13,-1.1368683772161603e-12,0.0,286.480526315787,70,255,0,0
64.95000000000078,35.72528316010526,51.27618539228947,1370.0,4.4355789441397064e-05,-4.936157904467109e-05,0.0,0.0,1.1368683772161603e-12,0.0,286.32184210526066,70,255,0,0
65.00000000000078,35.725285377894735,51.276182924210524,1370.0,4.4355789441397064e-05,-4.936157893098425e-05,0.0,1.1368683772161603e-12,1.1368683772161603e-12,0.0,286.16315789473435,70,255,0,0
65.05000000000078,35.72528759568421,51.27618045613158,1370.0,4.43557895550839e-05,-4.936157893098425e-05,0.0,5.684341886080801e-13,0.0,0.0,286.00447368420805,70,255,0,0
65.10000000000079,35.72528981347369,51.27617798805263,1370.0,4.435578949824048e-05,-4.936157893098425e-05,0.0,-1.1368683772161603e-12,0.0,0.0,285.8457894736817,70,255,0,0
65.15000000000079,35.72529203126316,51.276175519973684,1370.0,4.4355789441397064e-05,-4.936157893098425e-05,0.0,-5.684341886080801e-13,0.0,0.0,285.6871052631554,70,255,0,0
65.20000000000078,35.72529424905263,51.27617305189474,1370.0,4.4355789441397064e-05,-4.936157893098425e-05,0.0,5.684341886080801e-13,0.0,0.0,285.5284210526291,70,255,0,0
65.25000000000078,35.7252964668421,51.27617058381579,1370.0,4.435578949824048e-05,-4.936157893098425e-05,0.0,1.1368683772161603e-12,0.0,0.0,285.3697368421028,70,255,0,0
65.30000000000078,35.72529868463158,51.276168115736844,1370.0,4.43557895550839e-05,-4.936157893098425e-05,0.0,-1.1368683772161603e-12,0.0,0.0,285.2110526315765,70,255,0,0
65.35000000000079,35.725300902421054,51.2761656476579,1370.0,4.4355789384553646e-05,-4.936157893098425e-05,0.0,-1.1368683772161603e-12,0.0,0.0,285.0523684210501,70,255,0,0
65.40000000000079,35.725303120210526,51.276163179578944,1370.0,4.4355789441397064e-05,-4.936157893098425e-05,0.0,1.7053025658242404e-12,0.0,0.0,284.8936842105238,70,255,0,0
65.45000000000078,35.725305338,51.2761607115,1370.0,4.43557895550839e-05,-4.936157893098425e-05,0.0,5.684341886080801e-13,0.0,0.0,284.7349999999975,70,255,0,0
65.5000000000008,35.72530755578948,51.27615824342105,1370.0,4.435578949824048e-05,-4.936157893098425e-05,0.0,-1.1368683772161603e-12,0.0,0.0,284.57631578947115,70,255,0,0
65.5500000000008,35.72530977357895,51.276155775342104,1370.0,4.4355789441397064e-05,-4.936157893098425e-05,0.0,-5.684341886080801e-13,0.0,0.0,284.41763157894485,70,255,0,0
65.60000000000079,35.72531199136842,51.27615330726316,1370.0,4.4355789441397064e-05,-4.936157893098425e-05,0.0,0.0,0.0,0.0,284.25894736841855,70,255,0,0
65.65000000000079,35.725314209157894,51.27615083918421,1370.0,4.4355789441397064e-05,-4.936157893098425e-05,0.0,5.684341886080801e-13,0.0,0.0,284.10026315789224,70,255,0,0
65.70000000000078,35.725316426947366,51.276148371105265,1370.0,4.435578949824048e-05,-4.936157893098425e-05,0.0,5.684341886080801e-13,0.0,0.0,283.94157894736594,70,255,0,0
65.7500000000008,35.725318644736845,51.27614590302632,1370.0,4.435578949824048e-05,-4.936157893098425e-05,0.0,-5.684341886080801e-13,-1.1368683772161603e-12,0.0,283.7828947368396,70,255,0,0
65.8000000000008,35.72532086252632,51.27614343494737,1370.0,4.4355789441397064e-05,-4.936157904467109e-05,0.0,-5.684341886080801e-13,-1.1368683772161603e-12,0.0,283.6242105263133,70,255,0,0
65.85000000000079,35.72532308031579,51.27614096686842,1370.0,4.4355789441397064e-05,-4.936157904467109e-05,0.0,5.684341886080801e-13,1.1368683772161603e-12,0.0,283.465526315787,70,255,0,0
65.9000000000008,35.72532529810526,51.27613849878947,1370.0,4.435578949824048e-05,-4.936157893098425e-05,0.0,5.684341886080801e-13,1.1368683772161603e-12,0.0,283.3068421052606,70,255,0,0
65.9500000000008,35.72532751589474,51.276136030710525,1370.0,4.435578949824048e-05,-4.936157893098425e-05,0.0,-5.684341886080801e-13,0.0,0.0,283.1481578947343,70,255,0,0
66.0000000000008,35.72532973368421,51.27613356263158,1370.0,4.4355789441397064e-05,-4.936157893098425e-05,0.0,-5.684341886080801e-13,0.0,0.0,282.989473684208,70,255,0,0
66.0500000000008,35.725331951473684,51.27613109455263,1370.0,4.4355789441397064e-05,-4.936157893098425e-05,0.0,5.684341886080801e-13,0.0,0.0,282.8307894736817,70,255,0,0
66.10000000000079,35.72533416926316,51.276128626473685,1370.0,4.435578949824048e-05,-4.936157893098425e-05,0.0,0.0,0.0,0.0,282.6721052631554,70,255,0,0
66.1500000000008,35.72533638705263,51.27612615839474,1370.0,4.4355789441397064e-05,-4.936157893098425e-05,0.0,0.0,0.0,0.0,282.51342105262904,70,255,0,0
66.2000000000008,35.72533860484211,51.27612369031579,1370.0,4.435578949824048e-05,-4.936157893098425e-05,0.0,5.684341886080801e-13,0.0,0.0,282.35473684210274,70,255,0,0
66.2500000000008,35.72534082263158,51.276121222236846,1370.0,4.435578949824048e-05,-4.936157893098425e-05,0.0,-1.1368683772161603e-12,-1.1368683772161603e-12,0.0,282.19605263157644,70,255,0,0
66.30000000000081,35.72534304042105,51.27611875415789,1370.0,4.4355789384553646e-05,-4.936157904467109e-05,0.0,5.684341886080801e-13,0.0,0.0,282.0373684210501,70,255,0,0
66.3500000000008,35.725345258210524,51.276116286078945,1370.0,4.43557895550839e-05,-4.936157893098425e-05,0.0,1.7053025658242404e-12,1.1368683772161603e-12,0.0,281.8786842105238,70,255,0,0
66.4000000000008,35.725347476,51.276113818,1370.0,4.43557895550839e-05,-4.936157893098425e-05,0.0,-1.1368683772161603e-12,0.0,0.0,281.71999999999747,70,255,0,0
66.4500000000008,35.725349693789475,51.27611134992105,1370.0,4.4355789441397064e-05,-4.936157893098425e-05,0.0,-1.1368683772161603e-12,1.1368683772161603e-12,0.0,281.56131578947117,70,255,0,0
66.5000000000008,35.72535191157895,51.276108881842106,1370.0,4.4355789441397064e-05,-4.9361578817297413e-05,0.0,5.684341886080801e-13,-1.1368683772161603e-12,0.0,281.40263157894486,70,255,0,0
66.55000000000081,35.72535412936842,51.27610641376316,1370.0,4.435578949824048e-05,-4.936157904467109e-05,0.0,5.684341886080801e-13,-1.1368683772161603e-12,0.0,281.2439473684185,70,255,0,0
66.6000000000008,35.7253563471579,51.27610394568421,1370.0,4.435578949824048e-05,-4.936157893098425e-05,0.0,-5.684341886080801e-13,2.2737367544323206e-12,0.0,281.0852631578922,70,255,0,0
66.6500000000008,35.72535856494737,51.276101477605266,1370.0,4.4355789441397064e-05,-4.9361578817297413e-05,0.0,-5.684341886080801e-13,-1.1368683772161603e-12,0.0,280.9265789473659,70,255,0,0
66.70000000000081,35.72536078273684,51.27609900952632,1370.0,4.4355789441397064e-05,-4.936157904467109e-05,0.0,0.0,-1.1368683772161603e-12,0.0,280.76789473683954,70,255,0,0
66.75000000000081,35.725363000526315,51.276096541447366,1370.0,4.4355789441397064e-05,-4.936157893098425e-05,0.0,5.684341886080801e-13,1.1368683772161603e-12,0.0,280.60921052631323,70,255,0,0
66.80000000000081,35.72536521831579,51.27609407336842,1370.0,4.435578949824048e-05,-4.936157893098425e-05,0.0,5.684341886080801e-13,0.0,0.0,280.45052631578693,70,255,0,0
66.8500000000008,35.725367436105266,51.27609160528947,1370.0,4.435578949824048e-05,-4.936157893098425e-05,0.0,0.0,0.0,0.0,280.2918421052606,70,255,0,0
66.9000000000008,35.72536965389474,51.276089137210526,1370.0,4.435578949824048e-05,-4.936157893098425e-05,0.0,-1.1368683772161603e-12,0.0,0.0,280.1331578947343,70,255,0,0
66.95000000000081,35.72537187168421,51.27608666913158,1370.0,4.4355789384553646e-05,-4.936157893098425e-05,0.0,0.0,0.0,0.0,279.97447368420796,70,255,0,0
67.00000000000081,35.72537408947368,51.27608420105263,1370.0,4.435578949824048e-05,-4.936157893098425e-05,0.0,1.7053025658242404e-12,0.0,0.0,279.81578947368166,70,255,0,0
67.05000000000081,35.72537630726316,51.27608173297369,1370.0,4.43557895550839e-05,-4.936157893098425e-05,0.0,-1.1368683772161603e-12,-1.1368683772161603e-12,0.0,279.65710526315536,70,255,0,0
67.10000000000082,35.72537852505263,51.27607926489474,1370.0,4.4355789384553646e-05,-4.936157904467109e-05,0.0,-1.1368683772161603e-12,-1.1368683772161603e-12,0.0,279.498421052629,70,255,0,0
67.15000000000082,35.725380742842106,51.27607679681579,1370.0,4.4355789441397064e-05,-4.936157904467109e-05,0.0,5.684341886080801e-13,1.1368683772161603e-12,0.0,279.3397368421027,70,255,0,0
67.20000000000081,35.72538296063158,51.27607432873684,1370.0,4.4355789441397064e-05,-4.936157893098425e-05,0.0,1.1368683772161603e-12,1.1368683772161603e-12,0.0,279.1810526315764,70,255,0,0
67.25000000000081,35.72538517842105,51.27607186065789,1370.0,4.43557895550839e-05,-4.936157893098425e-05,0.0,1.1368683772161603e-12,0.0,0.0,279.0223684210501,70,255,0,0
67.30000000000081,35.72538739621053,51.27606939257895,1370.0,4.43557895550839e-05,-4.936157893098425e-05,0.0,-1.1368683772161603e-12,0.0,0.0,278.86368421052373,70,255,0,0
67.35000000000082,35.725389614,51.2760669245,1370.0,4.4355789441397064e-05,-4.936157893098425e-05,0.0,-1.1368683772161603e-12,0.0,0.0,278.7049999999974,70,255,0,0
67.40000000000082,35.72539183178947,51.276064456421054,1370.0,4.4355789441397064e-05,-4.936157893098425e-05,0.0,5.684341886080801e-13,0.0,0.0,278.5463157894711,70,255,0,0
67.45000000000081,35.725394049578945,51.27606198834211,1370.0,4.435578949824048e-05,-4.936157893098425e-05,0.0,5.684341886080801e-13,0.0,0.0,278.3876315789448,70,255,0,0
67.50000000000082,35.725396267368424,51.27605952026316,1370.0,4.435578949824048e-05,-4.936157893098425e-05,0.0,-5.684341886080801e-13,0.0,0.0,278.22894736841846,70,255,0,0
67.55000000000082,35.725398485157896,51.276057052184214,1370.0,4.4355789441397064e-05,-4.936157893098425e-05,0.0,-5.684341886080801e-13,0.0,0.0,278.07026315789216,70,255,0,0
67.60000000000082,35.72540070294737,51.27605458410526,1370.0,4.4355789441397064e-05,-4.936157893098425e-05,0.0,0.0,0.0,0.0,277.91157894736585,70,255,0,0
67.65000000000082,35.72540292073684,51.276052116026314,1370.0,4.4355789441397064e-05,-4.936157893098425e-05,0.0,1.1368683772161603e-12,1.1368683772161603e-12,0.0,277.7528947368395,70,255,0,0
67.70000000000081,35.72540513852631,51.27604964794737,1370.0,4.43557895550839e-05,-4.9361578817297413e-05,0.0,5.684341886080801e-13,-1.1368683772161603e-12,0.0,277.5942105263132,70,255,0,0
67.75000000000082,35.72540735631579,51.27604717986842,1370.0,4.435578949824048e-05,-4.936157904467109e-05,0.0,-1.1368683772161603e-12,-1.1368683772161603e-12,0.0,277.4355263157869,70,255,0,0
67.80000000000082,35.725409574105264,51.276044711789474,1370.0,4.4355789441397064e-05,-4.936157893098425e-05,0.0,0.0,2.2737367544323206e-12,0.0,277.2768421052606,70,255,0,0
67.85000000000082,35.725411791894736,51.27604224371053,1370.0,4.435578949824048e-05,-4.9361578817297413e-05,0.0,0.0,-1.1368683772161603e-12,0.0,277.1181578947343,70,255,0,0
67.90000000000083,35.72541400968421,51.27603977563158,1370.0,4.4355789441397064e-05,-4.936157904467109e-05,0.0,0.0,-1.1368683772161603e-12,0.0,276.9594736842079,70,255,0,0
67.95000000000083,35.72541622747369,51.276037307552635,1370.0,4.435578949824048e-05,-4.936157893098425e-05,0.0,0.0,0.0,0.0,276.80078947368156,70,255,0,0
68.00000000000082,35.72541844526316,51.27603483947369,1370.0,4.4355789441397064e-05,-4.936157904467109e-05,0.0,-5.684341886080801e-13,-1.1368683772161603e-12,0.0,276.64210526315526,70,255,0,0
68.05000000000082,35.72542066305263,51.276032371394734,1370.0,4.4355789441397064e-05,-4.936157904467109e-05,0.0,1.1368683772161603e-12,1.1368683772161603e-12,0.0,276.48342105262896,70,255,0,0
68.10000000000082,35.7254228808421,51.27602990331579,1370.0,4.43557895550839e-05,-4.936157893098425e-05,0.0,5.684341886080801e-13,1.1368683772161603e-12,0.0,276.32473684210265,70,255,0,0
68.15000000000083,35.72542509863158,51.27602743523684,1370.0,4.435578949824048e-05,-4.936157893098425e-05,0.0,-1.1368683772161603e-12,0.0,0.0,276.16605263157635,70,255,0,0
68.20000000000083,35.725427316421055,51.276024967157895,1370.0,4.4355789441397064e-05,-4.936157893098425e-05,0.0,-5.684341886080801e-13,0.0,0.0,276.00736842105005,70,255,0,0
68.25000000000082,35.72542953421053,51.27602249907895,1370.0,4.4355789441397064e-05,-4.936157893098425e-05,0.0,0.0,0.0,0.0,275.8486842105237,70,255,0,0
68.30000000000084,35.725431752,51.276020031,1370.0,4.4355789441397064e-05,-4.936157893098425e-05,0.0,5.684341886080801e-13,0.0,0.0,275.6899999999973,70,255,0,0
68.35000000000083,35.72543396978947,51.276017562921055,1370.0,4.435578949824048e-05,-4.936157893098425e-05,0.0,5.684341886080801e-13,0.0,0.0,275.531315789471,70,255,0,0
68.40000000000083,35.72543618757895,51.27601509484211,1370.0,4.435578949824048e-05,-4.936157893098425e-05,0.0,-5.684341886080801e-13,-1.1368683772161603e-12,0.0,275.3726315789447,70,255,0,0
68.45000000000083,35.72543840536842,51.27601262676316,1370.0,4.4355789441397064e-05,-4.936157904467109e-05,0.0,-5.684341886080801e-13,-1.1368683772161603e-12,0.0,275.2139473684184,70,255,0,0
68.50000000000082,35.725440623157894,51.27601015868421,1370.0,4.4355789441397064e-05,-4.936157904467109e-05,0.0,5.684341886080801e-13,1.1368683772161603e-12,0.0,275.0552631578921,70,255,0,0
68.55000000000084,35.725442840947366,51.27600769060526,1370.0,4.435578949824048e-05,-4.936157893098425e-05,0.0,5.684341886080801e-13,1.1368683772161603e-12,0.0,274.89657894736575,70,255,0,0
68.60000000000083,35.725445058736845,51.276005222526315,1370.0,4.435578949824048e-05,-4.936157893098425e-05,0.0,0.0,0.0,0.0,274.73789473683945,70,255,0,0
68.65000000000083,35.72544727652632,51.27600275444737,1370.0,4.435578949824048e-05,-4.936157893098425e-05,0.0,-1.1368683772161603e-12,0.0,0.0,274.57921052631315,70,255,0,0
68.70000000000084,35.72544949431579,51.27600028636842,1370.0,4.4355789384553646e-05,-4.936157893098425e-05,0.0,-5.684341886080801e-13,0.0,0.0,274.4205263157868,70,255,0,0
68.75000000000084,35.72545171210526,51.275997818289476,1370.0,4.4355789441397064e-05,-4.936157893098425e-05,0.0,1.1368683772161603e-12,0.0,0.0,274.2618421052605,70,255,0,0
68.80000000000084,35.725453929894734,51.27599535021053,1370.0,4.435578949824048e-05,-4.936157893098425e-05,0.0,5.684341886080801e-13,0.0,0.0,274.1031578947342,70,255,0,0
68.85000000000083,35.72545614768421,51.27599288213158,1370.0,4.435578949824048e-05,-4.936157893098425e-05,0.0,0.0,0.0,0.0,273.9444736842079,70,255,0,0
68.90000000000083,35.725458365473685,51.275990414052636,1370.0,4.435578949824048e-05,-4.936157893098425e-05,0.0,-1.1368683772161603e-12,0.0,0.0,273.7857894736816,70,255,0,0
68.95000000000084,35.72546058326316,51.27598794597368,1370.0,4.4355789384553646e-05,-4.936157893098425e-05,0.0,5.684341886080801e-13,0.0,0.0,273.6271052631552,70,255,0,0
69.00000000000084,35.72546280105263,51.275985477894736,1370.0,4.43557895550839e-05,-4.936157893098425e-05,0.0,1.7053025658242404e-12,0.0,0.0,273.4684210526289,70,255,0,0
69.05000000000084,35.72546501884211,51.27598300981579,1370.0,4.43557895550839e-05,-4.936157893098425e-05,0.0,-1.1368683772161603e-12,0.0,0.0,273.3097368421026,70,255,0,0
69.10000000000085,35.72546723663158,51.27598054173684,1370.0,4.4355789441397064e-05,-4.936157893098425e-05,0.0,-1.1368683772161603e-12,0.0,0.0,273.15105263157625,70,255,0,0
69.15000000000084,35.72546945442105,51.275978073657896,1370.0,4.4355789441397064e-05,-4.936157893098425e-05,0.0,5.684341886080801e-13,0.0,0.0,272.99236842104995,70,255,0,0
69.20000000000084,35.725471672210524,51.27597560557895,1370.0,4.435578949824048e-05,-4.936157893098425e-05,0.0,5.684341886080801e-13,0.0,0.0,272.83368421052364,70,255,0,0
69.25000000000084,35.72547389,51.2759731375,1370.0,4.435578949824048e-05,-4.936157893098425e-05,0.0,-5.684341886080801e-13,0.0,0.0,272.67499999999734,70,255,0,0
69.30000000000084,35.725476107789476,51.275970669421056,1370.0,4.4355789441397064e-05,-4.936157893098425e-05,0.0,-5.684341886080801e-13,-1.1368683772161603e-12,0.0,272.51631578947104,70,255,0,0
69.35000000000085,35.72547832557895,51.27596820134211,1370.0,4.4355789441397064e-05,-4.936157904467109e-05,0.0,0.0,-1.1368683772161603e-12,0.0,272.3576315789447,70,255,0,0
69.40000000000084,35.72548054336842,51.275965733263156,1370.0,4.4355789441397064e-05,-4.936157904467109e-05,0.0,1.1368683772161603e-12,1.1368683772161603e-12,0.0,272.1989473684184,70,255,0,0
69.45000000000084,35.72548276115789,51.27596326518421,1370.0,4.43557895550839e-05,-4.936157893098425e-05,0.0,5.684341886080801e-13,1.1368683772161603e-12,0.0,272.04026315789207,70,255,0,0
69.50000000000085,35.72548497894737,51.27596079710526,1370.0,4.435578949824048e-05,-4.936157893098425e-05,0.0,-1.1368683772161603e-12,0.0,0.0,271.8815789473657,70,255,0,0
69.55000000000085,35.72548719673684,51.27595832902632,1370.0,4.4355789441397064e-05,-4.936157893098425e-05,0.0,-5.684341886080801e-13,0.0,0.0,271.7228947368394,70,255,0,0
69.60000000000085,35.725489414526315,51.27595586094737,1370.0,4.4355789441397064e-05,-4.936157893098425e-05,0.0,5.684341886080801e-13,0.0,0.0,271.5642105263131,70,255,0,0
69.65000000000084,35.72549163231579,51.27595339286842,1370.0,4.435578949824048e-05,-4.936157893098425e-05,0.0,1.1368683772161603e-12,0.0,0.0,271.4055263157868,70,255,0,0
69.70000000000084,35.725493850105266,51.27595092478948,1370.0,4.43557895550839e-05,-4.936157893098425e-05,0.0,-1.1368683772161603e-12,-1.1368683772161603e-12,0.0,271.2468421052605,70,255,0,0
69.75000000000085,35.72549606789474,51.27594845671053,1370.0,4.4355789384553646e-05,-4.936157904467109e-05,0.0,-1.1368683772161603e-12,-1.1368683772161603e-12,0.0,271.08815789473414,70,255,0,0
69.80000000000085,35.72549828568421,51.27594598863158,1370.0,4.4355789441397064e-05,-4.936157904467109e-05,0.0,1.1368683772161603e-12,2.2737367544323206e-12,0.0,270.92947368420784,70,255,0,0
69.85000000000085,35.72550050347368,51.27594352055263,1370.0,4.435578949824048e-05,-4.9361578817297413e-05,0.0,5.684341886080801e-13,0.0,0.0,270.77078947368153,70,255,0,0
69.90000000000086,35.725502721263155,51.275941052473684,1370.0,4.435578949824048e-05,-4.936157904467109e-05,0.0,5.684341886080801e-13,-1.1368683772161603e-12,0.0,270.6121052631552,70,255,0,0
69.95000000000086,35.725504939052634,51.27593858439474,1370.0,4.43557895550839e-05,-4.936157893098425e-05,0.0,-5.684341886080801e-13,1.1368683772161603e-12,0.0,270.45342105262887,70,255,0,0
70.00000000000085,35.725507156842106,51.27593611631579,1370.0,4.4355789441397064e-05,-4.936157893098425e-05,0.0,-1.1368683772161603e-12,0.0,0.0,270.29473684210257,70,255,0,0
70.05000000000085,35.72550937463158,51.275933648236844,1370.0,4.4355789441397064e-05,-4.936157893098425e-05,0.0,5.684341886080801e-13,1.1368683772161603e-12,0.0,270.13605263157626,70,255,0,0
70.10000000000085,35.72551159242105,51.2759311801579,1370.0,4.435578949824048e-05,-4.9361578817297413e-05,0.0,5.684341886080801e-13,-1.1368683772161603e-12,0.0,269.97736842104996,70,255,0,0
70.15000000000086,35.72551381021053,51.27592871207895,1370.0,4.435578949824048e-05,-4.936157904467109e-05,0.0,-5.684341886080801e-13,-1.1368683772161603e-12,0.0,269.8186842105236,70,255,0,0
70.20000000000086,35.725516028,51.275926244000004,1370.0,4.4355789441397064e-05,-4.936157893098425e-05,0.0,-5.684341886080801e-13,1.1368683772161603e-12,0.0,269.6599999999973,70,255,0,0
70.25000000000085,35.72551824578947,51.27592377592105,1370.0,4.4355789441397064e-05,-4.936157893098425e-05,0.0,0.0,0.0,0.0,269.501315789471,70,255,0,0
70.30000000000086,35.725520463578945,51.275921307842104,1370.0,4.4355789441397064e-05,-4.936157893098425e-05,0.0,5.684341886080801e-13,0.0,0.0,269.34263157894463,70,255,0,0
70.35000000000086,35.72552268136842,51.27591883976316,1370.0,4.435578949824048e-05,-4.936157893098425e-05,0.0,5.684341886080801e-13,0.0,0.0,269.18394736841833,70,255,0,0
70.40000000000086,35.7255248991579,51.27591637168421,1370.0,4.435578949824048e-05,-4.936157893098425e-05,0.0,-5.684341886080801e-13,0.0,0.0,269.025263157892,70,255,0,0
70.45000000000086,35.72552711694737,51.275913903605264,1370.0,4.4355789441397064e-05,-4.936157893098425e-05,0.0,0.0,0.0,0.0,268.8665789473657,70,255,0,0
70.50000000000085,35.72552933473684,51.27591143552632,1370.0,4.435578949824048e-05,-4.936157893098425e-05,0.0,0.0,0.0,0.0,268.7078947368394,70,255,0,0
70.55000000000086,35.72553155252631,51.27590896744737,1370.0,4.4355789441397064e-05,-4.936157893098425e-05,0.0,0.0,0.0,0.0,268.54921052631306,70,255,0,0
70.60000000000086,35.72553377031579,51.275906499368425,1370.0,4.435578949824048e-05,-4.936157893098425e-05,0.0,5.684341886080801e-13,-1.1368683772161603e-12,0.0,268.39052631578676,70,255,0,0
70.65000000000086,35.725535988105264,51.27590403128948,1370.0,4.435578949824048e-05,-4.936157904467109e-05,0.0,-1.1368683772161603e-12,-1.1368683772161603e-12,0.0,268.23184210526045,70,255,0,0
70.70000000000087,35.725538205894736,51.275901563210525,1370.0,4.4355789384553646e-05,-4.936157904467109e-05,0.0,5.684341886080801e-13,1.1368683772161603e-12,0.0,268.0731578947341,70,255,0,0
70.75000000000087,35.72554042368421,51.27589909513158,1370.0,4.43557895550839e-05,-4.936157893098425e-05,0.0,1.7053025658242404e-12,1.1368683772161603e-12,0.0,267.9144736842078,70,255,0,0
70.80000000000086,35.72554264147369,51.27589662705263,1370.0,4.43557895550839e-05,-4.936157893098425e-05,0.0,-1.1368683772161603e-12,0.0,0.0,267.7557894736815,70,255,0,0
70.85000000000086,35.72554485926316,51.275894158973685,1370.0,4.4355789441397064e-05,-4.936157893098425e-05,0.0,-1.1368683772161603e-12,0.0,0.0,267.5971052631552,70,255,0,0
70.90000000000086,35.72554707705263,51.27589169089474,1370.0,4.4355789441397064e-05,-4.936157893098425e-05,0.0,0.0,0.0,0.0,267.4384210526289,70,255,0,0
70.95000000000087,35.725549294842104,51.27588922281579,1370.0,4.4355789441397064e-05,-4.936157893098425e-05,0.0,5.684341886080801e-13,0.0,0.0,267.2797368421025,70,255,0,0
71.00000000000087,35.725551512631576,51.275886754736845,1370.0,4.435578949824048e-05,-4.936157893098425e-05,0.0,5.684341886080801e-13,0.0,0.0,267.1210526315762,70,255,0,0
71.05000000000086,35.725553730421055,51.2758842866579,1370.0,4.435578949824048e-05,-4.936157893098425e-05,0.0,-5.684341886080801e-13,-1.1368683772161603e-12,0.0,266.9623684210499,70,255,0,0
71.10000000000088,35.72555594821053,51.27588181857895,1370.0,4.4355789441397064e-05,-4.936157904467109e-05,0.0,-5.684341886080801e-13,0.0,0.0,266.80368421052356,70,255,0,0
71.15000000000087,35.725558166,51.2758793505,1370.0,4.4355789441397064e-05,-4.936157893098425e-05,0.0,5.684341886080801e-13,1.1368683772161603e-12,0.0,266.64499999999725,70,255,0,0
71.20000000000087,35.72556038378947,51.27587688242105,1370.0,4.435578949824048e-05,-4.936157893098425e-05,0.0,5.684341886080801e-13,0.0,0.0,266.48631578947095,70,255,0,0
71.25000000000087,35.72556260157895,51.275874414342105,1370.0,4.435578949824048e-05,-4.936157893098425e-05,0.0,0.0,1.1368683772161603e-12,0.0,266.32763157894465,70,255,0,0
71.30000000000086,35.72556481936842,51.27587194626316,1370.0,4.435578949824048e-05,-4.9361578817297413e-05,0.0,-1.1368683772161603e-12,-1.1368683772161603e-12,0.0,266.16894736841834,70,255,0,0
71.35000000000088,35.725567037157894,51.27586947818421,1370.0,4.4355789384553646e-05,-4.936157904467109e-05,0.0,-5.684341886080801e-13,-1.1368683772161603e-12,0.0,266.010263157892,70,255,0,0
71.40000000000087,35.72556925494737,51.275867010105266,1370.0,4.4355789441397064e-05,-4.936157893098425e-05,0.0,1.7053025658242404e-12,2.2737367544323206e-12,0.0,265.8515789473657,70,255,0,0
71.45000000000087,35.72557147273684,51.27586454202632,1370.0,4.43557895550839e-05,-4.9361578817297413e-05,0.0,0.0,-1.1368683772161603e-12,0.0,265.6928947368394,70,255,0,0
71.50000000000088,35.72557369052632,51.27586207394737,1370.0,4.4355789441397064e-05,-4.936157904467109e-05,0.0,-1.1368683772161603e-12,-2.2737367544323206e-12,0.0,265.534210526313,70,255,0,0
71.55000000000088,35.72557590831579,51.275859605868426,1370.0,4.4355789441397064e-05,-4.936157904467109e-05,0.0,0.0,0.0,0.0,265.3755263157867,70,255,0,0
71.60000000000088,35.72557812610526,51.27585713778947,1370.0,4.4355789441397064e-05,-4.936157904467109e-05,0.0,1.1368683772161603e-12,1.1368683772161603e-12,0.0,265.2168421052604,70,255,0,0
71.65000000000087,35.725580343894734,51.275854669710526,1370.0,4.43557895550839e-05,-4.936157893098425e-05,0.0,1.1368683772161603e-12,1.1368683772161603e-12,0.0,265.0581578947341,70,255,0,0
71.70000000000087,35.72558256168421,51.27585220163158,1370.0,4.43557895550839e-05,-4.936157893098425e-05,0.0,-1.1368683772161603e-12,0.0,0.0,264.8994736842078,70,255,0,0
71.75000000000088,35.725584779473685,51.27584973355263,1370.0,4.4355789441397064e-05,-4.936157893098425e-05,0.0,-1.1368683772161603e-12,0.0,0.0,264.74078947368145,70,255,0,0
71.80000000000088,35.72558699726316,51.275847265473686,1370.0,4.4355789441397064e-05,-4.936157893098425e-05,0.0,5.684341886080801e-13,0.0,0.0,264.58210526315514,70,255,0,0
71.85000000000088,35.72558921505263,51.27584479739474,1370.0,4.435578949824048e-05,-4.936157893098425e-05,0.0,5.684341886080801e-13,0.0,0.0,264.42342105262884,70,255,0,0
71.90000000000089,35.72559143284211,51.27584232931579,1370.0,4.435578949824048e-05,-4.936157893098425e-05,0.0,-5.684341886080801e-13,0.0,0.0,264.2647368421025,70,255,0,0
71.95000000000088,35.72559365063158,51.27583986123685,1370.0,4.4355789441397064e-05,-4.936157893098425e-05,0.0,-5.684341886080801e-13,-1.1368683772161603e-12,0.0,264.1060526315762,70,255,0,0
72.00000000000088,35.72559586842105,51.2758373931579,1370.0,4.4355789441397064e-05,-4.936157904467109e-05,0.0,0.0,-1.1368683772161603e-12,0.0,263.9473684210499,70,255,0,0
72.05000000000088,35.725598086210525,51.27583492507895,1370.0,4.4355789441397064e-05,-4.936157904467109e-05,0.0,1.1368683772161603e-12,1.1368683772161603e-12,0.0,263.78868421052357,70,255,0,0
72.10000000000088,35.725600304,51.275832457,1370.0,4.43557895550839e-05,-4.936157893098425e-05,0.0,5.684341886080801e-13,1.1368683772161603e-12,0.0,263.62999999999727,70,255,0,0
72.15000000000089,35.725602521789476,51.27582998892105,1370.0,4.435578949824048e-05,-4.936157893098425e-05,0.0,-1.1368683772161603e-12,0.0,0.0,263.4713157894709,70,255,0,0
72.20000000000088,35.72560473957895,51.27582752084211,1370.0,4.4355789441397064e-05,-4.936157893098425e-05,0.0,0.0,0.0,0.0,263.3126315789446,70,255,0,0
72.25000000000088,35.72560695736842,51.27582505276316,1370.0,4.435578949824048e-05,-4.936157893098425e-05,0.0,0.0,0.0,0.0,263.15394736841824,70,255,0,0
72.30000000000089,35.72560917515789,51.275822584684214,1370.0,4.4355789441397064e-05,-4.936157893098425e-05,0.0,0.0,0.0,0.0,262.99526315789194,70,255,0,0
72.35000000000089,35.72561139294737,51.27582011660527,1370.0,4.435578949824048e-05,-4.936157893098425e-05,0.0,0.0,0.0,0.0,262.83657894736564,70,255,0,0
72.40000000000089,35.72561361073684,51.27581764852632,1370.0,4.4355789441397064e-05,-4.936157893098425e-05,0.0,-5.684341886080801e-13,0.0,0.0,262.67789473683933,70,255,0,0
72.45000000000088,35.725615828526315,51.275815180447374,1370.0,4.4355789441397064e-05,-4.936157893098425e-05,0.0,5.684341886080801e-13,0.0,0.0,262.51921052631303,70,255,0,0
72.50000000000088,35.72561804631579,51.27581271236842,1370.0,4.435578949824048e-05,-4.936157893098425e-05,0.0,5.684341886080801e-13,0.0,0.0,262.3605263157867,70,255,0,0
72.55000000000089,35.72562026410526,51.275810244289474,1370.0,4.435578949824048e-05,-4.936157893098425e-05,0.0,5.684341886080801e-13,0.0,0.0,262.20184210526037,70,255,0,0
72.60000000000089,35.72562248189474,51.27580777621053,1370.0,4.43557895550839e-05,-4.936157893098425e-05,0.0,-5.684341886080801e-13,0.0,0.0,262.043157894734,70,255,0,0
72.65000000000089,35.72562469968421,51.27580530813158,1370.0,4.4355789441397064e-05,-4.936157893098425e-05,0.0,-1.1368683772161603e-12,0.0,0.0,261.8844736842077,70,255,0,0
72.7000000000009,35.72562691747368,51.275802840052634,1370.0,4.4355789441397064e-05,-4.936157893098425e-05,0.0,5.684341886080801e-13,0.0,0.0,261.7257894736814,70,255,0,0
72.7500000000009,35.725629135263155,51.27580037197369,1370.0,4.435578949824048e-05,-4.936157893098425e-05,0.0,5.684341886080801e-13,0.0,0.0,261.5671052631551,70,255,0,0
72.80000000000089,35.725631353052634,51.27579790389474,1370.0,4.435578949824048e-05,-4.936157893098425e-05,0.0,-5.684341886080801e-13,-1.1368683772161603e-12,0.0,261.4084210526288,70,255,0,0
72.85000000000089,35.725633570842106,51.275795435815795,1370.0,4.4355789441397064e-05,-4.936157904467109e-05,0.0,-5.684341886080801e-13,-1.1368683772161603e-12,0.0,261.24973684210244,70,255,0,0
72.90000000000089,35.72563578863158,51.27579296773684,1370.0,4.4355789441397064e-05,-4.936157904467109e-05,0.0,0.0,1.1368683772161603e-12,0.0,261.09105263157613,70,255,0,0
72.9500000000009,35.72563800642105,51.275790499657894,1370.0,4.4355789441397064e-05,-4.936157893098425e-05,0.0,5.684341886080801e-13,1.1368683772161603e-12,0.0,260.9323684210498,70,255,0,0
73.0000000000009,35.72564022421052,51.27578803157895,1370.0,4.435578949824048e-05,-4.936157893098425e-05,0.0,1.1368683772161603e-12,0.0,0.0,260.77368421052347,70,255,0,0
73.05000000000089,35.725642442,51.2757855635,1370.0,4.43557895550839e-05,-4.936157893098425e-05,0.0,-1.1368683772161603e-12,0.0,0.0,260.61499999999717,70,255,0,0
73.1000000000009,35.725644659789474,51.275783095421055,1370.0,4.4355789384553646e-05,-4.936157893098425e-05,0.0,-1.1368683772161603e-12,0.0,0.0,260.45631578947086,70,255,0,0
73.1500000000009,35.725646877578946,51.27578062734211,1370.0,4.4355789441397064e-05,-4.936157893098425e-05,0.0,1.1368683772161603e-12,0.0,0.0,260.29763157894456,70,255,0,0
73.2000000000009,35.72564909536842,51.27577815926316,1370.0,4.435578949824048e-05,-4.936157893098425e-05,0.0,5.684341886080801e-13,0.0,0.0,260.1389473684182,70,255,0,0
73.2500000000009,35.7256513131579,51.275775691184215,1370.0,4.435578949824048e-05,-4.936157893098425e-05,0.0,0.0,0.0,0.0,259.9802631578919,70,255,0,0
73.30000000000089,35.72565353094737,51.27577322310527,1370.0,4.435578949824048e-05,-4.936157893098425e-05,0.0,-1.1368683772161603e-12,-1.1368683772161603e-12,0.0,259.8215789473656,70,255,0,0
73.3500000000009,35.72565574873684,51.275770755026315,1370.0,4.4355789384553646e-05,-4.936157904467109e-05,0.0,5.684341886080801e-13,0.0,0.0,259.66289473683923,70,255,0,0
73.4000000000009,35.72565796652631,51.27576828694737,1370.0,4.43557895550839e-05,-4.936157893098425e-05,0.0,1.7053025658242404e-12,2.2737367544323206e-12,0.0,259.50421052631293,70,255,0,0
73.4500000000009,35.72566018431579,51.27576581886842,1370.0,4.43557895550839e-05,-4.9361578817297413e-05,0.0,-1.1368683772161603e-12,-1.1368683772161603e-12,0.0,259.3455263157866,70,255,0,0
73.50000000000091,35.725662402105264,51.275763350789475,1370.0,4.4355789441397064e-05,-4.936157904467109e-05,0.0,-1.1368683772161603e-12,-1.1368683772161603e-12,0.0,259.18684210526027,70,255,0,0
73.5500000000009,35.72566461989474,51.27576088271053,1370.0,4.4355789441397064e-05,-4.936157893098425e-05,0.0,0.0,1.1368683772161603e-12,0.0,259.02815789473397,70,255,0,0
73.6000000000009,35.72566683768421,51.27575841463158,1370.0,4.4355789441397064e-05,-4.936157893098425e-05,0.0,5.684341886080801e-13,0.0,0.0,258.86947368420766,70,255,0,0
73.6500000000009,35.72566905547368,51.275755946552636,1370.0,4.435578949824048e-05,-4.936157893098425e-05,0.0,5.684341886080801e-13,1.1368683772161603e-12,0.0,258.71078947368136,70,255,0,0
73.7000000000009,35.72567127326316,51.27575347847369,1370.0,4.435578949824048e-05,-4.9361578817297413e-05,0.0,-5.684341886080801e-13,-1.1368683772161603e-12,0.0,258.55210526315506,70,255,0,0
73.75000000000091,35.72567349105263,51.27575101039474,1370.0,4.4355789441397064e-05,-4.936157904467109e-05,0.0,-5.684341886080801e-13,-1.1368683772161603e-12,0.0,258.3934210526287,70,255,0,0
73.8000000000009,35.725675708842104,51.27574854231579,1370.0,4.4355789441397064e-05,-4.936157893098425e-05,0.0,1.1368683772161603e-12,1.1368683772161603e-12,0.0,258.2347368421024,70,255,0,0
73.8500000000009,35.725677926631576,51.27574607423684,1370.0,4.43557895550839e-05,-4.936157893098425e-05,0.0,5.684341886080801e-13,0.0,0.0,258.0760526315761,70,255,0,0
73.90000000000092,35.725680144421055,51.275743606157896,1370.0,4.435578949824048e-05,-4.936157893098425e-05,0.0,-1.1368683772161603e-12,1.1368683772161603e-12,0.0,257.91736842104973,70,255,0,0
73.95000000000091,35.72568236221053,51.27574113807895,1370.0,4.4355789441397064e-05,-4.9361578817297413e-05,0.0,-0.00044355789499453245,0.0004936157893233388,0.0,257.7586842105234,70,255,0,0
74.0,35.72568458,51.27573867,1370.0,0.0,0.0,0.0,14290.273587371747,20510.294103396176,547999.9999801262,257.6,70,255,0,0
74.00000000000091,35.72568458,51.27573867,1370.0,1.2996928114836633e-08,1.8654003819182667e-08,4.984030965625554e-07,14290.273587371747,20510.294103396176,547999.9999801262,257.5999999999883,70,255,0,0
74.0500000000009,35.725683969725,51.275735260350004,1370.0,-1.2205499956507992e-05,-6.819299994731409e-05,0.0,-0.00012218496827780105,-0.0006821165406482399,-4.9840309656258375e-06,256.95599999998836,70,255,0,0
74.1000000000009,35.72568335945,51.275731850700005,1370.0,-1.2205499899664574e-05,-6.819300006100093e-05,0.0,-1.1368683636636331e-12,-1.1368683772161603e-12,0.0,256.31199999998836,70,255,0,0
74.15000000000092,35.725682749175,51.27572844105,1370.0,-1.220550007019483e-05,-6.819300006100093e-05,0.0,-1.1368683907686875e-12,1.1368683772161603e-12,0.0,255.66799999998824,70,255,0,0
74.20000000000091,35.7256821389,51.2757250314,1370.0,-1.2205500013351411e-05,-6.819299994731409e-05,0.0,1.7053025658242404e-12,1.1368683772161603e-12,0.0,255.02399999998826,70,255,0,0
74.25000000000091,35.725681528624996,51.27572162175,1370.0,-1.2205499899664574e-05,-6.819299994731409e-05,0.0,1.3552527156068805e-20,0.0,0.0,254.3799999999883,70,255,0,0
74.30000000000092,35.72568091835,51.2757182121,1370.0,-1.2205500013351411e-05,-6.819299994731409e-05,0.0,-1.1368683907686875e-12,0.0,0.0,253.73599999998817,70,255,0,0
74.35000000000092,35.725680308075,51.275714802450004,1370.0,-1.2205500013351411e-05,-6.819299994731409e-05,0.0,5.684341886080801e-13,-1.1368683772161603e-12,0.0,253.0919999999882,70,255,0,0
74.40000000000092,35.7256796978,51.275711392800005,1370.0,-1.2205499956507992e-05,-6.819300006100093e-05,0.0,0.0,-1.1368683772161603e-12,0.0,252.44799999998824,70,255,0,0
74.45000000000091,35.725679087525,51.27570798315,1370.0,-1.2205500013351411e-05,-6.819300006100093e-05,0.0,-5.684341886080801e-13,1.1368683772161603e-12,0.0,251.80399999998826,70,255,0,0
74.50000000000091,35.72567847725,51.2757045735,1370.0,-1.2205500013351411e-05,-6.819299994731409e-05,0.0,1.3552527156068805e-20,1.1368683772161603e-12,0.0,251.15999999998832,70,255,0,0
74.55000000000092,35.725677866975,51.27570116385,1370.0,-1.2205500013351411e-05,-6.819299994731409e-05,0.0,-1.3552527156068805e-20,-1.1368683772161603e-12,0.0,250.51599999998817,70,255,0,0
74.60000000000092,35.7256772567,51.2756977542,1370.0,-1.2205500013351411e-05,-6.819300006100093e-05,0.0,0.0,0.0,0.0,249.8719999999882,70,255,0,0
74.65000000000092,35.725676646425,51.275694344550004,1370.0,-1.2205500013351411e-05,-6.819299994731409e-05,0.0,-5.68434175055553e-13,-1.1368683772161603e-12,0.0,249.22799999998824,70,255,0,0
74.70000000000093,35.72567603615,51.275690934900005,1370.0,-1.220550007019483e-05,-6.819300017468777e-05,0.0,-1.3552527156068805e-20,-1.1368683772161603e-12,0.0,248.5839999999881,70,255,0,0
74.75000000000092,35.725675425875,51.27568752525,1370.0,-1.2205500013351411e-05,-6.819300006100093e-05,0.0,1.1368683772161603e-12,1.1368683772161603e-12,0.0,247.93999999998812,70,255,0,0
74.80000000000092,35.7256748156,51.2756841156,1370.0,-1.2205499956507992e-05,-6.819300006100093e-05,0.0,0.0,1.1368683772161603e-12,0.0,247.29599999998817,70,255,0,0
74.85000000000092,35.725674205325,51.27568070595,1370.0,-1.2205500013351411e-05,-6.819299994731409e-05,0.0,0.0,1.1368683772161603e-12,0.0,246.6519999999882,70,255,0,0
74.90000000000092,35.72567359505,51.2756772963,1370.0,-1.2205499956507992e-05,-6.819299994731409e-05,0.0,5.684342021606073e-13,-1.1368683772161603e-12,0.0,246.00799999998824,70,255,0,0
74.95000000000093,35.725672984775,51.275673886650004,1370.0,-1.2205499956507992e-05,-6.819300006100093e-05,0.0,-5.684342021606073e-13,-1.1368683772161603e-12,0.0,245.3639999999881,70,255,0,0
75.00000000000092,35.7256723745,51.275670477000006,1370.0,-1.2205500013351411e-05,-6.819300006100093e-05,0.0,-5.684341886080801e-13,1.1368683772161603e-12,0.0,244.71999999998812,70,255,0,0
75.05000000000092,35.725671764225,51.27566706735,1370.0,-1.2205500013351411e-05,-6.819299994731409e-05,0.0,5.684342021606073e-13,1.1368683772161603e-12,0.0,244.07599999998817,70,255,0,0
75.10000000000093,35.725671153949996,51.2756636577,1370.0,-1.2205499956507992e-05,-6.819299994731409e-05,0.0,5.68434175055553e-13,-1.1368683772161603e-12,0.0,243.43199999998802,70,255,0,0
75.15000000000093,35.725670543675,51.27566024805,1370.0,-1.2205499956507992e-05,-6.819300006100093e-05,0.0,-1.1368683772161603e-12,0.0,0.0,242.78799999998805,70,255,0,0
75.20000000000093,35.7256699334,51.2756568384,1370.0,-1.220550007019483e-05,-6.819299994731409e-05,0.0,0.0,1.1368683772161603e-12,0.0,242.1439999999881,70,255,0,0
75.25000000000092,35.725669323125,51.275653428750005,1370.0,-1.2205499956507992e-05,-6.819299994731409e-05,0.0,1.1368683772161603e-12,-1.1368683772161603e-12,0.0,241.49999999998812,70,255,0,0
75.30000000000092,35.72566871285,51.275650019100006,1370.0,-1.2205499956507992e-05,-6.819300006100093e-05,0.0,-1.1368683636636331e-12,-1.1368683772161603e-12,0.0,240.85599999998817,70,255,0,0
75.35000000000093,35.725668102575,51.27564660945,1370.0,-1.220550007019483e-05,-6.819300006100093e-05,0.0,-1.3552527156068805e-20,1.1368683772161603e-12,0.0,240.21199999998802,70,255,0,0
75.40000000000093,35.7256674923,51.2756431998,1370.0,-1.2205499956507992e-05,-6.819299994731409e-05,0.0,1.1368683772161603e-12,1.1368683772161603e-12,0.0,239.56799999998805,70,255,0,0
75.45000000000093,35.725666882025,51.27563979015,1370.0,-1.2205499956507992e-05,-6.819299994731409e-05,0.0,-1.1368683636636331e-12,-1.1368683772161603e-12,0.0,238.9239999999881,70,255,0,0
75.50000000000094,35.72566627175,51.2756363805,1370.0,-1.220550007019483e-05,-6.819300006100093e-05,0.0,-1.1368683907686875e-12,-1.1368683772161603e-12,0.0,238.27999999998795,70,255,0,0
75.55000000000094,35.725665661475,51.275632970850005,1370.0,-1.220550007019483e-05,-6.819300006100093e-05,0.0,1.1368683772161603e-12,0.0,0.0,237.63599999998797,70,255,0,0
75.60000000000093,35.7256650512,51.2756295612,1370.0,-1.2205499956507992e-05,-6.819300006100093e-05,0.0,1.1368683772161603e-12,1.1368683772161603e-12,0.0,236.99199999998802,70,255,0,0
75.65000000000093,35.725664440925,51.27562615155,1370.0,-1.2205499956507992e-05,-6.819299994731409e-05,0.0,-5.684341886080801e-13,1.1368683772161603e-12,0.0,236.34799999998805,70,255,0,0
75.70000000000093,35.72566383065,51.2756227419,1370.0,-1.2205500013351411e-05,-6.819299994731409e-05,0.0,-5.68434175055553e-13,-1.1368683772161603e-12,0.0,235.7039999999881,70,255,0,0
75.75000000000094,35.725663220375,51.27561933225,1370.0,-1.2205500013351411e-05,-6.819300006100093e-05,0.0,5.68434175055553e-13,0.0,0.0,235.05999999998795,70,255,0,0
75.80000000000094,35.7256626101,51.275615922600004,1370.0,-1.2205499956507992e-05,-6.819299994731409e-05,0.0,0.0,1.1368683772161603e-12,0.0,234.41599999998797,70,255,0,0
75.85000000000093,35.725661999825,51.275612512950005,1370.0,-1.2205500013351411e-05,-6.819299994731409e-05,0.0,-5.68434175055553e-13,-1.1368683772161603e-12,0.0,233.77199999998803,70,255,0,0
75.90000000000094,35.72566138955,51.2756091033,1370.0,-1.2205500013351411e-05,-6.819300006100093e-05,0.0,5.68434175055553e-13,-1.1368683772161603e-12,0.0,233.12799999998788,70,255,0,0
75.95000000000094,35.725660779275,51.27560569365,1370.0,-1.2205499956507992e-05,-6.819300006100093e-05,0.0,-5.684341886080801e-13,1.1368683772161603e-12,0.0,232.4839999999879,70,255,0,0
76.00000000000094,35.725660169,51.275602284,1370.0,-1.220550007019483e-05,-6.819299994731409e-05,0.0,-5.684341886080801e-13,1.1368683772161603e-12,0.0,231.83999999998795,70,255,0,0
76.05000000000094,35.725659558725,51.27559887435,1370.0,-1.2205500013351411e-05,-6.819299994731409e-05,0.0,1.7053025658242404e-12,0.0,0.0,231.19599999998798,70,255,0,0
76.10000000000093,35.72565894845,51.275595464700004,1370.0,-1.2205499899664574e-05,-6.819299994731409e-05,0.0,1.3552527156068805e-20,-1.1368683772161603e-12,0.0,230.55199999998803,70,255,0,0
76.15000000000094,35.725658338175,51.275592055050005,1370.0,-1.2205500013351411e-05,-6.819300006100093e-05,0.0,-1.1368683907686875e-12,-1.1368683772161603e-12,0.0,229.90799999998788,70,255,0,0
76.20000000000094,35.7256577279,51.2755886454,1370.0,-1.2205500013351411e-05,-6.819300006100093e-05,0.0,1.1368683772161603e-12,1.1368683772161603e-12,0.0,229.2639999999879,70,255,0,0
76.25000000000094,35.725657117625,51.27558523575,1370.0,-1.2205499899664574e-05,-6.819299994731409e-05,0.0,1.3552527156068805e-20,0.0,0.0,228.61999999998795,70,255,0,0
76.30000000000095,35.72565650735,51.2755818261,1370.0,-1.2205500013351411e-05,-6.819300006100093e-05,0.0,-1.1368683907686875e-12,0.0,0.0,227.9759999999878,70,255,0,0
76.35000000000095,35.725655897075,51.27557841645,1370.0,-1.2205500013351411e-05,-6.819299994731409e-05,0.0,0.0,1.1368683772161603e-12,0.0,227.33199999998783,70,255,0,0
76.40000000000094,35.7256552868,51.275575006800004,1370.0,-1.2205500013351411e-05,-6.819299994731409e-05,0.0,0.0,-1.1368683772161603e-12,0.0,226.68799999998788,70,255,0,0
76.45000000000094,35.725654676525,51.275571597150005,1370.0,-1.2205500013351411e-05,-6.819300006100093e-05,0.0,5.684341886080801e-13,-1.1368683772161603e-12,0.0,226.0439999999879,70,255,0,0
76.50000000000094,35.72565406625,51.2755681875,1370.0,-1.2205499956507992e-05,-6.819300006100093e-05,0.0,-5.68434175055553e-13,1.1368683772161603e-12,0.0,225.39999999998793,70,255,0,0
76.55000000000095,35.725653455975,51.27556477785,1370.0,-1.220550007019483e-05,-6.819299994731409e-05,0.0,-5.684342021606073e-13,1.1368683772161603e-12,0.0,224.7559999999878,70,255,0,0
76.60000000000095,35.7256528457,51.2755613682,1370.0,-1.2205500013351411e-05,-6.819299994731409e-05,0.0,1.1368683772161603e-12,0.0,0.0,224.11199999998783,70,255,0,0
76.65000000000094,35.725652235425,51.27555795855,1370.0,-1.2205499956507992e-05,-6.819299994731409e-05,0.0,-5.68434175055553e-13,0.0,0.0,223.46799999998785,70,255,0,0
76.70000000000095,35.72565162515,51.275554548900004,1370.0,-1.220550007019483e-05,-6.819299994731409e-05,0.0,-5.684342021606073e-13,0.0,0.0,222.82399999998773,70,255,0,0
76.75000000000095,35.725651014875,51.275551139250005,1370.0,-1.2205500013351411e-05,-6.819299994731409e-05,0.0,1.1368683772161603e-12,-1.1368683772161603e-12,0.0,222.17999999998776,70,255,0,0
76.80000000000095,35.7256504046,51.2755477296,1370.0,-1.2205499956507992e-05,-6.819300006100093e-05,0.0,0.0,-1.1368683772161603e-12,0.0,221.53599999998778,70,255,0,0
76.85000000000095,35.725649794325,51.27554431995,1370.0,-1.2205500013351411e-05,-6.819300006100093e-05,0.0,-5.684341886080801e-13,1.1368683772161603e-12,0.0,220.89199999998783,70,255,0,0
76.90000000000094,35.72564918405,51.2755409103,1370.0,-1.2205500013351411e-05,-6.819299994731409e-05,0.0,5.684342021606073e-13,1.1368683772161603e-12,0.0,220.24799999998788,70,255,0,0
76.95000000000095,35.725648573775,51.27553750065,1370.0,-1.2205499956507992e-05,-6.819299994731409e-05,0.0,5.68434175055553e-13,-1.1368683772161603e-12,0.0,219.6039999999877,70,255,0,0
77.00000000000095,35.7256479635,51.275534091000004,1370.0,-1.2205499956507992e-05,-6.819300006100093e-05,0.0,-5.684341886080801e-13,-1.1368683772161603e-12,0.0,218.95999999998776,70,255,0,0
77.05000000000095,35.725647353225,51.27553068135,1370.0,-1.2205500013351411e-05,-6.819300006100093e-05,0.0,1.3552527156068805e-20,0.0,0.0,218.3159999999878,70,255,0,0
77.10000000000096,35.72564674295,51.2755272717,1370.0,-1.2205499956507992e-05,-6.819300006100093e-05,0.0,5.68434175055553e-13,1.1368683772161603e-12,0.0,217.67199999998763,70,255,0,0
77.15000000000096,35.725646132675,51.27552386205,1370.0,-1.2205499956507992e-05,-6.819299994731409e-05,0.0,-1.1368683772161603e-12,0.0,0.0,217.02799999998768,70,255,0,0
77.20000000000095,35.7256455224,51.2755204524,1370.0,-1.220550007019483e-05,-6.819300006100093e-05,0.0,-1.1368683772161603e-12,0.0,0.0,216.38399999998774,70,255,0,0
77.25000000000095,35.725644912125,51.27551704275,1370.0,-1.220550007019483e-05,-6.819299994731409e-05,0.0,1.1368683772161603e-12,1.1368683772161603e-12,0.0,215.73999999998776,70,255,0,0
77.30000000000095,35.72564430185,51.275513633100005,1370.0,-1.2205499956507992e-05,-6.819299994731409e-05,0.0,5.684342021606073e-13,-1.1368683772161603e-12,0.0,215.09599999998778,70,255,0,0
77.35000000000096,35.725643691575,51.27551022345,1370.0,-1.2205500013351411e-05,-6.819300006100093e-05,0.0,-1.1368683907686875e-12,0.0,0.0,214.45199999998766,70,255,0,0
77.40000000000096,35.7256430813,51.2755068138,1370.0,-1.220550007019483e-05,-6.819299994731409e-05,0.0,5.684341886080801e-13,1.1368683772161603e-12,0.0,213.8079999999877,70,255,0,0
77.45000000000095,35.725642471025,51.27550340415,1370.0,-1.2205499956507992e-05,-6.819299994731409e-05,0.0,5.684342021606073e-13,0.0,0.0,213.1639999999877,70,255,0,0
77.50000000000097,35.72564186075,51.2754999945,1370.0,-1.2205500013351411e-05,-6.819299994731409e-05,0.0,-1.1368683907686875e-12,-1.1368683772161603e-12,0.0,212.5199999999876,70,255,0,0
77.55000000000096,35.725641250475,51.27549658485,1370.0,-1.220550007019483e-05,-6.819300006100093e-05,0.0,5.684341886080801e-13,-1.1368683772161603e-12,0.0,211.8759999999876,70,255,0,0
77.60000000000096,35.7256406402,51.275493175200005,1370.0,-1.2205499956507992e-05,-6.819300006100093e-05,0.0,1.1368683772161603e-12,0.0,0.0,211.23199999998764,70,255,0,0
77.65000000000096,35.725640029925,51.27548976555,1370.0,-1.2205499956507992e-05,-6.819300006100093e-05,0.0,-5.684341886080801e-13,1.1368683772161603e-12,0.0,210.5879999999877,70,255,0,0
77.70000000000095,35.72563941965,51.2754863559,1370.0,-1.2205500013351411e-05,-6.819299994731409e-05,0.0,-1.1368683636636331e-12,0.0,0.0,209.9439999999877,70,255,0,0
77.75000000000097,35.725638809375,51.27548294625,1370.0,-1.220550007019483e-05,-6.819300006100093e-05,0.0,5.68434175055553e-13,0.0,0.0,209.29999999998756,70,255,0,0
77.80000000000096,35.7256381991,51.2754795366,1370.0,-1.2205499956507992e-05,-6.819299994731409e-05,0.0,1.1368683772161603e-12,1.1368683772161603e-12,0.0,208.6559999999876,70,255,0,0
77.85000000000096,35.725637588825,51.275476126950004,1370.0,-1.2205499956507992e-05,-6.819299994731409e-05,0.0,-1.1368683636636331e-12,-1.1368683772161603e-12,0.0,208.01199999998764,70,255,0,0
77.90000000000097,35.72563697855,51.275472717300005,1370.0,-1.220550007019483e-05,-6.819300006100093e-05,0.0,-1.3552527156068805e-20,-1.1368683772161603e-12,0.0,207.3679999999875,70,255,0,0
77.95000000000097,35.725636368275,51.27546930765,1370.0,-1.2205499956507992e-05,-6.819300006100093e-05,0.0,5.684341886080801e-13,0.0,0.0,206.72399999998754,70,255,0,0
78.00000000000097,35.725635758,51.275465898,1370.0,-1.2205500013351411e-05,-6.819300006100093e-05,0.0,-5.684341886080801e-13,1.1368683772161603e-12,0.0,206.07999999998756,70,255,0,0
78.05000000000096,35.725635147725,51.27546248835,1370.0,-1.2205500013351411e-05,-6.819299994731409e-05,0.0,0.0,1.1368683772161603e-12,0.0,205.43599999998762,70,255,0,0
78.10000000000096,35.72563453745,51.2754590787,1370.0,-1.2205500013351411e-05,-6.819299994731409e-05,0.0,1.3552527156068805e-20,-1.1368683772161603e-12,0.0,204.79199999998764,70,255,0,0
78.15000000000097,35.725633927175,51.275455669050004,1370.0,-1.2205500013351411e-05,-6.819300006100093e-05,0.0,5.68434175055553e-13,-1.1368683772161603e-12,0.0,204.1479999999875,70,255,0,0
78.20000000000097,35.7256333169,51.275452259400005,1370.0,-1.2205499956507992e-05,-6.819300006100093e-05,0.0,0.0,1.1368683772161603e-12,0.0,203.50399999998754,70,255,0,0
78.25000000000097,35.725632706625,51.27544884975,1370.0,-1.2205500013351411e-05,-6.819299994731409e-05,0.0,-5.68434175055553e-13,1.1368683772161603e-12,0.0,202.85999999998756,70,255,0,0
78.30000000000098,35.72563209635,51.2754454401,1370.0,-1.2205500013351411e-05,-6.819299994731409e-05,0.0,5.68434175055553e-13,-1.1368683772161603e-12,0.0,202.21599999998742,70,255,0,0
78.35000000000097,35.725631486075,51.27544203045,1370.0,-1.2205499956507992e-05,-6.819300006100093e-05,0.0,0.0,0.0,0.0,201.57199999998747,70,255,0,0
78.40000000000097,35.7256308758,51.2754386208,1370.0,-1.2205500013351411e-05,-6.819299994731409e-05,0.0,-5.684341886080801e-13,1.1368683772161603e-12,0.0,200.9279999999875,70,255,0,0
78.45000000000097,35.725630265525,51.275435211150004,1370.0,-1.2205500013351411e-05,-6.819299994731409e-05,0.0,5.684341886080801e-13,-1.1368683772161603e-12,0.0,200.28399999998754,70,255,0,0
78.50000000000097,35.72562965525,51.2754318015,1370.0,-1.2205499956507992e-05,-6.819300006100093e-05,0.0,-5.68434175055553e-13,-1.1368683772161603e-12,0.0,199.63999999998757,70,255,0,0
78.55000000000098,35.725629044975,51.27542839185,1370.0,-1.220550007019483e-05,-6.819300006100093e-05,0.0,-1.1368683907686875e-12,1.1368683772161603e-12,0.0,198.99599999998742,70,255,0,0
78.60000000000097,35.7256284347,51.2754249822,1370.0,-1.220550007019483e-05,-6.819299994731409e-05,0.0,1.1368683772161603e-12,1.1368683772161603e-12,0.0,198.35199999998747,70,255,0,0
78.65000000000097,35.725627824425,51.27542157255,1370.0,-1.2205499956507992e-05,-6.819299994731409e-05,0.0,5.684342021606073e-13,-1.1368683772161603e-12,0.0,197.7079999999875,70,255,0,0
78.70000000000098,35.72562721415,51.2754181629,1370.0,-1.2205500013351411e-05,-6.819300006100093e-05,0.0,-1.1368683907686875e-12,-1.1368683772161603e-12,0.0,197.06399999998735,70,255,0,0
78.75000000000098,35.725626603875,51.275414753250004,1370.0,-1.220550007019483e-05,-6.819300006100093e-05,0.0,5.684341886080801e-13,1.1368683772161603e-12,0.0,196.4199999999874,70,255,0,0
78.80000000000098,35.7256259936,51.2754113436,1370.0,-1.2205499956507992e-05,-6.819299994731409e-05,0.0,1.1368683772161603e-12,1.1368683772161603e-12,0.0,195.77599999998742,70,255,0,0
78.85000000000097,35.725625383325,51.27540793395,1370.0,-1.2205499956507992e-05,-6.819299994731409e-05,0.0,-5.684341886080801e-13,0.0,0.0,195.13199999998747,70,255,0,0
78.90000000000097,35.72562477305,51.2754045243,1370.0,-1.2205500013351411e-05,-6.819299994731409e-05,0.0,-1.1368683636636331e-12,0.0,0.0,194.4879999999875,70,255,0,0
78.95000000000098,35.725624162775,51.27540111465,1370.0,-1.220550007019483e-05,-6.819299994731409e-05,0.0,5.68434175055553e-13,0.0,0.0,193.84399999998735,70,255,0,0
79.00000000000098,35.7256235525,51.275397705,1370.0,-1.2205499956507992e-05,-6.819299994731409e-05,0.0,1.7053025658242404e-12,-1.1368683772161603e-12,0.0,193.19999999998737,70,255,0,0
79.05000000000098,35.725622942225,51.275394295350004,1370.0,-1.2205499899664574e-05,-6.819300006100093e-05,0.0,-1.1368683636636331e-12,-1.1368683772161603e-12,0.0,192.55599999998742,70,255,0,0
79.10000000000099,35.72562233195,51.2753908857,1370.0,-1.220550007019483e-05,-6.819300006100093e-05,0.0,-5.684342021606073e-13,1.1368683772161603e-12,0.0,191.91199999998727,70,255,0,0
79.15000000000099,35.725621721675,51.27538747605,1370.0,-1.2205499956507992e-05,-6.819299994731409e-05,0.0,1.1368683772161603e-12,1.1368683772161603e-12,0.0,191.2679999999873,70,255,0,0
79.20000000000098,35.7256211114,51.2753840664,1370.0,-1.2205499956507992e-05,-6.819299994731409e-05,0.0,-1.1368683772161603e-12,-1.1368683772161603e-12,0.0,190.62399999998735,70,255,0,0
79.25000000000098,35.725620501125,51.27538065675,1370.0,-1.220550007019483e-05,-6.819300006100093e-05,0.0,0.0,0.0,0.0,189.9799999999874,70,255,0,0
79.30000000000098,35.72561989085,51.2753772471,1370.0,-1.2205499956507992e-05,-6.819299994731409e-05,0.0,5.684342021606073e-13,0.0,0.0,189.33599999998742,70,255,0,0
79.35000000000099,35.725619280575,51.275373837450005,1370.0,-1.2205500013351411e-05,-6.819300006100093e-05,0.0,-1.1368683907686875e-12,-1.1368683772161603e-12,0.0,188.69199999998727,70,255,0,0
79.40000000000099,35.7256186703,51.2753704278,1370.0,-1.220550007019483e-05,-6.819300006100093e-05,0.0,0.0,1.1368683772161603e-12,0.0,188.04799999998733,70,255,0,0
79.45000000000098,35.725618060025,51.27536701815,1370.0,-1.2205500013351411e-05,-6.819299994731409e-05,0.0,5.684342021606073e-13,0.0,0.0,187.40399999998735,70,255,0,0
79.500000000001,35.72561744975,51.2753636085,1370.0,-1.2205500013351411e-05,-6.819300006100093e-05,0.0,-1.3552527156068805e-20,0.0,0.0,186.7599999999872,70,255,0,0
79.55000000000099,35.725616839475,51.27536019885,1370.0,-1.2205500013351411e-05,-6.819299994731409e-05,0.0,0.0,0.0,0.0,186.11599999998725,70,255,0,0
79.60000000000099,35.7256162292,51.2753567892,1370.0,-1.2205500013351411e-05,-6.819300006100093e-05,0.0,5.684341886080801e-13,-1.1368683772161603e-12,0.0,185.47199999998728,70,255,0,0
79.65000000000099,35.725615618925,51.27535337955,1370.0,-1.2205499956507992e-05,-6.819300006100093e-05,0.0,5.684341886080801e-13,1.1368683772161603e-12,0.0,184.8279999999873,70,255,0,0
79.70000000000098,35.72561500865,51.2753499699,1370.0,-1.2205499956507992e-05,-6.819299994731409e-05,0.0,-1.1368683636636331e-12,1.1368683772161603e-12,0.0,184.18399999998735,70,255,0,0
79.750000000001,35.725614398375,51.27534656025,1370.0,-1.220550007019483e-05,-6.819299994731409e-05,0.0,-1.3552527156068805e-20,0.0,0.0,183.5399999999872,70,255,0,0
79.80000000000099,35.7256137881,51.2753431506,1370.0,-1.2205499956507992e-05,-6.819299994731409e-05,0.0,1.1368683772161603e-12,0.0,0.0,182.89599999998723,70,255,0,0
79.85000000000099,35.725613177825004,51.27533974095,1370.0,-1.2205499956507992e-05,-6.819299994731409e-05,0.0,-1.1368683636636331e-12,-1.1368683772161603e-12,0.0,182.25199999998728,70,255,0,0
79.900000000001,35.72561256755,51.275336331300004,1370.0,-1.220550007019483e-05,-6.819300006100093e-05,0.0,-5.684342021606073e-13,-1.1368683772161603e-12,0.0,181.60799999998713,70,255,0,0
79.950000000001,35.725611957275,51.27533292165,1370.0,-1.2205500013351411e-05,-6.819300006100093e-05,0.0,5.684341886080801e-13,1.1368683772161603e-12,0.0,180.96399999998715,70,255,0,0
80.000000000001,35.725611347,51.275329512,1370.0,-1.2205500013351411e-05,-6.819299994731409e-05,0.0,5.684341886080801e-13,0.0,0.0,180.3199999999872,70,255,0,0
80.05000000000099,35.725610736725,51.27532610235,1370.0,-1.2205499956507992e-05,-6.819300006100093e-05,0.0,0.0,0.0,0.0,179.67599999998725,70,255,0,0
80.10000000000099,35.72561012645,51.2753226927,1370.0,-1.2205500013351411e-05,-6.819299994731409e-05,0.0,-5.68434175055553e-13,0.0,0.0,179.03199999998728,70,255,0,0
80.150000000001,35.725609516175,51.27531928305,1370.0,-1.2205500013351411e-05,-6.819300006100093e-05,0.0,5.68434175055553e-13,-1.1368683772161603e-12,0.0,178.38799999998713,70,255,0,0
80.200000000001,35.7256089059,51.275315873400004,1370.0,-1.2205499956507992e-05,-6.819300006100093e-05,0.0,0.0,0.0,0.0,177.74399999998718,70,255,0,0
80.250000000001,35.725608295625,51.27531246375,1370.0,-1.2205500013351411e-05,-6.819300006100093e-05,0.0,-1.1368683636636331e-12,1.1368683772161603e-12,0.0,177.0999999999872,70,255,0,0
80.300000000001,35.72560768535,51.2753090541,1370.0,-1.220550007019483e-05,-6.819299994731409e-05,0.0,5.68434175055553e-13,1.1368683772161603e-12,0.0,176.45599999998706,70,255,0,0
80.350000000001,35.725607075075,51.27530564445,1370.0,-1.2205499956507992e-05,-6.819299994731409e-05,0.0,1.1368683772161603e-12,-1.1368683772161603e-12,0.0,175.8119999999871,70,255,0,0
80.400000000001,35.7256064648,51.2753022348,1370.0,-1.2205499956507992e-05,-6.819300006100093e-05,0.0,-1.1368683772161603e-12,0.0,0.0,175.16799999998713,70,255,0,0
80.450000000001,35.725605854525,51.27529882515,1370.0,-1.220550007019483e-05,-6.819299994731409e-05,0.0,0.0,1.1368683772161603e-12,0.0,174.52399999998715,70,255,0,0
80.500000000001,35.72560524425,51.275295415500004,1370.0,-1.2205499956507992e-05,-6.819299994731409e-05,0.0,5.684342021606073e-13,-1.1368683772161603e-12,0.0,173.8799999999872,70,255,0,0
80.550000000001,35.725604633975,51.27529200585,1370.0,-1.2205500013351411e-05,-6.819300006100093e-05,0.0,-1.1368683907686875e-12,-1.1368683772161603e-12,0.0,173.23599999998706,70,255,0,0
80.600000000001,35.7256040237,51.2752885962,1370.0,-1.220550007019483e-05,-6.819300006100093e-05,0.0,5.684341886080801e-13,1.1368683772161603e-12,0.0,172.59199999998708,70,255,0,0
80.650000000001,35.725603413425,51.27528518655,1370.0,-1.2205499956507992e-05,-6.819299994731409e-05,0.0,5.684342021606073e-13,1.1368683772161603e-12,0.0,171.94799999998713,70,255,0,0
80.70000000000101,35.725602803150004,51.2752817769,1370.0,-1.2205500013351411e-05,-6.819299994731409e-05,0.0,-1.1368683907686875e-12,-1.1368683772161603e-12,0.0,171.30399999998698,70,255,0,0
80.75000000000101,35.725602192875,51.27527836725,1370.0,-1.220550007019483e-05,-6.819300006100093e-05,0.0,-5.684341886080801e-13,-1.1368683772161603e-12,0.0,170.659999999987,70,255,0,0
80.800000000001,35.7256015826,51.275274957600004,1370.0,-1.220550007019483e-05,-6.819300006100093e-05,0.0,1.1368683772161603e-12,1.1368683772161603e-12,0.0,170.01599999998706,70,255,0,0
80.850000000001,35.725600972325,51.27527154795,1370.0,-1.2205499956507992e-05,-6.819299994731409e-05,0.0,1.7053025658242404e-12,1.1368683772161603e-12,0.0,169.3719999999871,70,255,0,0
80.900000000001,35.72560036205,51.2752681383,1370.0,-1.2205499899664574e-05,-6.819299994731409e-05,0.0,-1.1368683636636331e-12,-1.1368683772161603e-12,0.0,168.72799999998713,70,255,0,0
80.95000000000101,35.725599751775,51.27526472865,1370.0,-1.220550007019483e-05,-6.819300006100093e-05,0.0,-5.684342021606073e-13,0.0,0.0,168.083999999987,70,255,0,0
81.00000000000101,35.7255991415,51.275261319,1370.0,-1.2205499956507992e-05,-6.819299994731409e-05,0.0,1.7053025658242404e-12,1.1368683772161603e-12,0.0,167.43999999998704,70,255,0,0
81.050000000001,35.725598531225,51.27525790935,1370.0,-1.2205499899664574e-05,-6.819299994731409e-05,0.0,-1.1368683636636331e-12,-1.1368683772161603e-12,0.0,166.79599999998706,70,255,0,0
81.10000000000102,35.72559792095,51.2752544997,1370.0,-1.220550007019483e-05,-6.819300006100093e-05,0.0,-1.1368683907686875e-12,0.0,0.0,166.1519999999869,70,255,0,0
81.15000000000101,35.725597310675,51.27525109005,1370.0,-1.2205500013351411e-05,-6.819299994731409e-05,0.0,1.1368683772161603e-12,1.1368683772161603e-12,0.0,165.50799999998696,70,255,0,0
81.20000000000101,35.7255967004,51.2752476804,1370.0,-1.2205499956507992e-05,-6.819299994731409e-05,0.0,0.0,0.0,0.0,164.863999999987,70,255,0,0
81.25000000000101,35.725596090125,51.27524427075,1370.0,-1.2205500013351411e-05,-6.819299994731409e-05,0.0,-5.684341886080801e-13,0.0,0.0,164.219999999987,70,255,0,0
81.300000000001,35.72559547985,51.2752408611,1370.0,-1.2205500013351411e-05,-6.819299994731409e-05,0.0,1.3552527156068805e-20,-1.1368683772161603e-12,0.0,163.57599999998706,70,255,0,0
81.35000000000102,35.725594869575,51.27523745145,1370.0,-1.2205500013351411e-05,-6.819300006100093e-05,0.0,-1.3552527156068805e-20,-1.1368683772161603e-12,0.0,162.9319999999869,70,255,0,0
81.40000000000101,35.7255942593,51.2752340418,1370.0,-1.2205500013351411e-05,-6.819300006100093e-05,0.0,0.0,1.1368683772161603e-12,0.0,162.28799999998694,70,255,0,0
81.45000000000101,35.725593649025,51.27523063215,1370.0,-1.2205500013351411e-05,-6.819299994731409e-05,0.0,1.3552527156068805e-20,0.0,0.0,161.643999999987,70,255,0,0
81.50000000000102,35.72559303875,51.2752272225,1370.0,-1.2205500013351411e-05,-6.819300006100093e-05,0.0,-1.3552527156068805e-20,0.0,0.0,160.99999999998684,70,255,0,0
81.55000000000102,35.725592428475004,51.27522381285,1370.0,-1.2205500013351411e-05,-6.819299994731409e-05,0.0,0.0,1.1368683772161603e-12,0.0,160.35599999998686,70,255,0,0
81.60000000000102,35.7255918182,51.2752204032,1370.0,-1.2205500013351411e-05,-6.819299994731409e-05,0.0,0.0,-1.1368683772161603e-12,0.0,159.71199999998692,70,255,0,0
81.65000000000101,35.725591207925,51.27521699355,1370.0,-1.2205500013351411e-05,-6.819300006100093e-05,0.0,5.684341886080801e-13,-1.1368683772161603e-12,0.0,159.06799999998697,70,255,0,0
81.70000000000101,35.72559059765,51.2752135839,1370.0,-1.2205499956507992e-05,-6.819300006100093e-05,0.0,5.684342021606073e-13,0.0,0.0,158.423999999987,70,255,0,0
81.75000000000102,35.725589987375,51.27521017425,1370.0,-1.2205499956507992e-05,-6.819300006100093e-05,0.0,-5.684342021606073e-13,1.1368683772161603e-12,0.0,157.77999999998684,70,255,0,0
81.80000000000102,35.7255893771,51.2752067646,1370.0,-1.2205500013351411e-05,-6.819299994731409e-05,0.0,0.0,1.1368683772161603e-12,0.0,157.1359999999869,70,255,0,0
81.85000000000102,35.725588766825,51.27520335495,1370.0,-1.2205499956507992e-05,-6.819299994731409e-05,0.0,5.684342021606073e-13,-1.1368683772161603e-12,0.0,156.49199999998692,70,255,0,0
81.90000000000103,35.72558815655,51.2751999453,1370.0,-1.2205499956507992e-05,-6.819300006100093e-05,0.0,-5.684342021606073e-13,-1.1368683772161603e-12,0.0,155.84799999998677,70,255,0,0
81.95000000000103,35.725587546275,51.275196535650004,1370.0,-1.2205500013351411e-05,-6.819300006100093e-05,0.0,-1.1368683772161603e-12,0.0,0.0,155.20399999998682,70,255,0,0
82.00000000000102,35.725586936,51.275193126,1370.0,-1.220550007019483e-05,-6.819300006100093e-05,0.0,5.684341886080801e-13,1.1368683772161603e-12,0.0,154.55999999998684,70,255,0,0
82.05000000000102,35.725586325725,51.27518971635,1370.0,-1.2205499956507992e-05,-6.819299994731409e-05,0.0,1.1368683772161603e-12,1.1368683772161603e-12,0.0,153.91599999998687,70,255,0,0
82.10000000000102,35.72558571545,51.2751863067,1370.0,-1.2205499956507992e-05,-6.819299994731409e-05,0.0,-1.1368683636636331e-12,0.0,0.0,153.27199999998692,70,255,0,0
82.15000000000103,35.725585105175,51.27518289705,1370.0,-1.220550007019483e-05,-6.819299994731409e-05,0.0,-1.3552527156068805e-20,0.0,0.0,152.62799999998677,70,255,0,0
82.20000000000103,35.7255844949,51.2751794874,1370.0,-1.2205499956507992e-05,-6.819299994731409e-05,0.0,1.1368683772161603e-12,-1.1368683772161603e-12,0.0,151.9839999999868,70,255,0,0
82.25000000000102,35.725583884625,51.275176077750004,1370.0,-1.2205499956507992e-05,-6.819300006100093e-05,0.0,-1.1368683636636331e-12,-1.1368683772161603e-12,0.0,151.33999999998684,70,255,0,0
82.30000000000103,35.72558327435,51.2751726681,1370.0,-1.220550007019483e-05,-6.819300006100093e-05,0.0,-1.3552527156068805e-20,1.1368683772161603e-12,0.0,150.6959999999867,70,255,0,0
82.35000000000103,35.725582664075,51.27516925845,1370.0,-1.2205499956507992e-05,-6.819299994731409e-05,0.0,1.1368683772161603e-12,1.1368683772161603e-12,0.0,150.05199999998672,70,255,0,0
82.40000000000103,35.725582053800004,51.2751658488,1370.0,-1.2205499956507992e-05,-6.819299994731409e-05,0.0,-1.1368683772161603e-12,-1.1368683772161603e-12,0.0,149.40799999998677,70,255,0,0
82.45000000000103,35.725581443525,51.27516243915,1370.0,-1.220550007019483e-05,-6.819300006100093e-05,0.0,-5.684341886080801e-13,-1.1368683772161603e-12,0.0,148.7639999999868,70,255,0,0
82.50000000000102,35.72558083325,51.2751590295,1370.0,-1.2205500013351411e-05,-6.819300006100093e-05,0.0,5.684342021606073e-13,-1.1368683772161603e-12,0.0,148.11999999998682,70,255,0,0
82.55000000000103,35.725580222975,51.27515561985,1370.0,-1.2205500013351411e-05,-6.819300017468777e-05,0.0,5.68434175055553e-13,1.1368683772161603e-12,0.0,147.4759999999867,70,255,0,0
82.60000000000103,35.7255796127,51.2751522102,1370.0,-1.2205499956507992e-05,-6.819299994731409e-05,0.0,0.0,2.2737367544323206e-12,0.0,146.83199999998672,70,255,0,0
82.65000000000103,35.725579002425,51.27514880055,1370.0,-1.2205500013351411e-05,-6.819299994731409e-05,0.0,-5.68434175055553e-13,0.0,0.0,146.18799999998674,70,255,0,0
82.70000000000104,35.72557839215,51.2751453909,1370.0,-1.2205500013351411e-05,-6.819299994731409e-05,0.0,5.68434175055553e-13,0.0,0.0,145.54399999998662,70,255,0,0
82.75000000000104,35.725577781875,51.27514198125,1370.0,-1.2205499956507992e-05,-6.819299994731409e-05,0.0,-5.684341886080801e-13,-1.1368683772161603e-12,0.0,144.89999999998665,70,255,0,0
82.80000000000103,35.7255771716,51.2751385716,1370.0,-1.220550007019483e-05,-6.819300006100093e-05,0.0,0.0,-1.1368683772161603e-12,0.0,144.25599999998667,70,255,0,0
82.85000000000103,35.725576561325,51.27513516195,1370.0,-1.2205499956507992e-05,-6.819300006100093e-05,0.0,1.7053025658242404e-12,1.1368683772161603e-12,0.0,143.61199999998672,70,255,0,0
82.90000000000103,35.725575951050004,51.2751317523,1370.0,-1.2205499899664574e-05,-6.819299994731409e-05,0.0,-1.1368683636636331e-12,1.1368683772161603e-12,0.0,142.96799999998677,70,255,0,0
82.95000000000104,35.725575340775,51.27512834265,1370.0,-1.220550007019483e-05,-6.819299994731409e-05,0.0,-1.1368683907686875e-12,-1.1368683772161603e-12,0.0,142.3239999999866,70,255,0,0
83.00000000000104,35.7255747305,51.275124933,1370.0,-1.2205500013351411e-05,-6.819300006100093e-05,0.0,1.7053025658242404e-12,0.0,0.0,141.67999999998665,70,255,0,0
83.05000000000103,35.725574120225,51.27512152335,1370.0,-1.2205499899664574e-05,-6.819299994731409e-05,0.0,1.3552527156068805e-20,0.0,0.0,141.0359999999867,70,255,0,0
83.10000000000105,35.72557350995,51.2751181137,1370.0,-1.2205500013351411e-05,-6.819300006100093e-05,0.0,-1.1368683907686875e-12,-1.1368683772161603e-12,0.0,140.39199999998652,70,255,0,0
83.15000000000104,35.725572899675,51.27511470405,1370.0,-1.2205500013351411e-05,-6.819300006100093e-05,0.0,5.684341886080801e-13,1.1368683772161603e-12,0.0,139.74799999998658,70,255,0,0
83.20000000000104,35.7255722894,51.2751112944,1370.0,-1.2205499956507992e-05,-6.819299994731409e-05,0.0,0.0,1.1368683772161603e-12,0.0,139.10399999998663,70,255,0,0
83.25000000000104,35.725571679125004,51.27510788475,1370.0,-1.2205500013351411e-05,-6.819299994731409e-05,0.0,-5.684341886080801e-13,0.0,0.0,138.45999999998665,70,255,0,0
83.30000000000103,35.72557106885,51.2751044751,1370.0,-1.2205500013351411e-05,-6.819299994731409e-05,0.0,-5.68434175055553e-13,-1.1368683772161603e-12,0.0,137.81599999998667,70,255,0,0
83.35000000000105,35.725570458575,51.27510106545,1370.0,-1.220550007019483e-05,-6.819300006100093e-05,0.0,-1.3552527156068805e-20,-1.1368683772161603e-12,0.0,137.17199999998655,70,255,0,0
83.40000000000104,35.7255698483,51.2750976558,1370.0,-1.2205500013351411e-05,-6.819300006100093e-05,0.0,1.1368683772161603e-12,1.1368683772161603e-12,0.0,136.52799999998658,70,255,0,0
83.45000000000104,35.725569238025,51.27509424615,1370.0,-1.2205499956507992e-05,-6.819299994731409e-05,0.0,-5.68434175055553e-13,1.1368683772161603e-12,0.0,135.8839999999866,70,255,0,0
83.50000000000105,35.72556862775,51.2750908365,1370.0,-1.220550007019483e-05,-6.819299994731409e-05,0.0,-5.684342021606073e-13,0.0,0.0,135.23999999998648,70,255,0,0
83.55000000000105,35.725568017475,51.27508742685,1370.0,-1.2205500013351411e-05,-6.819299994731409e-05,0.0,1.1368683772161603e-12,0.0,0.0,134.5959999999865,70,255,0,0
83.60000000000105,35.7255674072,51.2750840172,1370.0,-1.2205499956507992e-05,-6.819299994731409e-05,0.0,0.0,0.0,0.0,133.95199999998653,70,255,0,0
83.65000000000104,35.725566796925,51.27508060755,1370.0,-1.2205500013351411e-05,-6.819299994731409e-05,0.0,0.0,0.0,0.0,133.30799999998658,70,255,0,0
83.70000000000104,35.72556618665,51.2750771979,1370.0,-1.2205499956507992e-05,-6.819299994731409e-05,0.0,5.684342021606073e-13,-1.1368683772161603e-12,0.0,132.66399999998663,70,255,0,0
83.75000000000105,35.725565576375004,51.27507378825,1370.0,-1.2205499956507992e-05,-6.819300006100093e-05,0.0,-5.684342021606073e-13,-1.1368683772161603e-12,0.0,132.01999999998645,70,255,0,0
83.80000000000105,35.7255649661,51.2750703786,1370.0,-1.2205500013351411e-05,-6.819300006100093e-05,0.0,-5.684341886080801e-13,1.1368683772161603e-12,0.0,131.3759999999865,70,255,0,0
83.85000000000105,35.725564355825,51.27506696895,1370.0,-1.2205500013351411e-05,-6.819299994731409e-05,0.0,5.684342021606073e-13,0.0,0.0,130.73199999998656,70,255,0,0
83.90000000000106,35.72556374555,51.2750635593,1370.0,-1.2205499956507992e-05,-6.819300006100093e-05,0.0,5.68434175055553e-13,-1.1368683772161603e-12,0.0,130.08799999998638,70,255,0,0
83.95000000000105,35.725563135275,51.27506014965,1370.0,-1.2205499956507992e-05,-6.819300006100093e-05,0.0,-1.1368683772161603e-12,0.0,0.0,129.44399999998643,70,255,0,0
84.00000000000105,35.725562525,51.27505674,1370.0,-1.220550007019483e-05,-6.819300006100093e-05,0.0,0.0,1.1368683772161603e-12,0.0,128.79999999998648,70,255,0,0
84.05000000000105,35.725561914725,51.27505333035,1370.0,-1.2205499956507992e-05,-6.819299994731409e-05,0.0,1.1368683772161603e-12,1.1368683772161603e-12,0.0,128.1559999999865,70,255,0,0
84.10000000000105,35.725561304450004,51.2750499207,1370.0,-1.2205499956507992e-05,-6.819299994731409e-05,0.0,-1.1368683636636331e-12,-1.1368683772161603e-12,0.0,127.51199999998656,70,255,0,0
84.15000000000106,35.725560694175,51.27504651105,1370.0,-1.220550007019483e-05,-6.819300006100093e-05,0.0,-1.1368683907686875e-12,0.0,0.0,126.86799999998641,70,255,0,0
84.20000000000105,35.7255600839,51.2750431014,1370.0,-1.220550007019483e-05,-6.819299994731409e-05,0.0,1.1368683772161603e-12,1.1368683772161603e-12,0.0,126.22399999998643,70,255,0,0
84.25000000000105,35.725559473625,51.27503969175,1370.0,-1.2205499956507992e-05,-6.819299994731409e-05,0.0,5.684342021606073e-13,-1.1368683772161603e-12,0.0,125.57999999998648,70,255,0,0
84.30000000000106,35.72555886335,51.2750362821,1370.0,-1.2205500013351411e-05,-6.819300006100093e-05,0.0,-1.1368683907686875e-12,-1.1368683772161603e-12,0.0,124.93599999998634,70,255,0,0
84.35000000000106,35.725558253075,51.27503287245,1370.0,-1.220550007019483e-05,-6.819300006100093e-05,0.0,5.684341886080801e-13,1.1368683772161603e-12,0.0,124.29199999998636,70,255,0,0
84.40000000000106,35.7255576428,51.2750294628,1370.0,-1.2205499956507992e-05,-6.819299994731409e-05,0.0,1.1368683772161603e-12,1.1368683772161603e-12,0.0,123.64799999998641,70,255,0,0
84.45000000000105,35.725557032525,51.27502605315,1370.0,-1.2205499956507992e-05,-6.819299994731409e-05,0.0,-5.684341886080801e-13,0.0,0.0,123.00399999998643,70,255,0,0
84.50000000000105,35.72555642225,51.2750226435,1370.0,-1.2205500013351411e-05,-6.819299994731409e-05,0.0,-5.68434175055553e-13,-1.1368683772161603e-12,0.0,122.35999999998646,70,255,0,0
84.55000000000106,35.725555811975,51.27501923385,1370.0,-1.2205500013351411e-05,-6.819300006100093e-05,0.0,5.68434175055553e-13,0.0,0.0,121.71599999998634,70,255,0,0
84.60000000000106,35.725555201700004,51.2750158242,1370.0,-1.2205499956507992e-05,-6.819299994731409e-05,0.0,0.0,1.1368683772161603e-12,0.0,121.07199999998636,70,255,0,0
84.65000000000106,35.725554591425,51.27501241455,1370.0,-1.2205500013351411e-05,-6.819299994731409e-05,0.0,-1.1368683636636331e-12,-1.1368683772161603e-12,0.0,120.42799999998638,70,255,0,0
84.70000000000107,35.72555398115,51.2750090049,1370.0,-1.220550007019483e-05,-6.819300006100093e-05,0.0,5.68434175055553e-13,0.0,0.0,119.78399999998626,70,255,0,0
84.75000000000107,35.725553370875,51.27500559525,1370.0,-1.2205499956507992e-05,-6.819299994731409e-05,0.0,5.684341886080801e-13,1.1368683772161603e-12,0.0,119.13999999998629,70,255,0,0
84.80000000000106,35.7255527606,51.2750021856,1370.0,-1.2205500013351411e-05,-6.819299994731409e-05,0.0,-5.684341886080801e-13,-1.1368683772161603e-12,0.0,118.49599999998631,70,255,0,0
84.85000000000106,35.725552150325,51.27499877595,1370.0,-1.2205500013351411e-05,-6.819300006100093e-05,0.0,1.1368683772161603e-12,-1.1368683772161603e-12,0.0,117.85199999998636,70,255,0,0
84.90000000000106,35.72555154005,51.2749953663,1370.0,-1.2205499899664574e-05,-6.819300006100093e-05,0.0,1.3552527156068805e-20,0.0,0.0,117.20799999998638,70,255,0,0
84.95000000000107,35.725550929775004,51.27499195665,1370.0,-1.2205500013351411e-05,-6.819300006100093e-05,0.0,-1.1368683907686875e-12,1.1368683772161603e-12,0.0,116.56399999998624,70,255,0,0
85.00000000000107,35.7255503195,51.274988547,1370.0,-1.2205500013351411e-05,-6.819299994731409e-05,0.0,0.0,1.1368683772161603e-12,0.0,115.91999999998629,70,255,0,0
85.05000000000106,35.725549709225,51.27498513735,1370.0,-1.2205500013351411e-05,-6.819299994731409e-05,0.0,1.3552527156068805e-20,0.0,0.0,115.27599999998631,70,255,0,0
85.10000000000107,35.72554909895,51.2749817277,1370.0,-1.2205500013351411e-05,-6.819299994731409e-05,0.0,5.68434175055553e-13,-1.1368683772161603e-12,0.0,114.63199999998616,70,255,0,0
85.15000000000107,35.725548488675,51.27497831805,1370.0,-1.2205499956507992e-05,-6.819300006100093e-05,0.0,0.0,-1.1368683772161603e-12,0.0,113.98799999998622,70,255,0,0
85.20000000000107,35.7255478784,51.2749749084,1370.0,-1.2205500013351411e-05,-6.819300006100093e-05,0.0,-5.684341886080801e-13,1.1368683772161603e-12,0.0,113.34399999998624,70,255,0,0
85.25000000000107,35.725547268125,51.27497149875,1370.0,-1.2205500013351411e-05,-6.819299994731409e-05,0.0,5.684341886080801e-13,1.1368683772161603e-12,0.0,112.69999999998629,70,255,0,0
85.30000000000106,35.72554665785,51.2749680891,1370.0,-1.2205499956507992e-05,-6.819299994731409e-05,0.0,-5.68434175055553e-13,0.0,0.0,112.05599999998631,70,255,0,0
85.35000000000107,35.725546047575,51.27496467945,1370.0,-1.220550007019483e-05,-6.819299994731409e-05,0.0,-5.684342021606073e-13,0.0,0.0,111.41199999998616,70,255,0,0
85.40000000000107,35.7255454373,51.2749612698,1370.0,-1.2205500013351411e-05,-6.819299994731409e-05,0.0,1.1368683772161603e-12,-1.1368683772161603e-12,0.0,110.76799999998622,70,255,0,0
85.45000000000107,35.725544827025004,51.274957860149996,1370.0,-1.2205499956507992e-05,-6.819300006100093e-05,0.0,-5.68434175055553e-13,-1.1368683772161603e-12,0.0,110.12399999998624,70,255,0,0
85.50000000000108,35.72554421675,51.2749544505,1370.0,-1.220550007019483e-05,-6.819300006100093e-05,0.0,-1.1368683907686875e-12,1.1368683772161603e-12,0.0,109.47999999998609,70,255,0,0
85.55000000000108,35.725543606475,51.27495104085,1370.0,-1.220550007019483e-05,-6.819299994731409e-05,0.0,1.1368683772161603e-12,1.1368683772161603e-12,0.0,108.83599999998614,70,255,0,0
85.60000000000107,35.7255429962,51.2749476312,1370.0,-1.2205499956507992e-05,-6.819299994731409e-05,0.0,1.1368683772161603e-12,-1.1368683772161603e-12,0.0,108.19199999998617,70,255,0,0
85.65000000000107,35.725542385925,51.27494422155,1370.0,-1.2205499956507992e-05,-6.819300006100093e-05,0.0,-5.684341886080801e-13,-1.1368683772161603e-12,0.0,107.54799999998622,70,255,0,0
85.70000000000107,35.72554177565,51.2749408119,1370.0,-1.2205500013351411e-05,-6.819300006100093e-05,0.0,1.3552527156068805e-20,0.0,0.0,106.90399999998624,70,255,0,0
85.75000000000108,35.725541165375,51.274937402249996,1370.0,-1.2205499956507992e-05,-6.819300006100093e-05,0.0,5.68434175055553e-13,1.1368683772161603e-12,0.0,106.25999999998609,70,255,0,0
85.80000000000108,35.725540555100004,51.2749339926,1370.0,-1.2205499956507992e-05,-6.819299994731409e-05,0.0,-5.684341886080801e-13,1.1368683772161603e-12,0.0,105.61599999998614,70,255,0,0
85.85000000000107,35.725539944825,51.27493058295,1370.0,-1.2205500013351411e-05,-6.819299994731409e-05,0.0,1.3552527156068805e-20,0.0,0.0,104.97199999998617,70,255,0,0
85.90000000000109,35.72553933455,51.2749271733,1370.0,-1.2205499956507992e-05,-6.819299994731409e-05,0.0,5.68434175055553e-13,0.0,0.0,104.32799999998602,70,255,0,0
85.95000000000108,35.725538724275005,51.27492376365,1370.0,-1.2205499956507992e-05,-6.819299994731409e-05,0.0,-1.1368683772161603e-12,-1.1368683772161603e-12,0.0,103.68399999998607,70,255,0,0
86.00000000000108,35.725538114,51.274920354,1370.0,-1.220550007019483e-05,-6.819300006100093e-05,0.0,-1.1368683772161603e-12,-1.1368683772161603e-12,0.0,103.0399999999861,70,255,0,0
86.05000000000108,35.725537503725,51.27491694435,1370.0,-1.220550007019483e-05,-6.819300006100093e-05,0.0,1.1368683772161603e-12,1.1368683772161603e-12,0.0,102.39599999998615,70,255,0,0
86.10000000000107,35.72553689345,51.2749135347,1370.0,-1.2205499956507992e-05,-6.819299994731409e-05,0.0,5.684342021606073e-13,1.1368683772161603e-12,0.0,101.75199999998617,70,255,0,0
86.15000000000109,35.725536283175,51.27491012505,1370.0,-1.2205500013351411e-05,-6.819299994731409e-05,0.0,-1.1368683907686875e-12,-1.1368683772161603e-12,0.0,101.10799999998602,70,255,0,0
86.20000000000108,35.7255356729,51.2749067154,1370.0,-1.220550007019483e-05,-6.819300006100093e-05,0.0,5.684341886080801e-13,0.0,0.0,100.46399999998607,70,255,0,0
86.25000000000108,35.725535062625,51.27490330575,1370.0,-1.2205499956507992e-05,-6.819299994731409e-05,0.0,5.684342021606073e-13,-1.1368683772161603e-12,0.0,99.8199999999861,70,255,0,0
86.30000000000109,35.725534452350004,51.2748998961,1370.0,-1.2205500013351411e-05,-6.819300017468777e-05,0.0,-1.1368683907686875e-12,-1.1368683772161603e-12,0.0,99.17599999998595,70,255,0,0
86.35000000000109,35.725533842075,51.27489648645,1370.0,-1.220550007019483e-05,-6.819300006100093e-05,0.0,0.0,2.2737367544323206e-12,0.0,98.531999999986,70,255,0,0
86.40000000000109,35.7255332318,51.2748930768,1370.0,-1.2205500013351411e-05,-6.819299994731409e-05,0.0,1.1368683772161603e-12,1.1368683772161603e-12,0.0,97.88799999998602,70,255,0,0
86.45000000000108,35.725532621525,51.27488966715,1370.0,-1.2205499956507992e-05,-6.819299994731409e-05,0.0,5.684341886080801e-13,0.0,0.0,97.24399999998607,70,255,0,0
86.50000000000108,35.72553201125,51.2748862575,1370.0,-1.2205499956507992e-05,-6.819299994731409e-05,0.0,-1.1368683636636331e-12,-1.1368683772161603e-12,0.0,96.5999999999861,70,255,0,0
86.55000000000109,35.725531400975,51.27488284785,1370.0,-1.220550007019483e-05,-6.819300006100093e-05,0.0,-1.3552527156068805e-20,-1.1368683772161603e-12,0.0,95.95599999998595,70,255,0,0
86.60000000000109,35.7255307907,51.2748794382,1370.0,-1.2205499956507992e-05,-6.819300006100093e-05,0.0,1.1368683772161603e-12,1.1368683772161603e-12,0.0,95.311999999986,70,255,0,0
86.65000000000109,35.725530180425004,51.27487602855,1370.0,-1.2205499956507992e-05,-6.819299994731409e-05,0.0,-1.1368683636636331e-12,1.1368683772161603e-12,0.0,94.66799999998602,70,255,0,0
86.7000000000011,35.72552957015,51.2748726189,1370.0,-1.220550007019483e-05,-6.819299994731409e-05,0.0,-1.3552527156068805e-20,0.0,0.0,94.02399999998588,70,255,0,0
86.7500000000011,35.725528959875,51.27486920925,1370.0,-1.2205499956507992e-05,-6.819299994731409e-05,0.0,5.684341886080801e-13,0.0,0.0,93.37999999998593,70,255,0,0
86.80000000000109,35.725528349600005,51.2748657996,1370.0,-1.2205500013351411e-05,-6.819299994731409e-05,0.0,-5.684341886080801e-13,-1.1368683772161603e-12,0.0,92.73599999998595,70,255,0,0
86.85000000000109,35.725527739325,51.27486238995,1370.0,-1.2205500013351411e-05,-6.819300006100093e-05,0.0,0.0,-1.1368683772161603e-12,0.0,92.091999999986,70,255,0,0
86.90000000000109,35.72552712905,51.274858980299996,1370.0,-1.2205500013351411e-05,-6.819300006100093e-05,0.0,1.3552527156068805e-20,0.0,0.0,91.44799999998602,70,255,0,0
86.9500000000011,35.725526518775,51.27485557065,1370.0,-1.2205500013351411e-05,-6.819300006100093e-05,0.0,5.68434175055553e-13,0.0,0.0,90.80399999998588,70,255,0,0
87.0000000000011,35.7255259085,51.274852161,1370.0,-1.2205499956507992e-05,-6.819300006100093e-05,0.0,0.0,1.1368683772161603e-12,0.0,90.15999999998593,70,255,0,0
87.05000000000109,35.725525298225,51.27484875135,1370.0,-1.2205500013351411e-05,-6.819299994731409e-05,0.0,-5.68434175055553e-13,0.0,0.0,89.51599999998595,70,255,0,0
87.1000000000011,35.72552468795,51.2748453417,1370.0,-1.2205500013351411e-05,-6.819300006100093e-05,0.0,5.68434175055553e-13,-1.1368683772161603e-12,0.0,88.8719999999858,70,255,0,0
87.1500000000011,35.725524077675004,51.27484193205,1370.0,-1.2205499956507992e-05,-6.819300006100093e-05,0.0,0.0,0.0,0.0,88.22799999998585,70,255,0,0
87.2000000000011,35.7255234674,51.274838522399996,1370.0,-1.2205500013351411e-05,-6.819300006100093e-05,0.0,-1.1368683772161603e-12,1.1368683772161603e-12,0.0,87.58399999998588,70,255,0,0
87.2500000000011,35.725522857125,51.27483511275,1370.0,-1.220550007019483e-05,-6.819299994731409e-05,0.0,5.684341886080801e-13,1.1368683772161603e-12,0.0,86.93999999998593,70,255,0,0
87.30000000000109,35.72552224685,51.2748317031,1370.0,-1.2205499956507992e-05,-6.819299994731409e-05,0.0,5.684342021606073e-13,-1.1368683772161603e-12,0.0,86.29599999998595,70,255,0,0
87.3500000000011,35.725521636575,51.27482829345,1370.0,-1.2205500013351411e-05,-6.819300006100093e-05,0.0,-1.1368683907686875e-12,0.0,0.0,85.6519999999858,70,255,0,0
87.4000000000011,35.7255210263,51.2748248838,1370.0,-1.220550007019483e-05,-6.819299994731409e-05,0.0,5.684341886080801e-13,1.1368683772161603e-12,0.0,85.00799999998586,70,255,0,0
87.4500000000011,35.725520416025,51.27482147415,1370.0,-1.2205499956507992e-05,-6.819299994731409e-05,0.0,5.684342021606073e-13,-1.1368683772161603e-12,0.0,84.36399999998588,70,255,0,0
87.50000000000111,35.725519805750004,51.274818064499996,1370.0,-1.2205500013351411e-05,-6.819300006100093e-05,0.0,-1.1368683907686875e-12,-1.1368683772161603e-12,0.0,83.71999999998573,70,255,0,0
87.5500000000011,35.725519195475,51.27481465485,1370.0,-1.220550007019483e-05,-6.819300006100093e-05,0.0,5.684341886080801e-13,1.1368683772161603e-12,0.0,83.07599999998578,70,255,0,0
87.6000000000011,35.7255185852,51.2748112452,1370.0,-1.2205499956507992e-05,-6.819299994731409e-05,0.0,1.1368683772161603e-12,1.1368683772161603e-12,0.0,82.4319999999858,70,255,0,0
87.6500000000011,35.725517974925005,51.27480783555,1370.0,-1.2205499956507992e-05,-6.819299994731409e-05,0.0,-5.684341886080801e-13,0.0,0.0,81.78799999998586,70,255,0,0
87.7000000000011,35.72551736465,51.2748044259,1370.0,-1.2205500013351411e-05,-6.819299994731409e-05,0.0,-1.1368683636636331e-12,-1.1368683772161603e-12,0.0,81.14399999998588,70,255,0,0
87.75000000000111,35.725516754375,51.27480101625,1370.0,-1.220550007019483e-05,-6.819300006100093e-05,0.0,5.68434175055553e-13,0.0,0.0,80.49999999998573,70,255,0,0
87.8000000000011,35.7255161441,51.274797606599996,1370.0,-1.2205499956507992e-05,-6.819299994731409e-05,0.0,1.7053025658242404e-12,1.1368683772161603e-12,0.0,79.85599999998578,70,255,0,0
87.8500000000011,35.725515533825,51.27479419695,1370.0,-1.2205499899664574e-05,-6.819299994731409e-05,0.0,-1.1368683636636331e-12,-1.1368683772161603e-12,0.0,79.2119999999858,70,255,0,0
87.90000000000111,35.72551492355,51.2747907873,1370.0,-1.220550007019483e-05,-6.819300006100093e-05,0.0,-5.684342021606073e-13,0.0,0.0,78.56799999998566,70,255,0,0
87.95000000000111,35.725514313275,51.27478737765,1370.0,-1.2205499956507992e-05,-6.819299994731409e-05,0.0,1.1368683772161603e-12,1.1368683772161603e-12,0.0,77.92399999998571,70,255,0,0
88.00000000000111,35.725513703000004,51.274783968,1370.0,-1.2205499956507992e-05,-6.819299994731409e-05,0.0,-1.1368683772161603e-12,-1.1368683772161603e-12,0.0,77.27999999998573,70,255,0,0
88.0500000000011,35.725513092725,51.27478055835,1370.0,-1.220550007019483e-05,-6.819300006100093e-05,0.0,-5.684341886080801e-13,-1.1368683772161603e-12,0.0,76.63599999998578,70,255,0,0
88.1000000000011,35.72551248245,51.2747771487,1370.0,-1.2205500013351411e-05,-6.819300006100093e-05,0.0,5.684342021606073e-13,1.1368683772161603e-12,0.0,75.99199999998581,70,255,0,0
88.15000000000111,35.725511872175,51.27477373905,1370.0,-1.2205500013351411e-05,-6.819299994731409e-05,0.0,-1.3552527156068805e-20,1.1368683772161603e-12,0.0,75.34799999998566,70,255,0,0
88.20000000000111,35.7255112619,51.2747703294,1370.0,-1.2205500013351411e-05,-6.819299994731409e-05,0.0,0.0,0.0,0.0,74.70399999998571,70,255,0,0
88.25000000000111,35.725510651625,51.27476691975,1370.0,-1.2205500013351411e-05,-6.819299994731409e-05,0.0,1.3552527156068805e-20,-1.1368683772161603e-12,0.0,74.05999999998573,70,255,0,0
88.30000000000112,35.72551004135,51.2747635101,1370.0,-1.2205500013351411e-05,-6.819300006100093e-05,0.0,-1.3552527156068805e-20,-1.1368683772161603e-12,0.0,73.41599999998559,70,255,0,0
88.35000000000112,35.725509431075004,51.274760100449996,1370.0,-1.2205500013351411e-05,-6.819300006100093e-05,0.0,0.0,1.1368683772161603e-12,0.0,72.77199999998564,70,255,0,0
88.40000000000111,35.7255088208,51.2747566908,1370.0,-1.2205500013351411e-05,-6.819299994731409e-05,0.0,5.684341886080801e-13,1.1368683772161603e-12,0.0,72.12799999998566,70,255,0,0
88.45000000000111,35.725508210525,51.27475328115,1370.0,-1.2205499956507992e-05,-6.819299994731409e-05,0.0,5.684341886080801e-13,0.0,0.0,71.48399999998568,70,255,0,0
88.50000000000111,35.725507600250005,51.2747498715,1370.0,-1.2205499956507992e-05,-6.819299994731409e-05,0.0,-1.1368683636636331e-12,0.0,0.0,70.83999999998574,70,255,0,0
88.55000000000112,35.725506989975,51.27474646185,1370.0,-1.220550007019483e-05,-6.819299994731409e-05,0.0,-5.684342021606073e-13,-1.1368683772161603e-12,0.0,70.19599999998559,70,255,0,0
88.60000000000112,35.7255063797,51.2747430522,1370.0,-1.2205500013351411e-05,-6.819300006100093e-05,0.0,1.1368683772161603e-12,-1.1368683772161603e-12,0.0,69.55199999998561,70,255,0,0
88.65000000000111,35.725505769425,51.274739642549996,1370.0,-1.2205499956507992e-05,-6.819300006100093e-05,0.0,5.684342021606073e-13,0.0,0.0,68.90799999998566,70,255,0,0
88.70000000000113,35.72550515915,51.2747362329,1370.0,-1.2205499956507992e-05,-6.819300006100093e-05,0.0,-5.684342021606073e-13,1.1368683772161603e-12,0.0,68.26399999998551,70,255,0,0
88.75000000000112,35.725504548875,51.27473282325,1370.0,-1.2205500013351411e-05,-6.819299994731409e-05,0.0,-5.684341886080801e-13,1.1368683772161603e-12,0.0,67.61999999998554,70,255,0,0
88.80000000000112,35.7255039386,51.2747294136,1370.0,-1.2205500013351411e-05,-6.819299994731409e-05,0.0,5.684341886080801e-13,0.0,0.0,66.97599999998559,70,255,0,0
88.85000000000112,35.725503328325004,51.27472600395,1370.0,-1.2205499956507992e-05,-6.819299994731409e-05,0.0,0.0,0.0,0.0,66.33199999998561,70,255,0,0
88.90000000000111,35.72550271805,51.2747225943,1370.0,-1.2205500013351411e-05,-6.819299994731409e-05,0.0,-1.1368683636636331e-12,-1.1368683772161603e-12,0.0,65.68799999998566,70,255,0,0
88.95000000000113,35.725502107775,51.274719184649996,1370.0,-1.220550007019483e-05,-6.819300006100093e-05,0.0,5.68434175055553e-13,0.0,0.0,65.04399999998552,70,255,0,0
89.00000000000112,35.7255014975,51.274715775,1370.0,-1.2205499956507992e-05,-6.819299994731409e-05,0.0,1.1368683772161603e-12,1.1368683772161603e-12,0.0,64.39999999998554,70,255,0,0
89.05000000000112,35.725500887225,51.27471236535,1370.0,-1.2205499956507992e-05,-6.819299994731409e-05,0.0,-1.1368683636636331e-12,0.0,0.0,63.75599999998559,70,255,0,0
89.10000000000113,35.72550027695,51.2747089557,1370.0,-1.220550007019483e-05,-6.819299994731409e-05,0.0,-1.3552527156068805e-20,0.0,0.0,63.11199999998544,70,255,0,0
89.15000000000113,35.725499666675,51.27470554605,1370.0,-1.2205499956507992e-05,-6.819299994731409e-05,0.0,1.1368683772161603e-12,-1.1368683772161603e-12,0.0,62.467999999985466,70,255,0,0
89.20000000000113,35.725499056400004,51.2747021364,1370.0,-1.2205499956507992e-05,-6.819300006100093e-05,0.0,-1.1368683772161603e-12,-1.1368683772161603e-12,0.0,61.82399999998552,70,255,0,0
89.25000000000112,35.725498446125,51.274698726749996,1370.0,-1.220550007019483e-05,-6.819300006100093e-05,0.0,0.0,1.1368683772161603e-12,0.0,61.17999999998554,70,255,0,0
89.30000000000112,35.72549783585,51.2746953171,1370.0,-1.2205499956507992e-05,-6.819299994731409e-05,0.0,5.684342021606073e-13,0.0,0.0,60.53599999998559,70,255,0,0
89.35000000000113,35.725497225575005,51.27469190745,1370.0,-1.2205500013351411e-05,-6.819300006100093e-05,0.0,-1.1368683907686875e-12,-1.1368683772161603e-12,0.0,59.891999999985444,70,255,0,0
89.40000000000113,35.7254966153,51.2746884978,1370.0,-1.220550007019483e-05,-6.819300006100093e-05,0.0,0.0,1.1368683772161603e-12,0.0,59.24799999998547,70,255,0,0
89.45000000000113,35.725496005025,51.27468508815,1370.0,-1.2205500013351411e-05,-6.819299994731409e-05,0.0,5.684342021606073e-13,0.0,0.0,58.60399999998552,70,255,0,0
89.50000000000114,35.72549539475,51.2746816785,1370.0,-1.2205500013351411e-05,-6.819300006100093e-05,0.0,5.68434175055553e-13,-1.1368683772161603e-12,0.0,57.95999999998537,70,255,0,0
89.55000000000113,35.725494784475,51.274678268849996,1370.0,-1.2205499956507992e-05,-6.819300006100093e-05,0.0,-5.684341886080801e-13,0.0,0.0,57.315999999985394,70,255,0,0
89.60000000000113,35.7254941742,51.2746748592,1370.0,-1.220550007019483e-05,-6.819300006100093e-05,0.0,0.0,1.1368683772161603e-12,0.0,56.671999999985445,70,255,0,0
89.65000000000113,35.725493563925,51.27467144955,1370.0,-1.2205499956507992e-05,-6.819299994731409e-05,0.0,1.7053025658242404e-12,1.1368683772161603e-12,0.0,56.02799999998547,70,255,0,0
89.70000000000113,35.725492953650004,51.2746680399,1370.0,-1.2205499899664574e-05,-6.819299994731409e-05,0.0,-1.1368683636636331e-12,-1.1368683772161603e-12,0.0,55.38399999998552,70,255,0,0
89.75000000000114,35.725492343375,51.27466463025,1370.0,-1.220550007019483e-05,-6.819300006100093e-05,0.0,-5.684342021606073e-13,-1.1368683772161603e-12,0.0,54.73999999998537,70,255,0,0
89.80000000000113,35.7254917331,51.274661220599995,1370.0,-1.2205499956507992e-05,-6.819300006100093e-05,0.0,1.7053025658242404e-12,1.1368683772161603e-12,0.0,54.095999999985395,70,255,0,0
89.85000000000113,35.725491122825005,51.274657810949996,1370.0,-1.2205499899664574e-05,-6.819299994731409e-05,0.0,-1.1368683636636331e-12,1.1368683772161603e-12,0.0,53.451999999985446,70,255,0,0
89.90000000000114,35.72549051255,51.2746544013,1370.0,-1.220550007019483e-05,-6.819299994731409e-05,0.0,-1.1368683907686875e-12,-1.1368683772161603e-12,0.0,52.8079999999853,70,255,0,0
89.95000000000114,35.725489902275,51.27465099165,1370.0,-1.2205500013351411e-05,-6.819300006100093e-05,0.0,1.1368683772161603e-12,0.0,0.0,52.16399999998532,70,255,0,0
90.00000000000114,35.725489292,51.274647582,1370.0,-1.2205499956507992e-05,-6.819299994731409e-05,0.0,0.0,0.0,0.0,51.51999999998537,70,255,0,0
90.05000000000113,35.725488681725004,51.27464417235,1370.0,-1.2205500013351411e-05,-6.819300006100093e-05,0.0,-5.684341886080801e-13,-1.1368683772161603e-12,0.0,50.875999999985396,70,255,0,0
90.10000000000113,35.72548807145,51.274640762699995,1370.0,-1.2205500013351411e-05,-6.819300006100093e-05,0.0,1.3552527156068805e-20,0.0,0.0,50.23199999998545,70,255,0,0
90.15000000000114,35.725487461175,51.27463735305,1370.0,-1.2205500013351411e-05,-6.819300006100093e-05,0.0,-1.3552527156068805e-20,1.1368683772161603e-12,0.0,49.5879999999853,70,255,0,0
90.20000000000114,35.725486850900005,51.2746339434,1370.0,-1.2205500013351411e-05,-6.819299994731409e-05,0.0,0.0,1.1368683772161603e-12,0.0,48.94399999998532,70,255,0,0
90.25000000000114,35.725486240625,51.27463053375,1370.0,-1.2205500013351411e-05,-6.819299994731409e-05,0.0,-5.68434175055553e-13,-1.1368683772161603e-12,0.0,48.299999999985374,70,255,0,0
90.30000000000115,35.72548563035,51.2746271241,1370.0,-1.220550007019483e-05,-6.819300006100093e-05,0.0,-1.3552527156068805e-20,-1.1368683772161603e-12,0.0,47.65599999998523,70,255,0,0
90.35000000000115,35.725485020075,51.27462371445,1370.0,-1.2205500013351411e-05,-6.819300006100093e-05,0.0,1.1368683772161603e-12,0.0,0.0,47.01199999998525,70,255,0,0
90.40000000000114,35.7254844098,51.274620304799996,1370.0,-1.2205499956507992e-05,-6.819300006100093e-05,0.0,0.0,1.1368683772161603e-12,0.0,46.3679999999853,70,255,0,0
90.45000000000114,35.725483799525,51.27461689515,1370.0,-1.2205500013351411e-05,-6.819299994731409e-05,0.0,0.0,1.1368683772161603e-12,0.0,45.723999999985324,70,255,0,0
90.50000000000114,35.72548318925,51.2746134855,1370.0,-1.2205499956507992e-05,-6.819299994731409e-05,0.0,5.684342021606073e-13,0.0,0.0,45.079999999985375,70,255,0,0
90.55000000000115,35.725482578975004,51.27461007585,1370.0,-1.2205499956507992e-05,-6.819299994731409e-05,0.0,-5.684342021606073e-13,0.0,0.0,44.43599999998523,70,255,0,0
90.60000000000115,35.7254819687,51.2746066662,1370.0,-1.2205500013351411e-05,-6.819299994731409e-05,0.0,0.0,-1.1368683772161603e-12,0.0,43.79199999998525,70,255,0,0
90.65000000000114,35.725481358425,51.27460325655,1370.0,-1.2205499956507992e-05,-6.819300006100093e-05,0.0,5.684342021606073e-13,-1.1368683772161603e-12,0.0,43.1479999999853,70,255,0,0
90.70000000000115,35.725480748150005,51.274599846899996,1370.0,-1.2205499956507992e-05,-6.819300006100093e-05,0.0,-5.684342021606073e-13,0.0,0.0,42.503999999985155,70,255,0,0
90.75000000000115,35.725480137875,51.27459643725,1370.0,-1.2205500013351411e-05,-6.819300006100093e-05,0.0,-1.1368683772161603e-12,1.1368683772161603e-12,0.0,41.85999999998518,70,255,0,0
90.80000000000115,35.7254795276,51.2745930276,1370.0,-1.220550007019483e-05,-6.819299994731409e-05,0.0,5.684341886080801e-13,1.1368683772161603e-12,0.0,41.21599999998523,70,255,0,0
90.85000000000115,35.725478917325,51.27458961795,1370.0,-1.2205499956507992e-05,-6.819299994731409e-05,0.0,1.1368683772161603e-12,0.0,0.0,40.57199999998525,70,255,0,0
90.90000000000114,35.725478307050004,51.2745862083,1370.0,-1.2205499956507992e-05,-6.819299994731409e-05,0.0,-1.1368683636636331e-12,-1.1368683772161603e-12,0.0,39.9279999999853,70,255,0,0
90.95000000000115,35.725477696775,51.27458279865,1370.0,-1.220550007019483e-05,-6.819300006100093e-05,0.0,-1.3552527156068805e-20,-1.1368683772161603e-12,0.0,39.283999999985156,70,255,0,0
91.00000000000115,35.7254770865,51.274579388999996,1370.0,-1.2205499956507992e-05,-6.819300006100093e-05,0.0,1.1368683772161603e-12,1.1368683772161603e-12,0.0,38.63999999998518,70,255,0,0
91.05000000000115,35.725476476225005,51.27457597935,1370.0,-1.2205499956507992e-05,-6.819299994731409e-05,0.0,-1.1368683636636331e-12,0.0,0.0,37.99599999998523,70,255,0,0
91.10000000000116,35.72547586595,51.2745725697,1370.0,-1.220550007019483e-05,-6.819300006100093e-05,0.0,-1.1368683907686875e-12,0.0,0.0,37.35199999998508,70,255,0,0
91.15000000000116,35.725475255675,51.27456916005,1370.0,-1.220550007019483e-05,-6.819299994731409e-05,0.0,1.1368683772161603e-12,1.1368683772161603e-12,0.0,36.707999999985105,70,255,0,0
91.20000000000115,35.7254746454,51.2745657504,1370.0,-1.2205499956507992e-05,-6.819299994731409e-05,0.0,1.1368683772161603e-12,-1.1368683772161603e-12,0.0,36.06399999998516,70,255,0,0
91.25000000000115,35.725474035125,51.274562340749995,1370.0,-1.2205499956507992e-05,-6.819300006100093e-05,0.0,-5.684341886080801e-13,0.0,0.0,35.41999999998518,70,255,0,0
91.30000000000115,35.72547342485,51.274558931099996,1370.0,-1.2205500013351411e-05,-6.819299994731409e-05,0.0,-5.68434175055553e-13,1.1368683772161603e-12,0.0,34.77599999998523,70,255,0,0
91.35000000000116,35.725472814575,51.27455552145,1370.0,-1.2205500013351411e-05,-6.819299994731409e-05,0.0,5.68434175055553e-13,0.0,0.0,34.131999999985084,70,255,0,0
91.40000000000116,35.725472204300004,51.2745521118,1370.0,-1.2205499956507992e-05,-6.819299994731409e-05,0.0,0.0,0.0,0.0,33.48799999998511,70,255,0,0
91.45000000000115,35.725471594025,51.27454870215,1370.0,-1.2205500013351411e-05,-6.819299994731409e-05,0.0,-5.68434175055553e-13,-1.1368683772161603e-12,0.0,32.84399999998516,70,255,0,0
91.50000000000117,35.72547098375,51.2745452925,1370.0,-1.2205500013351411e-05,-6.819300006100093e-05,0.0,5.68434175055553e-13,0.0,0.0,32.19999999998501,70,255,0,0
91.55000000000116,35.725470373475005,51.274541882849995,1370.0,-1.2205499956507992e-05,-6.819299994731409e-05,0.0,-5.684341886080801e-13,1.1368683772161603e-12,0.0,31.555999999985033,70,255,0,0
91.60000000000116,35.7254697632,51.274538473199996,1370.0,-1.220550007019483e-05,-6.819299994731409e-05,0.0,-5.684341886080801e-13,-1.1368683772161603e-12,0.0,30.911999999985085,70,255,0,0
91.65000000000116,35.725469152925,51.27453506355,1370.0,-1.2205500013351411e-05,-6.819300006100093e-05,0.0,1.7053025658242404e-12,0.0,0.0,30.267999999985108,70,255,0,0
91.70000000000115,35.72546854265,51.2745316539,1370.0,-1.2205499899664574e-05,-6.819299994731409e-05,0.0,1.3552527156068805e-20,0.0,0.0,29.62399999998516,70,255,0,0
91.75000000000117,35.725467932375004,51.27452824425,1370.0,-1.2205500013351411e-05,-6.819300006100093e-05,0.0,-1.1368683907686875e-12,-1.1368683772161603e-12,0.0,28.97999999998501,70,255,0,0
91.80000000000116,35.7254673221,51.2745248346,1370.0,-1.2205500013351411e-05,-6.819300006100093e-05,0.0,1.1368683772161603e-12,0.0,0.0,28.335999999985034,70,255,0,0
91.85000000000116,35.725466711825,51.274521424949995,1370.0,-1.2205499899664574e-05,-6.819300006100093e-05,0.0,1.3552527156068805e-20,1.1368683772161603e-12,0.0,27.691999999985086,70,255,0,0
91.90000000000117,35.725466101550005,51.274518015299996,1370.0,-1.2205500013351411e-05,-6.819299994731409e-05,0.0,-1.1368683907686875e-12,1.1368683772161603e-12,0.0,27.04799999998494,70,255,0,0
91.95000000000117,35.725465491275,51.27451460565,1370.0,-1.2205500013351411e-05,-6.819299994731409e-05,0.0,0.0,-1.1368683772161603e-12,0.0,26.40399999998496,70,255,0,0
92.00000000000117,35.725464881,51.274511196,1370.0,-1.2205500013351411e-05,-6.819300006100093e-05,0.0,0.0,0.0,0.0,25.759999999985013,70,255,0,0
92.05000000000116,35.725464270725,51.27450778635,1370.0,-1.2205500013351411e-05,-6.819299994731409e-05,0.0,5.684341886080801e-13,1.1368683772161603e-12,0.0,25.115999999985036,70,255,0,0
92.10000000000116,35.72546366045,51.2745043767,1370.0,-1.2205499956507992e-05,-6.819299994731409e-05,0.0,-5.68434175055553e-13,-1.1368683772161603e-12,0.0,24.471999999985087,70,255,0,0
92.15000000000117,35.725463050175,51.274500967049995,1370.0,-1.220550007019483e-05,-6.819300006100093e-05,0.0,-5.684342021606073e-13,0.0,0.0,23.82799999998494,70,255,0,0
92.20000000000117,35.7254624399,51.2744975574,1370.0,-1.2205500013351411e-05,-6.819299994731409e-05,0.0,1.1368683772161603e-12,1.1368683772161603e-12,0.0,23.183999999984962,70,255,0,0
92.25000000000117,35.725461829625004,51.27449414775,1370.0,-1.2205499956507992e-05,-6.819299994731409e-05,0.0,-5.68434175055553e-13,0.0,0.0,22.539999999984985,70,255,0,0
92.30000000000118,35.72546121935,51.2744907381,1370.0,-1.220550007019483e-05,-6.819299994731409e-05,0.0,-5.684342021606073e-13,-1.1368683772161603e-12,0.0,21.895999999984866,70,255,0,0
92.35000000000117,35.725460609075,51.27448732845,1370.0,-1.2205500013351411e-05,-6.819300006100093e-05,0.0,1.1368683772161603e-12,-1.1368683772161603e-12,0.0,21.25199999998489,70,255,0,0
92.40000000000117,35.725459998800005,51.2744839188,1370.0,-1.2205499956507992e-05,-6.819300006100093e-05,0.0,0.0,0.0,0.0,20.607999999984912,70,255,0,0
92.45000000000117,35.725459388525,51.274480509149996,1370.0,-1.2205500013351411e-05,-6.819300006100093e-05,0.0,-5.684341886080801e-13,1.1368683772161603e-12,0.0,19.963999999984964,70,255,0,0
92.50000000000117,35.72545877825,51.2744770995,1370.0,-1.2205500013351411e-05,-6.819299994731409e-05,0.0,5.684342021606073e-13,0.0,0.0,19.319999999984987,70,255,0,0
92.55000000000118,35.725458167975,51.27447368985,1370.0,-1.2205499956507992e-05,-6.819300006100093e-05,0.0,5.68434175055553e-13,0.0,0.0,18.67599999998484,70,255,0,0
92.60000000000117,35.725457557700004,51.2744702802,1370.0,-1.2205499956507992e-05,-6.819299994731409e-05,0.0,-5.684341886080801e-13,1.1368683772161603e-12,0.0,18.03199999998489,70,255,0,0
92.65000000000117,35.725456947425,51.27446687055,1370.0,-1.2205500013351411e-05,-6.819299994731409e-05,0.0,1.3552527156068805e-20,-1.1368683772161603e-12,0.0,17.387999999984913,70,255,0,0
92.70000000000118,35.72545633715,51.274463460899995,1370.0,-1.2205499956507992e-05,-6.819300006100093e-05,0.0,5.68434175055553e-13,0.0,0.0,16.743999999984766,70,255,0,0
92.75000000000118,35.725455726875005,51.274460051249996,1370.0,-1.2205499956507992e-05,-6.819299994731409e-05,0.0,-1.1368683772161603e-12,0.0,0.0,16.099999999984817,70,255,0,0
92.80000000000118,35.7254551166,51.2744566416,1370.0,-1.220550007019483e-05,-6.819300006100093e-05,0.0,0.0,0.0,0.0,15.45599999998484,70,255,0,0
92.85000000000117,35.725454506325,51.27445323195,1370.0,-1.2205499956507992e-05,-6.819299994731409e-05,0.0,1.1368683772161603e-12,1.1368683772161603e-12,0.0,14.811999999984891,70,255,0,0
92.90000000000117,35.725453896050006,51.2744498223,1370.0,-1.2205499956507992e-05,-6.819299994731409e-05,0.0,-1.1368683636636331e-12,-1.1368683772161603e-12,0.0,14.167999999984914,70,255,0,0
92.95000000000118,35.725453285775004,51.27444641265,1370.0,-1.220550007019483e-05,-6.819300006100093e-05,0.0,-1.1368683907686875e-12,-1.1368683772161603e-12,0.0,13.523999999984767,70,255,0,0
93.00000000000118,35.7254526755,51.274443002999995,1370.0,-1.220550007019483e-05,-6.819300006100093e-05,0.0,1.1368683772161603e-12,1.1368683772161603e-12,0.0,12.879999999984818,70,255,0,0
93.05000000000118,35.725452065225,51.274439593349996,1370.0,-1.2205499956507992e-05,-6.819299994731409e-05,0.0,5.684342021606073e-13,0.0,0.0,12.235999999984841,70,255,0,0
93.10000000000119,35.725451454950004,51.2744361837,1370.0,-1.2205500013351411e-05,-6.819300006100093e-05,0.0,-1.1368683907686875e-12,-1.1368683772161603e-12,0.0,11.591999999984694,70,255,0,0
93.15000000000119,35.725450844675,51.27443277405,1370.0,-1.220550007019483e-05,-6.819300006100093e-05,0.0,5.684341886080801e-13,1.1368683772161603e-12,0.0,10.947999999984745,70,255,0,0
93.20000000000118,35.7254502344,51.2744293644,1370.0,-1.2205499956507992e-05,-6.819299994731409e-05,0.0,1.1368683772161603e-12,1.1368683772161603e-12,0.0,10.303999999984768,70,255,0,0
93.25000000000118,35.725449624125005,51.27442595475,1370.0,-1.2205499956507992e-05,-6.819299994731409e-05,0.0,-5.684341886080801e-13,-1.1368683772161603e-12,0.0,9.65999999998482,70,255,0,0
93.30000000000118,35.72544901385,51.274422545099995,1370.0,-1.2205500013351411e-05,-6.819300006100093e-05,0.0,-1.1368683636636331e-12,-1.1368683772161603e-12,0.0,9.015999999984842,70,255,0,0
93.35000000000119,35.725448403575,51.274419135449996,1370.0,-1.220550007019483e-05,-6.819300006100093e-05,0.0,5.68434175055553e-13,1.1368683772161603e-12,0.0,8.371999999984695,70,255,0,0
93.40000000000119,35.7254477933,51.2744157258,1370.0,-1.2205499956507992e-05,-6.819299994731409e-05,0.0,1.1368683772161603e-12,1.1368683772161603e-12,0.0,7.727999999984746,70,255,0,0
93.45000000000118,35.725447183025004,51.27441231615,1370.0,-1.2205499956507992e-05,-6.819299994731409e-05,0.0,-1.1368683636636331e-12,-1.1368683772161603e-12,0.0,7.083999999984769,70,255,0,0
93.5000000000012,35.72544657275,51.2744089065,1370.0,-1.220550007019483e-05,-6.819300006100093e-05,0.0,-1.3552527156068805e-20,-1.1368683772161603e-12,0.0,6.439999999984622,70,255,0,0
93.55000000000119,35.725445962475,51.27440549685,1370.0,-1.2205499956507992e-05,-6.819300006100093e-05,0.0,5.684341886080801e-13,1.1368683772161603e-12,0.0,5.795999999984673,70,255,0,0
93.60000000000119,35.725445352200005,51.274402087199995,1370.0,-1.2205500013351411e-05,-6.819299994731409e-05,0.0,-5.684341886080801e-13,1.1368683772161603e-12,0.0,5.151999999984696,70,255,0,0
93.65000000000119,35.725444741925,51.274398677549996,1370.0,-1.2205500013351411e-05,-6.819299994731409e-05,0.0,1.1368683772161603e-12,0.0,0.0,4.507999999984747,70,255,0,0
93.70000000000118,35.72544413165,51.2743952679,1370.0,-1.2205499899664574e-05,-6.819299994731409e-05,0.0,1.3552527156068805e-20,0.0,0.0,3.8639999999847703,70,255,0,0
93.7500000000012,35.725443521375006,51.27439185825,1370.0,-1.2205500013351411e-05,-6.819299994731409e-05,0.0,-1.1368683907686875e-12,0.0,0.0,3.2199999999846227,70,255,0,0
93.80000000000119,35.725442911100004,51.2743884486,1370.0,-1.2205500013351411e-05,-6.819299994731409e-05,0.0,0.0,-1.1368683772161603e-12,0.0,2.575999999984674,70,255,0,0
93.85000000000119,35.725442300825,51.27438503895,1370.0,-1.2205500013351411e-05,-6.819300006100093e-05,0.0,1.3552527156068805e-20,-1.1368683772161603e-12,0.0,1.931999999984697,70,255,0,0
93.9000000000012,35.72544169055,51.274381629299995,1370.0,-1.2205500013351411e-05,-6.819300006100093e-05,0.0,5.68434175055553e-13,1.1368683772161603e-12,0.0,1.2879999999845495,70,255,0,0
93.9500000000012,35.725441080275004,51.274378219649996,1370.0,-1.2205499956507992e-05,-6.819299994731409e-05,0.0,0.000122055000137892,0.0006819300006344689,0.0,0.6439999999846009,70,255,0,0
94.0,35.72544047,51.27437481,1370.0,0.0,0.0,0.0,5.827939710180006e-15,3.256111537957504e-14,0.0,0.0,70,255,0,0
94.0000000000012,35.72544047,51.27437481,1370.0,0.0,0.0,0.0,0.0,0.0,0.0,0.0,70,255,0,0
